dataset_id,tile_r,tile_c,tile_h,tile_w,channels
2024-02-06_13h58m18s,0,0,256,256,64
2023-09-19_16h37m01s,256,0,256,256,28
2023-09-19_16h37m01s,512,0,256,256,64
2023-09-19_16h37m01s,0,0,256,256,64
2023-10-05_15h23m33s,0,0,256,256,64
2024-02-28_03h45m28s,0,0,256,256,64
2024-02-28_03h45m28s,0,256,256,256,64
2024-02-28_03h45m28s,0,512,256,256,64
2023-06-02_10h47m47s,0,0,256,256,64
2023-06-02_10h47m47s,256,0,256,256,64
2023-09-13_17h11m57s,0,0,256,256,50
2023-09-13_17h11m57s,0,256,256,256,44
2023-09-13_17h11m57s,256,0,256,256,53
2023-09-13_17h11m57s,256,256,256,256,42
2023-06-21_13h21m40s,0,0,256,256,64
2023-06-21_13h21m40s,0,256,256,256,64
2023-06-21_13h21m40s,0,512,256,256,64
2023-12-05_15h03m50s,0,0,256,256,35
2023-12-05_15h03m50s,0,256,256,256,39
2023-12-05_15h03m50s,256,0,256,256,39
2023-12-05_15h03m50s,256,256,256,256,39
2024-06-12_15h32m57s,0,0,256,256,64
2024-06-12_15h33m53s,0,0,256,256,17
2023-11-16_11h30m42s,0,0,256,256,37
2023-06-20_13h44m18s,0,0,256,256,64
2023-06-20_13h44m18s,0,256,256,256,64
2023-06-20_13h44m18s,0,512,256,256,59
2024-06-12_15h51m12s,0,0,256,256,21
2023-10-25_16h42m47s,0,0,256,256,35
2024-06-12_15h27m25s,0,0,256,256,25
2022-05-06_18h26m06s,0,0,256,256,28
2022-05-06_18h26m06s,0,256,256,256,28
2024-06-12_15h41m27s,0,0,256,256,35
2023-08-18_15h39m28s,0,0,256,256,64
2022-10-18_13h46m45s,0,0,256,256,64
2022-10-18_14h44m19s,0,0,256,256,64
2022-07-11_17h11m07s,0,512,256,256,64
2022-07-11_17h11m07s,0,768,256,256,64
2023-08-22_00h23m31s,0,0,256,256,64
2024-09-19_00h01m48s,0,0,256,256,18
2024-12-08_23h19m43s,0,0,256,256,64
2022-01-31_09h30m29s,0,0,256,256,29
2021-09-17_22h36m14s,0,0,256,256,64
2021-09-17_22h36m14s,0,256,256,256,64
2022-01-31_08h54m51s,0,0,256,256,64
2024-02-02_00h29m28s,0,0,256,256,23
2024-02-15_20h25m33s,0,0,256,256,24
2022-10-07_08h27m08s,0,0,256,256,42
2023-06-07_10h57m44s,0,0,256,256,64
2022-05-30_20h04m48s,0,0,256,256,64
2022-01-31_09h18m06s,0,0,256,256,33
2024-05-31_22h29m10s,0,0,256,256,64
2023-10-09_12h20m59s,0,0,256,256,64
2023-07-07_04h50m52s,0,0,256,256,64
2022-01-31_09h08m54s,0,0,256,256,64
2023-04-21_13h44m01s,0,0,256,256,33
2024-11-28_15h40m16s,0,0,256,256,64
2024-11-28_15h40m16s,256,0,256,256,64
2023-03-13_10h22m33s,0,0,256,256,14
2023-03-13_10h22m33s,0,256,256,256,14
2023-03-13_10h22m33s,256,0,256,256,15
2023-03-13_10h22m33s,256,256,256,256,14
2024-05-31_22h39m50s,0,0,256,256,64
2023-07-12_00h00m38s,0,0,256,256,45
2022-01-12_10h42m57s,0,0,256,256,64
2022-01-12_10h42m57s,0,256,256,256,64
2022-02-28_12h37m31s,0,0,256,256,64
2023-06-05_15h17m28s,0,0,256,256,64
2023-06-05_11h45m44s,0,0,256,256,64
2022-08-16_10h14m23s,0,0,256,256,64
2023-12-05_15h15m49s,0,0,256,256,64
2023-12-07_14h49m31s,0,0,256,256,64
2022-07-11_15h54m19s,0,0,256,256,64
2022-07-11_15h54m19s,0,256,256,256,64
2023-10-25_22h45m02s,0,0,256,256,64
2023-07-05_22h26m29s,0,0,256,256,64
2023-09-20_10h59m53s,0,0,256,256,64
2024-07-05_10h17m06s,0,0,256,256,21
2022-02-22_11h06m11s,0,0,256,256,64
2024-11-21_15h40m02s,0,0,256,256,64
2023-07-07_04h43m03s,256,0,256,256,64
2023-06-19_10h46m24s,0,0,256,256,64
2023-06-19_10h46m24s,256,0,256,256,64
2022-02-14_11h58m38s,0,0,256,256,64
2022-02-14_11h58m38s,256,0,256,256,64
2022-02-14_11h58m38s,256,256,256,256,64
2022-02-14_11h58m38s,512,0,256,256,64
2022-02-14_11h58m38s,512,256,256,256,64
2023-11-02_21h49m26s,0,0,256,256,64
2024-07-25_01h59m23s,0,0,256,256,64
2024-07-18_19h17m30s,0,0,256,256,64
2022-01-31_09h44m30s,0,0,256,256,18
2023-09-05_17h06m14s,0,0,256,256,64
2024-06-12_23h33m36s,0,0,256,256,64
2022-05-17_15h40m15s,0,256,256,256,64
2022-05-17_15h40m15s,0,512,256,256,64
2022-05-17_15h40m15s,0,768,256,256,64
2022-05-17_15h40m15s,0,1024,256,256,64
2022-05-17_15h40m15s,256,0,256,256,64
2022-05-17_15h40m15s,256,256,256,256,64
2022-05-17_15h40m15s,256,512,256,256,64
2022-05-17_15h40m15s,256,768,256,256,64
2022-05-17_15h40m15s,256,1024,256,256,64
2022-05-17_15h40m15s,512,0,256,256,64
2022-05-17_15h40m15s,512,256,256,256,64
2022-05-17_15h40m15s,512,512,256,256,64
2022-05-17_15h40m15s,512,768,256,256,64
2022-05-17_15h40m15s,512,1024,256,256,64
2023-10-09_14h49m10s,0,0,256,256,64
2023-02-10_11h47m46s,0,0,256,256,64
2022-03-08_16h44m33s,0,0,256,256,64
2022-03-08_16h44m33s,256,0,256,256,64
2022-03-04_11h13m43s,0,0,256,256,64
2022-03-04_11h13m43s,256,0,256,256,64
2024-02-15_20h26m38s,0,0,256,256,15
2023-10-02_17h16m22s,0,0,256,256,64
2023-10-02_17h16m22s,0,256,256,256,64
2023-10-02_17h16m22s,256,0,256,256,64
2023-10-02_17h16m22s,256,256,256,256,64
2023-10-02_17h16m22s,512,0,256,256,64
2023-10-02_17h16m22s,512,256,256,256,64
2023-08-10_00h34m44s,0,0,256,256,9
2023-03-20_17h36m39s,0,0,256,256,11
2023-03-20_17h36m39s,0,256,256,256,11
2023-03-08_20h21m57s,0,0,256,256,24
2023-03-09_18h28m41s,0,0,256,256,24
2023-05-07_16h51m58s,0,0,256,256,64
2023-07-09_23h18m49s,0,0,256,256,64
2023-04-04_07h50m38s,0,0,256,256,64
2024-05-22_12h09m54s,0,0,256,256,53
2023-03-05_19h48m07s,0,0,256,256,12
2023-05-07_16h45m33s,0,0,256,256,57
2024-11-21_15h41m14s,0,0,256,256,64
2023-09-05_16h12m30s,0,0,256,256,64
2024-09-07_10h59m37s,0,0,256,256,64
2023-09-22_18h11m23s,0,0,256,256,64
2022-03-30_19h09m25s,0,0,256,256,64
2023-11-21_18h13m32s,0,0,256,256,12
2022-03-07_11h16m23s,0,0,256,256,64
2022-03-07_11h16m23s,0,256,256,256,64
2022-03-07_11h16m23s,256,0,256,256,64
2022-03-07_11h16m23s,256,256,256,256,64
2022-03-07_11h16m23s,512,0,256,256,64
2022-03-07_11h16m23s,512,256,256,256,64
2023-03-10_19h33m25s,0,0,256,256,39
2023-10-03_10h58m29s,0,0,256,256,64
2024-07-12_21h26m04s,0,0,256,256,64
2023-05-16_22h06m15s,0,0,256,256,64
2023-05-23_06h42m56s,0,0,256,256,64
2022-02-28_12h37m31s,256,0,256,256,64
2023-05-23_06h42m40s,0,0,256,256,64
2023-03-20_17h58m48s,0,0,256,256,64
2023-03-20_17h58m48s,0,256,256,256,64
2023-03-20_17h58m48s,0,512,256,256,64
2024-02-05_16h57m12s,0,0,256,256,18
2022-03-02_15h56m01s,0,0,256,256,64
2022-03-02_15h56m01s,0,256,256,256,64
2022-03-02_15h56m01s,256,0,256,256,64
2022-03-02_15h56m01s,256,256,256,256,64
2022-03-02_15h56m01s,512,0,256,256,64
2022-03-02_15h56m01s,512,256,256,256,64
2022-10-31_20h25m55s,0,0,256,256,15
2023-05-23_06h43m54s,0,0,256,256,51
2023-12-04_10h53m49s,0,0,256,256,64
2024-05-21_09h58m12s,0,0,256,256,12
2024-05-21_09h58m12s,256,0,256,256,12
2023-09-05_16h59m16s,0,0,256,256,64
2023-07-09_23h26m29s,0,0,256,256,42
2023-03-14_06h32m54s,0,0,256,256,45
2022-07-11_16h07m45s,0,0,256,256,64
2022-07-11_16h07m45s,0,256,256,256,64
2023-09-07_13h13m19s,0,0,256,256,64
2023-09-07_11h38m52s,0,0,256,256,64
2024-12-02_10h45m12s,0,0,256,256,64
2024-12-02_10h45m12s,0,2048,256,256,64
2024-12-02_10h45m12s,256,512,256,256,64
2024-12-02_10h45m12s,256,1024,256,256,64
2024-12-02_10h45m12s,256,1280,256,256,64
2024-12-02_10h45m12s,256,2048,256,256,61
2021-09-27_12h10m59s,0,0,256,256,64
2022-10-07_08h07m44s,0,0,256,256,34
2023-11-02_21h52m21s,0,0,256,256,64
2024-11-21_15h37m00s,0,0,256,256,44
2024-11-21_15h38m14s,0,0,256,256,14
2022-12-02_10h02m26s,0,0,256,256,29
2024-04-29_20h29m32s,0,0,256,256,15
2021-11-09_15h54m35s,0,0,256,256,64
2021-11-09_15h54m35s,0,256,256,256,64
2021-11-09_15h54m35s,0,512,256,256,64
2021-11-09_15h54m35s,0,768,256,256,64
2021-11-09_15h54m35s,0,1024,256,256,64
2021-11-09_15h54m35s,256,0,256,256,64
2021-11-09_15h54m35s,256,256,256,256,64
2021-11-09_15h54m35s,256,512,256,256,64
2021-11-09_15h54m35s,256,768,256,256,64
2021-11-09_15h54m35s,256,1024,256,256,64
2022-07-11_16h12m12s,0,0,256,256,9
2022-07-11_16h12m12s,0,256,256,256,9
2023-10-09_14h18m24s,0,0,256,256,64
2023-05-16_09h36m51s,0,0,256,256,64
2024-03-01_17h53m59s,0,0,256,256,43
2024-03-01_17h53m59s,0,256,256,256,45
2023-06-21_21h25m40s,0,0,256,256,64
2023-06-21_21h25m40s,0,256,256,256,64
2022-07-11_16h35m00s,0,0,256,256,20
2022-07-11_16h35m00s,0,256,256,256,20
2023-11-02_08h57m04s,512,768,256,256,64
2023-11-02_08h57m04s,512,1536,256,256,64
2023-09-05_16h36m15s,0,0,256,256,64
2022-07-11_16h10m13s,0,0,256,256,12
2022-07-11_16h10m13s,0,256,256,256,12
2023-09-27_13h40m13s,0,0,256,256,21
2023-04-18_21h25m13s,0,0,256,256,9
2023-04-18_21h25m13s,0,256,256,256,9
2024-02-15_20h37m13s,0,0,256,256,64
2025-01-01_01h20m27s,0,0,256,256,12
2020-10-09_00h27m01s,0,0,256,256,22
2022-10-17_22h16m11s,0,0,256,256,46
2023-12-04_13h59m11s,0,0,256,256,15
2023-12-04_13h59m11s,0,1024,256,256,14
2023-12-04_13h59m11s,256,0,256,256,15
2023-08-05_13h51m43s,0,0,256,256,9
2023-08-05_13h51m43s,0,256,256,256,13
2023-08-05_13h51m43s,0,768,256,256,37
2023-08-05_13h51m43s,0,1536,256,256,64
2023-08-05_13h51m43s,256,0,256,256,15
2023-08-05_13h51m43s,512,0,256,256,9
2023-08-05_13h51m43s,512,256,256,256,16
2023-08-05_13h51m43s,512,768,256,256,64
2024-09-18_00h49m44s,0,0,256,256,32
2022-07-11_16h03m35s,0,0,256,256,29
2022-07-11_16h03m35s,0,256,256,256,28
2022-07-11_16h05m49s,0,0,256,256,64
2022-07-11_16h05m49s,0,256,256,256,64
2023-05-15_20h02m55s,0,0,256,256,47
2025-08-22_18h25m43s,0,0,256,256,35
2023-11-02_08h55m38s,512,256,256,256,64
2023-11-02_08h55m38s,512,1536,256,256,64
2024-10-07_22h03m24s,0,0,256,256,36
2023-05-23_12h33m43s,0,0,256,256,64
2023-05-23_12h33m43s,256,0,256,256,64
2022-03-09_19h12m43s,0,0,256,256,64
2023-11-02_08h57m04s,0,0,256,256,39
2023-11-02_08h57m04s,0,256,256,256,35
2023-11-02_08h57m04s,0,512,256,256,47
2023-11-02_08h57m04s,0,768,256,256,64
2023-11-02_08h57m04s,0,1024,256,256,64
2023-11-02_08h57m04s,0,1280,256,256,22
2023-11-02_08h57m04s,0,1536,256,256,62
2023-11-02_08h57m04s,0,1792,256,256,64
2023-11-02_08h57m04s,256,0,256,256,61
2023-11-02_08h57m04s,256,256,256,256,18
2023-11-02_08h57m04s,256,768,256,256,45
2023-11-02_08h57m04s,256,1024,256,256,47
2023-11-02_08h57m04s,256,1280,256,256,33
2023-11-02_08h57m04s,256,1536,256,256,57
2023-11-02_08h57m04s,256,1792,256,256,35
2023-11-02_08h57m04s,512,512,256,256,46
2023-11-02_08h57m04s,512,1024,256,256,64
2023-11-02_08h57m04s,512,1280,256,256,64
2023-11-02_08h57m04s,512,1792,256,256,64
2023-01-04_15h22m20s,0,0,256,256,9
2023-01-04_15h22m20s,0,256,256,256,9
2023-01-04_15h22m20s,0,512,256,256,9
2023-11-02_21h49m19s,0,0,256,256,64
2023-11-02_08h55m38s,0,512,256,256,37
2023-11-02_08h55m38s,0,768,256,256,30
2023-11-02_08h55m38s,0,1024,256,256,43
2023-11-02_08h55m38s,0,1280,256,256,55
2023-11-02_08h55m38s,0,1536,256,256,64
2023-11-02_08h55m38s,0,1792,256,256,21
2023-11-02_08h55m38s,256,0,256,256,64
2023-11-02_08h55m38s,256,768,256,256,51
2023-11-02_08h55m38s,256,1280,256,256,12
2023-11-02_08h55m38s,256,1536,256,256,27
2023-11-02_08h55m38s,512,0,256,256,53
2023-11-02_08h55m38s,512,512,256,256,46
2023-11-02_08h55m38s,512,768,256,256,64
2023-11-02_08h55m38s,512,1024,256,256,64
2023-11-02_08h55m38s,512,1280,256,256,47
2023-11-02_08h55m38s,512,1792,256,256,64
2023-08-05_13h51m43s,0,1280,256,256,45
2023-08-05_13h51m43s,512,1536,256,256,64
2023-08-05_13h51m43s,1536,0,256,256,60
2023-08-05_13h51m43s,1536,256,256,256,64
2023-08-05_13h51m43s,1536,768,256,256,57
2023-08-05_13h51m43s,1536,1024,256,256,64
2023-08-05_13h51m43s,1536,1280,256,256,55
2023-08-05_13h51m43s,1536,1536,256,256,64
2023-08-05_13h51m43s,1536,2048,256,256,48
2025-08-22_03h08m23s,0,0,256,256,17
2023-04-04_08h03m35s,0,0,256,256,13
2024-07-21_22h31m56s,0,0,256,256,37
2025-08-27_01h37m31s,0,0,256,256,15
2023-09-11_18h53m27s,0,0,256,256,27
2023-09-11_18h53m27s,0,512,256,256,33
2023-09-11_18h53m27s,0,1536,256,256,40
2023-09-11_18h53m27s,0,1792,256,256,35
2023-09-11_18h53m27s,256,512,256,256,20
2023-09-11_18h53m27s,256,1536,256,256,42
2023-09-11_18h53m27s,256,1792,256,256,24
2023-09-11_18h53m27s,256,2560,256,256,46
2023-09-11_18h53m27s,512,0,256,256,18
2023-09-11_18h53m27s,512,1536,256,256,36
2023-09-11_18h53m27s,768,0,256,256,23
2023-09-11_18h53m27s,768,1536,256,256,25
2023-09-11_18h53m27s,1280,2048,256,256,29
2023-09-11_18h53m27s,1536,1024,256,256,41
2023-09-11_18h53m27s,1536,2048,256,256,25
2023-09-11_18h53m27s,256,3840,256,256,55
2023-09-11_18h53m27s,512,3584,256,256,55
2023-09-11_18h53m27s,512,3840,256,256,54
2023-09-11_18h53m27s,768,3584,256,256,56
2023-09-11_18h53m27s,768,3840,256,256,54
2023-09-11_18h53m27s,1024,3584,256,256,56
2023-09-11_18h53m27s,1024,3840,256,256,51
2023-03-01_13h24m33s,0,0,256,256,64
2023-09-28_11h39m20s,0,0,256,256,27
2023-09-28_11h39m20s,0,256,256,256,47
2023-09-28_11h39m20s,0,768,256,256,47
2023-09-28_11h39m20s,0,1024,256,256,35
2023-09-28_11h39m20s,0,1280,256,256,12
2023-09-28_11h39m20s,0,1536,256,256,34
2023-09-28_11h39m20s,0,2048,256,256,22
2023-09-28_11h39m20s,0,2304,256,256,31
2023-09-28_11h39m20s,256,0,256,256,28
2023-09-28_11h39m20s,256,256,256,256,26
2023-09-28_11h39m20s,256,768,256,256,20
2023-09-28_11h39m20s,256,1024,256,256,15
2023-09-28_11h39m20s,256,1536,256,256,17
2023-09-28_11h39m20s,256,2048,256,256,16
2023-09-28_11h39m20s,256,2304,256,256,30
2023-09-28_11h39m20s,512,0,256,256,31
2023-09-28_11h39m20s,512,256,256,256,45
2023-09-28_11h39m20s,512,768,256,256,59
2023-09-28_11h39m20s,512,1024,256,256,36
2023-09-28_11h39m20s,512,1280,256,256,8
2023-09-28_11h39m20s,512,1536,256,256,60
2023-09-28_11h39m20s,512,1792,256,256,12
2023-09-28_11h39m20s,512,2048,256,256,28
2023-09-28_11h39m20s,512,2304,256,256,33
2023-10-24_17h13m08s,0,0,256,256,64
2024-05-21_09h58m18s,0,0,256,256,55
2024-05-21_09h58m18s,0,256,256,256,55
2024-05-21_09h58m18s,256,0,256,256,55
2024-05-21_09h58m18s,256,256,256,256,55
2023-06-15_19h47m33s,0,0,256,256,38
2023-06-15_19h47m33s,0,256,256,256,52
2023-06-15_19h47m33s,0,512,256,256,16
2023-06-15_19h47m33s,0,768,256,256,40
2023-06-15_19h47m33s,0,1024,256,256,32
2023-06-15_19h47m33s,0,1536,256,256,38
2023-06-15_19h47m33s,0,1792,256,256,11
2023-06-15_19h47m33s,0,2048,256,256,41
2023-06-15_19h47m33s,0,2304,256,256,36
2023-06-15_19h47m33s,256,0,256,256,14
2023-06-15_19h47m33s,256,256,256,256,16
2023-06-15_19h47m33s,256,768,256,256,21
2023-06-15_19h47m33s,256,1024,256,256,10
2023-06-15_19h47m33s,256,2048,256,256,11
2023-06-15_19h47m33s,512,0,256,256,23
2023-06-15_19h47m33s,512,256,256,256,59
2023-06-15_19h47m33s,512,768,256,256,57
2023-06-15_19h47m33s,512,1024,256,256,47
2023-06-15_19h47m33s,512,1280,256,256,16
2023-06-15_19h47m33s,512,1536,256,256,64
2023-06-15_19h47m33s,512,1792,256,256,16
2023-06-15_19h47m33s,512,2048,256,256,30
2023-06-15_19h47m33s,512,2304,256,256,60
2023-09-28_11h33m43s,0,0,256,256,43
2023-09-28_11h33m43s,0,256,256,256,58
2023-09-28_11h33m43s,0,512,256,256,19
2023-09-28_11h33m43s,0,768,256,256,45
2023-09-28_11h33m43s,0,1024,256,256,36
2023-09-28_11h33m43s,0,1536,256,256,42
2023-09-28_11h33m43s,0,1792,256,256,13
2023-09-28_11h33m43s,0,2048,256,256,47
2023-09-28_11h33m43s,0,2304,256,256,40
2023-09-28_11h33m43s,256,0,256,256,15
2023-09-28_11h33m43s,256,256,256,256,19
2023-09-28_11h33m43s,256,768,256,256,25
2023-09-28_11h33m43s,256,1024,256,256,11
2023-09-28_11h33m43s,256,2048,256,256,12
2023-09-28_11h33m43s,512,0,256,256,26
2023-09-28_11h33m43s,512,256,256,256,64
2023-09-28_11h33m43s,512,768,256,256,64
2023-09-28_11h33m43s,512,1024,256,256,52
2023-09-28_11h33m43s,512,1280,256,256,18
2023-09-28_11h33m43s,512,1536,256,256,64
2023-09-28_11h33m43s,512,1792,256,256,17
2023-09-28_11h33m43s,512,2048,256,256,34
2023-09-28_11h33m43s,512,2304,256,256,64
2023-06-16_07h54m01s,0,0,256,256,20
2023-06-16_07h54m01s,0,256,256,256,27
2023-06-16_07h54m01s,0,768,256,256,9
2023-06-16_07h54m01s,0,1024,256,256,14
2023-06-16_07h54m01s,0,1536,256,256,39
2023-06-16_07h54m01s,256,0,256,256,15
2023-06-16_07h54m01s,256,256,256,256,21
2023-06-16_07h54m01s,256,768,256,256,19
2023-06-16_07h54m01s,256,1024,256,256,9
2023-06-16_07h54m01s,256,1536,256,256,13
2023-06-16_07h54m01s,512,0,256,256,24
2023-06-16_07h54m01s,512,256,256,256,36
2023-06-16_07h54m01s,512,512,256,256,9
2023-06-16_07h54m01s,512,768,256,256,23
2023-06-16_07h54m01s,512,1024,256,256,15
2023-06-16_07h54m01s,512,1280,256,256,11
2023-06-16_07h54m01s,512,1536,256,256,56
2023-06-16_07h54m01s,512,1792,256,256,18
2023-06-16_07h54m01s,512,2304,256,256,26
2023-09-28_11h44m16s,0,256,256,256,11
2023-09-28_11h44m16s,0,768,256,256,13
2023-09-28_11h44m16s,0,1024,256,256,9
2023-09-28_11h44m16s,0,1280,256,256,9
2023-09-28_11h44m16s,0,1536,256,256,17
2023-09-28_11h44m16s,256,768,256,256,13
2023-09-28_11h44m16s,256,1536,256,256,12
2023-09-28_11h44m16s,256,2048,256,256,11
2023-09-28_11h44m16s,512,0,256,256,13
2023-09-28_11h44m16s,512,256,256,256,24
2023-09-28_11h44m16s,512,768,256,256,38
2023-09-28_11h44m16s,512,1024,256,256,16
2023-09-28_11h44m16s,512,1280,256,256,14
2023-09-28_11h44m16s,512,1536,256,256,26
2023-09-28_11h44m16s,512,2048,256,256,25
2023-09-28_11h44m16s,512,2304,256,256,28
2022-03-24_16h56m33s,0,0,256,256,15
2024-12-02_10h24m02s,0,2304,256,256,64
2024-12-02_10h24m02s,256,0,256,256,64
2023-09-07_11h00m06s,0,0,256,256,64
2023-09-07_11h00m06s,0,256,256,256,64
2025-08-22_19h54m23s,0,0,256,256,21
2023-06-09_10h38m10s,0,0,256,256,30
2023-06-01_19h16m41s,0,0,256,256,54
2023-06-01_19h16m41s,0,2560,256,256,52
2023-06-01_19h16m41s,0,3072,256,256,50
2023-06-01_19h16m41s,256,768,256,256,53
2023-06-01_19h16m41s,512,2816,256,256,54
2023-06-01_19h16m41s,512,3072,256,256,18
2023-06-01_19h16m41s,768,1536,256,256,55
2023-06-01_19h16m41s,1024,4352,256,256,50
2023-09-28_11h13m13s,0,0,256,256,61
2023-09-28_11h13m13s,0,256,256,256,64
2023-09-28_11h13m13s,0,512,256,256,12
2023-09-28_11h13m13s,0,768,256,256,50
2023-09-28_11h13m13s,0,1024,256,256,33
2023-09-28_11h13m13s,0,1280,256,256,41
2023-09-28_11h13m13s,0,1536,256,256,61
2023-09-28_11h13m13s,0,1792,256,256,13
2023-09-28_11h13m13s,0,2048,256,256,47
2023-09-28_11h13m13s,0,2304,256,256,64
2023-09-28_11h13m13s,256,0,256,256,15
2023-09-28_11h13m13s,256,256,256,256,17
2023-09-28_11h13m13s,256,768,256,256,10
2023-09-28_11h13m13s,256,1024,256,256,16
2023-09-28_11h13m13s,256,1536,256,256,26
2023-09-28_11h13m13s,256,2048,256,256,19
2023-09-28_11h13m13s,256,2304,256,256,15
2023-09-28_11h13m13s,512,0,256,256,32
2023-09-28_11h13m13s,512,256,256,256,64
2023-09-28_11h13m13s,512,768,256,256,64
2023-09-28_11h13m13s,512,1024,256,256,39
2023-09-28_11h13m13s,512,1280,256,256,27
2023-09-28_11h13m13s,512,1536,256,256,64
2023-09-28_11h13m13s,512,2048,256,256,38
2023-09-28_11h13m13s,512,2304,256,256,64
2025-08-22_19h06m03s,0,0,256,256,18
2024-10-26_04h01m43s,0,0,256,256,13
2024-10-26_04h01m43s,0,256,256,256,10
2023-05-25_13h31m40s,0,0,256,256,64
2023-05-25_13h31m40s,0,256,256,256,64
2023-05-25_13h31m40s,256,0,256,256,64
2023-05-25_13h31m40s,256,256,256,256,64
2023-09-28_11h23m51s,0,0,256,256,21
2023-09-28_11h23m51s,0,768,256,256,8
2023-09-28_11h23m51s,0,1280,256,256,8
2023-09-28_11h23m51s,0,1536,256,256,16
2023-09-28_11h23m51s,0,2304,256,256,22
2023-09-28_11h23m51s,256,0,256,256,23
2023-09-28_11h23m51s,256,256,256,256,27
2023-09-28_11h23m51s,256,512,256,256,14
2023-09-28_11h23m51s,256,768,256,256,40
2023-09-28_11h23m51s,256,1024,256,256,29
2023-09-28_11h23m51s,256,1280,256,256,15
2023-09-28_11h23m51s,256,1536,256,256,31
2023-09-28_11h23m51s,256,1792,256,256,11
2023-09-28_11h23m51s,256,2304,256,256,24
2023-09-28_11h23m51s,512,0,256,256,17
2023-09-28_11h23m51s,512,256,256,256,16
2023-09-28_11h23m51s,512,768,256,256,30
2023-09-28_11h23m51s,512,1024,256,256,25
2023-09-28_11h23m51s,512,1536,256,256,20
2023-09-28_11h23m51s,512,2304,256,256,26
2023-09-28_11h23m51s,768,256,256,256,21
2023-09-28_11h23m51s,768,768,256,256,26
2023-09-28_11h23m51s,768,1024,256,256,8
2023-09-28_11h23m51s,768,1536,256,256,21
2022-05-30_19h16m00s,0,0,256,256,57
2022-06-09_17h14m40s,0,512,256,256,9
2022-06-09_17h14m40s,256,512,256,256,8
2022-06-09_17h14m40s,512,0,256,256,8
2022-06-09_17h14m40s,512,1024,256,256,9
2023-01-05_10h55m02s,0,0,256,256,28
2023-01-05_10h55m02s,256,0,256,256,29
2023-01-05_10h55m02s,512,0,256,256,31
2023-06-21_18h27m40s,0,0,256,256,18
2023-06-21_18h27m40s,0,256,256,256,16
2023-06-21_18h27m40s,0,512,256,256,16
2022-01-31_09h55m03s,0,0,256,256,27
2024-07-02_13h47m39s,0,0,256,256,64
2024-07-02_13h47m39s,256,0,256,256,64
2023-01-19_20h17m55s,0,0,256,256,9
2023-01-19_20h17m55s,0,256,256,256,9
2023-01-19_20h17m55s,0,512,256,256,9
2023-01-19_20h17m55s,256,0,256,256,9
2023-01-19_20h17m55s,256,256,256,256,9
2023-01-19_20h17m55s,256,512,256,256,9
2024-04-25_15h36m07s,0,0,256,256,9
2024-04-25_15h36m07s,0,256,256,256,9
2024-04-25_15h36m07s,256,0,256,256,9
2024-04-25_15h36m07s,256,256,256,256,9
2022-01-25_08h09m47s,0,0,256,256,61
2024-12-02_12h22m27s,0,5120,256,256,64
2024-12-02_12h22m27s,0,5376,256,256,64
2024-12-02_12h22m27s,0,6144,256,256,64
2024-12-02_12h22m27s,768,2816,256,256,64
2024-12-02_12h22m27s,768,3072,256,256,64
2024-06-12_15h50m34s,0,0,256,256,29
2024-09-10_21h28m37s,0,0,256,256,24
2024-09-10_21h28m37s,0,256,256,256,24
2024-12-02_12h28m30s,0,2048,256,256,46
2024-12-02_12h28m30s,256,1792,256,256,9
2024-12-02_12h28m30s,256,2048,256,256,54
2024-12-02_12h28m30s,1024,0,256,256,52
2024-12-02_12h28m30s,1280,0,256,256,57
2024-12-02_12h28m30s,0,6400,256,256,51
2023-09-11_18h53m27s,0,3840,256,256,33
2023-09-11_18h53m27s,256,3584,256,256,42
2023-09-11_18h53m27s,1024,3328,256,256,16
2023-09-11_18h53m27s,1280,3584,256,256,40
2023-09-11_18h53m27s,1280,3840,256,256,33
2024-12-02_12h22m27s,1280,0,256,256,64
2023-01-18_15h40m36s,0,0,256,256,39
2023-01-19_18h03m59s,0,0,256,256,9
2023-01-19_18h03m59s,0,256,256,256,9
2023-01-19_18h03m59s,256,0,256,256,9
2023-01-19_18h03m59s,256,256,256,256,9
2023-01-19_20h45m02s,0,0,256,256,64
2023-01-13_15h22m08s,0,0,256,256,53
2023-01-18_15h41m08s,0,0,256,256,56
2023-03-17_13h54m41s,0,3072,256,256,64
2023-03-17_13h54m41s,256,3072,256,256,64
2023-03-17_13h54m41s,1280,0,256,256,64
2023-03-17_13h54m41s,1280,256,256,256,57
2021-12-20_20h14m16s,0,0,256,256,9
2021-12-20_20h14m16s,256,0,256,256,9
2021-12-20_20h14m16s,512,0,256,256,9
2024-12-18_21h17m09s,0,0,256,256,9
2023-01-19_18h38m30s,0,0,256,256,9
2023-01-19_18h38m30s,0,256,256,256,9
2023-01-19_18h38m30s,256,0,256,256,9
2023-01-19_18h38m30s,256,256,256,256,9
2021-11-08_21h02m08s,0,0,256,256,13
2021-11-08_21h13m55s,0,0,256,256,10
2021-11-08_20h59m40s,0,0,256,256,8
2021-11-08_20h59m40s,0,256,256,256,8
2022-11-14_05h15m11s,0,0,256,256,24
2022-11-14_05h15m11s,0,256,256,256,29
2022-11-14_05h15m11s,256,0,256,256,21
2022-11-14_05h15m11s,256,256,256,256,29
2023-06-02_05h23m11s,0,0,256,256,9
2023-06-02_05h23m11s,0,256,256,256,9
2023-06-02_05h23m11s,256,0,256,256,9
2023-06-02_05h23m11s,256,256,256,256,9
2023-06-02_05h14m56s,0,0,256,256,15
2023-06-02_05h14m56s,0,256,256,256,15
2023-06-02_05h14m56s,256,0,256,256,15
2023-06-02_05h14m56s,256,256,256,256,15
2024-03-07_09h25m45s,0,0,256,256,30
2024-06-12_15h42m44s,0,0,256,256,53
2023-08-29_12h24m36s,0,0,256,256,32
2023-08-15_17h20m52s,0,0,256,256,21
2024-11-14_15h40m30s,0,0,256,256,17
2024-11-14_15h40m30s,0,256,256,256,17
2024-11-14_15h40m30s,0,512,256,256,17
2023-06-02_05h13m52s,0,0,256,256,16
2023-06-02_05h13m52s,0,256,256,256,16
2023-06-02_05h13m52s,256,0,256,256,16
2023-06-02_05h13m52s,256,256,256,256,16
2024-02-27_17h29m40s,0,0,256,256,28
2024-02-27_17h29m40s,0,256,256,256,33
2024-02-27_17h29m40s,0,512,256,256,37
2022-07-06_09h33m52s,0,0,209,273,64
2023-09-07_11h42m18s,0,0,133,268,64
2023-08-10_07h21m08s,0,0,86,168,64
2023-12-18_17h45m47s,0,0,271,205,64
2023-08-12_12h11m58s,0,0,95,188,64
2024-04-03_01h17m03s,0,0,54,86,64
2023-11-23_18h31m21s,0,0,75,161,64
2023-12-01_11h35m44s,0,0,269,200,64
2023-11-22_10h40m34s,0,0,73,78,64
2023-06-27_23h39m21s,0,0,144,74,64
2023-12-07_11h09m53s,0,0,184,103,12
2024-12-12_13h21m11s,0,0,298,230,64
2023-10-05_15h23m33s,0,0,323,390,64
2023-12-19_13h02m39s,0,0,279,204,64
2023-06-27_23h40m04s,0,0,152,111,64
2024-02-28_03h45m28s,0,0,360,972,47
2023-09-29_18h44m00s,0,0,250,470,64
2023-06-27_23h41m57s,0,0,137,110,64
2023-09-13_17h11m57s,0,0,647,598,64
2022-09-28_19h10m41s,0,0,166,695,64
2024-01-16_15h35m38s,0,0,25,956,64
2023-06-21_13h21m40s,0,0,452,987,28
2023-06-02_10h47m47s,0,0,550,355,64
2023-12-05_15h03m50s,0,0,741,737,9
2024-12-12_20h35m28s,0,0,138,138,33
2024-05-01_17h50m07s,0,0,368,126,60
2024-04-25_08h36m27s,0,0,27,67,18
2021-09-14_19h16m52s,0,0,254,61,64
2024-02-06_13h58m18s,0,0,325,286,37
2023-11-16_11h30m42s,0,0,440,299,64
2024-06-12_15h32m57s,0,0,345,281,8
2023-06-27_23h38m39s,0,0,95,157,64
2023-06-27_22h58m39s,0,0,111,158,64
2024-01-10_13h09m29s,0,0,236,181,9
2023-09-29_10h49m52s,0,0,250,470,64
2023-06-27_22h58m59s,0,0,145,94,64
2023-06-27_22h57m11s,0,0,148,111,64
2024-04-03_10h09m53s,0,0,79,156,64
2023-06-20_13h44m18s,0,0,452,987,24
2024-04-03_10h07m28s,0,0,83,157,64
2023-06-01_15h42m28s,0,0,550,355,10
2024-07-09_12h40m24s,0,0,305,195,21
2024-09-28_16h12m14s,0,0,271,193,36
2024-12-21_08h28m44s,0,0,232,260,9
2024-12-21_07h33m51s,0,0,74,88,51
2024-07-09_13h50m50s,0,0,241,168,30
2024-06-12_15h48m52s,0,0,228,472,64
2024-11-21_11h10m52s,0,0,86,67,9
2024-12-21_10h17m55s,0,0,74,88,64
2024-07-05_15h05m48s,0,0,348,173,21
2024-12-10_04h23m56s,0,0,58,82,30
2024-05-16_12h19m30s,0,0,85,145,18
2024-04-26_14h59m58s,0,0,224,327,18
2024-04-30_10h38m37s,0,0,82,177,27
2024-04-25_07h49m19s,0,0,76,183,24
2024-12-17_16h40m47s,0,0,154,126,64
2024-10-09_23h46m27s,0,0,126,178,15
2024-10-13_01h26m52s,0,0,116,136,9
2024-12-20_20h39m23s,0,0,136,154,9
2024-04-03_09h50m50s,0,0,84,145,64
2024-12-18_09h47m36s,0,0,121,118,64
2024-05-02_17h21m34s,0,0,341,112,33
2022-09-30_11h33m41s,0,0,199,820,64
2023-09-19_16h37m01s,0,0,842,356,39
2024-03-07_09h25m45s,0,0,328,505,21
2023-06-22_23h26m48s,0,0,41,55,9
2024-06-12_15h42m30s,0,0,234,457,64
2024-12-22_09h12m31s,0,0,74,88,30
2024-04-25_08h47m13s,0,0,27,67,48
2024-10-09_21h31m37s,0,0,126,178,9
2022-08-30_18h00m34s,0,0,138,58,64
2023-07-04_08h16m59s,0,0,60,105,33
2024-04-17_15h30m27s,0,0,31,36,64
2024-07-09_15h39m03s,0,0,257,169,24
2024-12-18_10h39m25s,0,0,142,141,64
2022-08-30_18h26m26s,0,0,221,99,64
2022-08-30_17h51m27s,0,0,84,54,64
2021-09-14_19h07m04s,0,0,209,83,64
2023-08-18_15h39m28s,0,0,289,511,14
2024-12-21_08h36m39s,0,0,232,260,33
2024-12-18_10h34m07s,0,0,105,111,64
2024-12-12_13h22m24s,0,0,302,239,64
2022-10-18_14h40m38s,0,0,255,273,64
2024-05-02_20h55m36s,0,0,287,213,42
2024-04-10_18h24m30s,0,0,42,188,64
2024-08-01_15h22m13s,0,0,95,104,64
2024-04-03_10h38m32s,0,0,92,124,64
2023-06-21_22h13m45s,0,0,49,60,64
2024-08-01_15h23m42s,0,0,89,76,64
2024-03-15_18h17m07s,0,0,112,21,64
2022-09-15_11h21m12s,0,0,90,93,64
2024-04-12_13h07m30s,0,0,67,339,64
2024-04-12_08h36m18s,0,0,73,323,64
2023-09-18_09h18m54s,0,0,90,125,64
2022-09-15_11h15m37s,0,0,90,125,64
2024-04-12_08h49m30s,0,0,67,325,64
2024-04-10_18h31m51s,0,0,46,211,64
2024-03-15_18h17m52s,0,0,158,19,64
2023-06-21_22h13m29s,0,0,31,38,64
2021-11-30_18h02m25s,0,0,110,77,36
2023-11-02_02h45m20s,0,0,61,282,64
2023-11-02_03h13m06s,0,0,56,289,64
2022-09-15_11h34m35s,0,0,90,93,64
2024-04-12_11h54m39s,0,0,60,555,64
2024-04-12_11h48m00s,0,0,70,543,64
2024-04-10_17h56m06s,0,0,68,485,57
2022-07-16_07h07m42s,0,0,152,21,64
2022-10-18_13h36m54s,0,0,205,483,64
2022-09-15_11h26m37s,0,0,90,95,64
2023-05-16_13h39m13s,0,0,145,207,64
2024-04-12_12h00m00s,0,0,63,541,64
2024-04-10_18h29m55s,0,0,46,200,64
2024-08-06_15h10m57s,0,0,137,106,64
2023-11-03_16h35m00s,0,0,46,384,64
2024-04-12_09h58m46s,0,0,44,248,30
2024-04-12_10h06m04s,0,0,44,258,30
2021-12-06_17h33m41s,0,0,110,86,64
2024-04-12_10h02m46s,0,0,40,250,51
2024-04-12_08h53m57s,0,0,53,278,64
2023-11-02_01h02m29s,0,0,56,316,64
2023-11-04_16h42m55s,0,0,46,459,64
2023-11-03_02h51m06s,0,0,66,343,64
2023-08-03_20h35m23s,0,0,229,87,64
2022-10-31_20h52m31s,0,0,82,496,9
2023-10-31_08h10m34s,0,0,51,292,48
2024-04-10_18h35m23s,0,0,42,189,64
2022-09-15_11h39m48s,0,0,90,131,64
2024-04-12_08h23m52s,0,0,65,452,64
2023-08-03_20h32m40s,0,0,209,119,64
2023-11-08_09h20m28s,0,0,51,311,64
2024-04-10_17h56m17s,0,0,70,432,42
2023-08-03_20h21m03s,0,0,80,224,64
2022-10-06_23h51m53s,0,0,68,102,64
2023-08-03_20h34m04s,0,0,213,91,64
2024-04-10_18h26m43s,0,0,46,241,64
2024-03-15_14h53m12s,0,0,95,113,64
2024-04-10_18h33m02s,0,0,38,189,64
2022-11-18_18h34m11s,0,0,161,241,64
2021-11-30_18h26m10s,0,0,45,134,64
2023-06-26_16h10m39s,0,0,352,254,64
2023-11-08_03h48m24s,0,0,46,206,54
2024-02-15_23h44m05s,0,0,292,109,64
2022-12-01_15h43m13s,0,0,223,124,9
2022-11-18_19h09m21s,0,0,155,304,64
2022-05-21_20h01m28s,0,0,199,131,64
2024-04-12_08h55m13s,0,0,40,239,64
2023-02-21_22h29m47s,0,0,195,164,64
2022-11-18_17h28m17s,0,0,100,87,9
2023-11-08_04h25m39s,0,0,56,305,64
2022-11-18_17h54m17s,0,0,138,78,9
2023-10-31_08h56m29s,0,0,56,301,64
2022-09-15_03h40m53s,0,0,90,94,64
2023-11-08_02h28m13s,0,0,41,233,64
2023-12-19_16h58m52s,0,0,131,105,14
2022-05-21_20h03m48s,0,0,72,186,64
2022-11-18_17h39m19s,0,0,106,90,9
2023-06-26_15h47m41s,0,0,312,234,64
2022-12-16_17h10m08s,0,0,101,99,64
2022-11-18_18h29m34s,0,0,87,60,42
2022-05-21_20h06m35s,0,0,233,125,64
2024-04-10_18h10m55s,0,0,67,524,64
2021-12-06_17h34m44s,0,0,110,126,64
2023-09-14_16h37m16s,0,0,41,312,64
2023-09-13_08h19m26s,0,0,41,312,64
2023-09-08_12h05m55s,0,0,41,312,64
2023-08-30_10h21m45s,0,0,41,312,63
2024-03-15_14h53m53s,0,0,88,105,64
2022-11-21_22h13m46s,0,0,130,40,21
2021-12-06_17h33m11s,0,0,119,162,64
2023-05-02_13h17m16s,0,0,78,127,64
2022-12-21_14h38m29s,0,0,56,67,64
2024-04-12_07h58m55s,0,0,80,426,64
2024-04-10_18h37m47s,0,0,46,263,64
2022-09-15_11h10m56s,0,0,90,131,64
2024-04-10_18h36m11s,0,0,44,219,64
2024-09-19_00h53m45s,0,0,243,193,15
2022-09-15_11h13m32s,0,0,90,126,64
2022-11-15_01h18m53s,0,0,122,96,64
2022-10-06_23h30m24s,0,0,148,162,64
2024-05-20_20h53m05s,0,0,117,231,64
2021-12-06_17h34m59s,0,0,96,120,64
2023-11-07_13h59m54s,0,0,40,207,64
2023-10-31_07h01m41s,0,0,51,292,64
2023-12-19_19h04m45s,0,0,82,112,64
2022-05-21_20h02m10s,0,0,82,112,64
2022-11-18_18h39m20s,0,0,58,113,18
2022-10-18_14h52m51s,0,0,538,221,64
2024-04-10_18h32m21s,0,0,40,189,64
2024-04-03_02h54m26s,0,0,46,504,33
2024-12-07_00h47m22s,0,0,280,124,21
2022-11-18_18h52m17s,0,0,76,203,64
2022-07-11_17h11m07s,0,0,353,1054,12
2023-08-03_17h50m18s,0,0,127,515,64
2023-12-19_19h05m40s,0,0,107,103,64
2022-05-21_20h04m28s,0,0,107,103,64
2024-04-12_08h32m53s,0,0,70,458,64
2024-05-20_20h36m32s,0,0,207,107,64
2023-06-09_16h31m06s,0,0,115,150,64
2024-05-31_22h41m08s,0,0,93,116,64
2024-12-07_00h35m54s,0,0,162,144,21
2024-12-07_01h24m19s,0,0,142,271,21
2022-06-11_22h36m21s,0,0,190,83,64
2022-06-12_08h07m32s,0,0,190,83,64
2021-04-17_00h39m18s,0,0,204,85,21
2023-09-07_16h37m36s,0,0,45,328,64
2024-05-31_22h40m44s,0,0,90,113,64
2024-04-12_09h56m37s,0,0,48,290,64
2023-06-06_15h07m18s,0,0,151,216,64
2023-09-18_14h40m51s,0,0,45,328,64
2023-08-31_08h23m16s,0,0,45,328,64
2022-12-16_17h11m10s,0,0,81,90,64
2024-05-31_22h42m36s,0,0,120,139,64
2024-12-07_01h17m27s,0,0,154,255,21
2022-05-31_10h46m34s,0,0,225,325,64
2023-06-16_16h52m53s,0,0,210,184,64
2024-05-31_22h41m24s,0,0,87,138,64
2024-04-12_09h03m46s,0,0,40,238,64
2024-12-07_00h33m08s,0,0,166,166,21
2024-04-10_18h20m52s,0,0,42,231,64
2023-06-05_19h42m45s,0,0,187,146,64
2023-08-03_18h03m49s,0,0,122,514,64
2023-08-22_00h17m41s,0,0,86,230,64
2024-02-15_23h06m43s,0,0,168,94,64
2023-06-09_16h38m17s,0,0,136,201,64
2023-04-06_09h30m23s,0,0,157,69,64
2023-10-31_03h40m25s,0,0,56,301,63
2022-11-15_01h33m11s,0,0,129,125,64
2023-08-03_18h10m48s,0,0,109,528,64
2023-05-02_13h14m49s,0,0,76,126,64
2023-10-31_09h39m20s,0,0,56,320,54
2023-07-07_04h43m03s,0,0,674,414,13
2024-12-07_00h49m28s,0,0,238,123,21
2024-04-12_10h02m39s,0,0,46,262,64
2022-11-15_01h35m47s,0,0,73,98,64
2023-05-08_17h01m35s,0,0,136,197,64
2022-10-07_00h01m40s,0,0,68,102,64
2023-08-03_18h11m56s,0,0,93,517,64
2023-04-18_16h20m46s,0,0,64,122,64
2023-10-30_04h15m58s,0,0,41,211,51
2023-06-16_16h55m36s,0,0,160,237,64
2022-11-15_01h27m51s,0,0,132,163,64
2024-04-10_17h34m16s,0,0,67,341,64
2024-12-07_01h16m31s,0,0,251,166,21
2023-02-08_10h49m05s,0,0,61,144,64
2024-04-12_09h41m36s,0,0,42,223,64
2024-05-20_20h41m13s,0,0,165,160,64
2024-02-15_23h14m31s,0,0,176,108,64
2023-12-06_16h46m18s,0,0,47,159,24
2022-12-21_12h53m53s,0,0,61,58,64
2024-04-12_09h54m11s,0,0,42,282,64
2024-04-12_08h55m06s,0,0,38,279,64
2024-03-15_14h50m15s,0,0,93,105,64
2023-02-10_16h08m00s,0,0,84,144,64
2023-04-12_15h37m25s,0,0,130,75,15
2024-04-10_18h09m46s,0,0,53,244,64
2023-10-31_02h20m45s,0,0,41,233,64
2023-11-06_17h23m58s,0,0,362,102,64
2023-10-02_14h56m07s,0,0,125,125,64
2024-04-04_23h53m54s,0,0,225,76,30
2022-12-05_15h22m19s,0,0,134,170,9
2024-12-07_00h54m00s,0,0,216,181,18
2024-03-15_14h54m56s,0,0,91,111,64
2023-11-06_17h21m29s,0,0,291,75,64
2023-07-11_11h49m15s,0,0,58,301,64
2024-05-31_22h18m55s,0,0,85,117,64
2023-08-03_18h21m17s,0,0,197,197,64
2023-06-09_16h34m28s,0,0,115,152,64
2023-08-03_18h20m46s,0,0,215,156,64
2022-11-18_19h16m17s,0,0,135,232,64
2021-09-26_18h15m28s,0,0,67,98,64
2023-12-08_11h46m12s,0,0,58,62,64
2024-04-25_01h06m41s,0,0,84,65,64
2023-06-09_16h23m43s,0,0,151,164,64
2024-05-20_20h45m00s,0,0,99,89,64
2024-05-20_20h55m15s,0,0,183,279,64
2023-01-06_09h40m43s,0,0,52,55,64
2023-06-09_16h33m38s,0,0,131,189,64
2023-05-16_16h57m34s,0,0,145,163,64
2024-12-07_01h00m40s,0,0,151,288,12
2022-11-18_17h46m52s,0,0,171,102,24
2023-07-28_19h36m06s,0,0,136,149,57
2023-11-07_22h28m04s,0,0,229,117,64
2024-12-07_00h46m25s,0,0,144,193,21
2024-12-07_01h15m44s,0,0,232,207,15
2022-01-17_23h33m59s,0,0,145,71,64
2022-11-18_18h11m25s,0,0,116,114,30
2023-10-24_02h24m41s,0,0,56,316,64
2024-04-12_09h51m19s,0,0,48,256,64
2024-12-07_00h32m06s,0,0,172,139,18
2023-07-28_19h37m08s,0,0,106,162,64
2023-11-07_22h33m03s,0,0,238,138,64
2023-01-20_10h43m24s,0,0,98,279,64
2022-12-21_13h03m16s,0,0,49,64,64
2023-06-06_03h17m20s,0,0,144,169,64
2023-10-31_01h31m57s,0,0,36,194,36
2023-06-16_16h46m06s,0,0,204,210,64
2023-07-28_19h38m30s,0,0,79,184,64
2024-04-03_08h49m53s,0,0,46,492,27
2023-05-02_13h14m14s,0,0,84,128,64
2023-04-20_08h41m41s,0,0,84,128,64
2023-08-03_18h22m58s,0,0,102,252,64
2023-07-28_19h39m39s,0,0,77,193,64
2021-12-06_17h34m05s,0,0,110,126,64
2024-05-20_20h42m15s,0,0,195,106,64
2023-06-05_19h24m18s,0,0,145,149,64
2023-06-26_15h58m25s,0,0,320,192,64
2023-05-02_13h20m54s,0,0,86,125,64
2023-11-06_17h28m19s,0,0,404,97,64
2023-08-03_18h22m10s,0,0,225,152,64
2024-02-15_23h57m39s,0,0,280,113,64
2021-04-17_00h32m23s,0,0,124,54,12
2023-07-28_19h29m16s,0,0,158,187,64
2023-07-28_19h26m04s,0,0,218,91,64
2022-08-05_00h14m15s,0,0,159,432,21
2024-04-10_18h49m34s,0,0,72,328,64
2023-07-28_19h27m29s,0,0,210,104,64
2023-08-01_01h34m20s,0,0,51,59,64
2023-05-02_16h16m04s,0,0,43,90,64
2022-09-28_16h21m16s,0,0,43,90,64
2023-08-30_03h29m54s,0,0,45,357,64
2023-08-29_11h24m01s,0,0,45,357,64
2023-06-09_17h06m36s,0,0,135,149,64
2023-08-03_18h30m35s,0,0,83,205,64
2023-11-06_17h29m32s,0,0,400,77,64
2023-11-07_22h35m05s,0,0,237,122,64
2022-11-18_18h49m42s,0,0,98,93,60
2021-09-26_18h13m53s,0,0,66,89,64
2022-02-18_20h15m12s,0,0,26,36,64
2022-03-03_09h34m18s,0,0,77,83,64
2023-06-16_16h49m33s,0,0,202,255,64
2024-05-20_20h43m57s,0,0,111,215,64
2024-03-31_06h16m40s,0,0,32,46,12
2023-06-08_04h08m21s,0,0,108,143,64
2023-06-15_18h16m52s,0,0,158,182,64
2023-11-07_22h37m33s,0,0,242,144,64
2020-08-11_15h03m07s,0,0,83,118,64
2023-06-05_19h19m15s,0,0,188,143,64
2024-04-10_17h06m19s,0,0,64,328,64
2022-12-01_20h18m54s,0,0,110,105,60
2023-06-05_19h19m11s,0,0,155,207,64
2022-11-28_22h17m07s,0,0,94,85,64
2022-11-28_22h18m50s,0,0,87,104,64
2024-05-31_22h27m41s,0,0,106,128,64
2023-12-19_19h06m09s,0,0,81,90,64
2022-05-21_20h02m41s,0,0,81,90,64
2023-10-24_08h34m32s,0,0,60,329,33
2023-10-24_06h04m30s,0,0,60,329,33
2022-11-18_19h12m52s,0,0,161,212,64
2023-10-30_07h05m42s,0,0,46,459,64
2023-04-18_16h11m40s,0,0,71,97,64
2021-10-12_19h01m15s,0,0,166,136,64
2023-11-08_08h47m46s,0,0,61,317,64
2023-08-03_18h29m57s,0,0,59,210,64
2022-07-13_21h29m14s,0,0,128,175,64
2023-08-03_16h39m06s,0,0,176,146,64
2024-10-03_20h18m09s,0,0,209,163,64
2023-10-31_04h13m54s,0,0,56,320,64
2023-07-28_19h31m59s,0,0,72,232,60
2022-11-28_22h16m02s,0,0,78,89,64
2022-10-31_22h06m17s,0,0,197,91,64
2024-12-07_01h38m00s,0,0,427,242,12
2022-10-17_20h23m36s,0,0,98,130,64
2022-10-31_21h36m08s,0,0,252,163,64
2023-03-28_20h56m22s,0,0,119,80,64
2023-08-22_00h28m53s,0,0,226,210,64
2021-09-27_18h40m48s,0,0,141,119,64
2024-02-15_23h42m14s,0,0,277,96,64
2024-03-31_06h30m24s,0,0,35,46,42
2022-01-17_23h21m33s,0,0,150,77,64
2022-05-30_20h44m19s,0,0,260,250,64
2022-10-17_20h29m14s,0,0,119,144,64
2022-09-28_16h17m16s,0,0,43,90,64
2017-05-17_19h49m04s,0,0,102,345,64
2022-09-17_20h58m32s,0,0,102,345,64
2022-07-08_20h45m00s,0,0,102,345,64
2022-11-02_17h32m33s,0,0,188,162,57
2024-02-15_23h08m26s,0,0,132,83,64
2022-11-18_18h16m37s,0,0,127,72,12
2022-11-18_18h58m18s,0,0,128,295,64
2022-02-18_19h10m18s,0,0,39,33,64
2022-11-18_18h30m51s,0,0,121,116,64
2023-06-05_19h24m21s,0,0,138,177,64
2022-01-10_19h47m27s,0,0,78,56,64
2024-02-15_22h33m01s,0,0,160,55,64
2023-09-20_20h58m55s,0,0,102,126,64
2023-08-03_18h28m26s,0,0,96,124,64
2023-09-20_21h00m35s,0,0,140,74,64
2023-08-03_16h55m24s,0,0,80,212,64
2024-02-15_22h39m22s,0,0,226,71,64
2021-10-22_19h09m03s,0,0,40,59,64
2022-03-02_09h36m24s,0,0,84,83,64
2023-06-22_16h38m58s,0,0,176,79,64
2023-05-08_13h39m42s,0,0,145,192,64
2022-02-23_19h50m08s,0,0,73,136,60
2024-05-31_22h19m54s,0,0,115,93,64
2024-12-07_00h14m42s,0,0,215,135,12
2024-05-20_20h59m54s,0,0,130,296,64
2022-10-17_20h24m34s,0,0,121,181,64
2022-02-23_19h48m23s,0,0,61,59,64
2023-09-20_21h01m20s,0,0,77,122,64
2022-10-31_21h31m05s,0,0,137,104,64
2022-10-17_20h30m37s,0,0,175,62,64
2023-07-28_19h34m04s,0,0,135,64,64
2024-04-24_14h31m09s,0,0,80,80,64
2023-10-30_02h42m04s,0,0,46,206,64
2023-10-25_09h08m09s,0,0,46,206,64
2024-11-15_20h51m45s,0,0,174,136,64
2023-08-03_16h56m19s,0,0,284,93,64
2022-12-01_20h17m26s,0,0,113,124,64
2023-01-06_13h08m27s,0,0,49,56,64
2023-08-22_00h38m57s,0,0,235,285,64
2024-12-06_07h18m28s,0,0,99,89,64
2023-08-01_01h35m23s,0,0,46,35,64
2022-12-16_17h08m13s,0,0,101,99,64
2022-05-31_10h27m17s,0,0,260,125,64
2024-08-10_00h17m51s,0,0,209,218,64
2021-04-16_22h18m09s,0,0,160,52,15
2021-12-06_17h34m19s,0,0,99,128,64
2024-11-15_20h49m11s,0,0,188,62,64
2023-06-22_17h02m18s,0,0,102,267,64
2021-12-06_17h34m30s,0,0,116,101,64
2024-08-10_00h17m43s,0,0,235,142,64
2023-06-05_20h01m16s,0,0,118,212,64
2024-03-12_17h49m11s,0,0,250,84,64
2023-08-03_18h27m08s,0,0,111,79,64
2023-11-06_17h20m43s,0,0,211,121,64
2023-09-20_20h57m41s,0,0,94,122,64
2023-07-28_19h32m20s,0,0,67,156,64
2023-07-28_19h32m45s,0,0,144,94,64
2022-11-18_18h19m35s,0,0,146,101,33
2024-02-15_22h43m28s,0,0,215,87,64
2022-11-22_20h27m32s,0,0,225,154,64
2023-06-16_17h03m54s,0,0,44,167,64
2023-06-09_16h41m23s,0,0,123,165,64
2024-03-18_12h58m43s,0,0,54,232,21
2021-06-16_17h47m13s,0,0,154,89,64
2023-08-08_21h12m59s,0,0,166,103,64
2023-08-29_08h51m53s,0,0,45,357,64
2022-02-18_19h11m07s,0,0,39,34,57
2024-03-13_22h41m10s,0,0,206,94,33
2022-02-23_19h52m13s,0,0,183,176,60
2024-02-15_23h05m29s,0,0,109,126,64
2023-06-05_19h42m47s,0,0,161,164,64
2023-05-08_10h40m22s,0,0,45,145,64
2022-01-17_23h04m28s,0,0,165,73,64
2024-03-13_22h21m21s,0,0,238,78,27
2023-05-05_01h32m11s,0,0,153,103,64
2023-05-23_20h48m29s,0,0,124,85,64
2024-03-12_17h57m30s,0,0,187,117,64
2022-11-18_20h00m37s,0,0,113,225,27
2024-02-15_23h04m36s,0,0,90,88,64
2023-06-22_17h04m42s,0,0,225,124,64
2022-12-01_20h19m37s,0,0,127,121,64
2024-03-31_07h07m26s,0,0,32,46,48
2024-03-13_22h43m49s,0,0,237,130,64
2023-06-05_19h11m14s,0,0,168,171,64
2024-03-13_22h36m52s,0,0,181,121,64
2023-06-22_17h06m27s,0,0,106,243,64
2024-02-15_22h35m32s,0,0,184,62,64
2021-04-17_00h29m50s,0,0,136,89,9
2024-12-16_20h13m48s,0,0,175,161,64
2024-05-20_20h32m20s,0,0,59,109,64
2024-04-10_18h04m26s,0,0,67,536,64
2023-08-22_00h14m53s,0,0,255,326,64
2023-06-05_20h01m13s,0,0,155,188,64
2024-11-15_20h59m27s,0,0,223,88,64
2023-11-07_22h16m54s,0,0,144,86,64
2023-08-03_16h56m49s,0,0,209,226,64
2024-05-31_22h23m22s,0,0,125,105,64
2024-11-15_20h57m27s,0,0,265,63,64
2024-03-30_05h12m28s,0,0,32,46,51
2024-02-15_23h19m17s,0,0,193,116,64
2022-02-18_19h35m00s,0,0,159,152,60
2024-09-12_20h10m15s,0,0,299,179,18
2024-12-16_20h15m44s,0,0,144,162,64
2023-12-31_02h30m46s,0,0,15,78,64
2024-12-16_20h13m15s,0,0,172,160,64
2023-11-06_17h36m40s,0,0,183,77,64
2023-08-22_00h18m53s,0,0,157,207,64
2023-08-22_00h16m40s,0,0,157,207,64
2024-04-24_09h28m58s,0,0,56,262,64
2024-02-19_14h05m01s,0,0,56,262,64
2023-04-18_15h57m17s,0,0,81,111,64
2023-06-08_04h04m12s,0,0,105,157,64
2023-06-08_04h14m25s,0,0,157,171,64
2024-04-10_18h04m12s,0,0,67,550,64
2024-11-15_20h57m05s,0,0,231,86,64
2023-07-20_22h41m29s,0,0,80,137,64
2024-12-16_20h18m38s,0,0,180,138,64
2023-10-24_02h40m57s,0,0,61,282,64
2023-01-06_09h49m17s,0,0,110,230,9
2022-05-30_20h03m10s,0,0,200,200,64
2023-02-21_16h31m13s,0,0,97,122,64
2022-10-06_23h46m08s,0,0,148,162,64
2023-07-20_22h42m04s,0,0,135,87,64
2024-08-09_23h39m21s,0,0,150,180,64
2023-10-24_10h04m56s,0,0,70,355,64
2024-02-15_23h49m27s,0,0,277,94,64
2023-03-28_20h57m14s,0,0,76,66,64
2024-11-15_21h00m29s,0,0,56,101,64
2022-05-21_19h59m08s,0,0,21,286,64
2024-04-12_14h53m05s,0,0,100,129,64
2023-06-08_17h04m39s,0,0,104,147,64
2024-10-10_20h31m12s,0,0,284,159,64
2022-10-31_22h30m32s,0,0,184,92,64
2022-01-17_23h48m59s,0,0,114,70,64
2024-04-10_17h47m22s,0,0,65,504,64
2021-06-16_17h59m41s,0,0,104,56,64
2022-05-21_20h06m53s,0,0,19,287,64
2023-08-03_17h44m47s,0,0,101,265,64
2023-11-06_17h38m27s,0,0,100,64,64
2024-11-15_20h59m45s,0,0,86,57,64
2022-11-18_17h56m40s,0,0,115,87,18
2023-06-22_17h07m43s,0,0,239,111,64
2023-06-08_17h06m10s,0,0,98,139,64
2023-12-31_02h30m14s,0,0,107,414,64
2022-10-18_15h28m51s,0,0,218,473,33
2023-10-24_09h18m59s,0,0,65,309,30
2023-05-10_17h33m23s,0,0,93,131,64
2023-07-28_19h35m12s,0,0,128,120,64
2023-02-08_17h04m32s,0,0,76,139,64
2023-01-16_09h00m13s,0,0,122,262,64
2023-03-28_20h55m56s,0,0,126,108,64
2023-06-09_16h48m23s,0,0,162,127,64
2021-12-16_15h58m28s,0,0,63,59,64
2022-11-18_17h43m44s,0,0,141,125,15
2024-03-31_07h10m36s,0,0,31,46,12
2024-03-31_07h06m09s,0,0,31,46,12
2023-05-15_20h02m55s,0,0,279,291,64
2024-11-15_20h58m45s,0,0,235,67,64
2021-12-16_15h59m51s,0,0,83,56,64
2022-06-11_22h26m37s,0,0,105,32,64
2023-06-22_16h57m30s,0,0,268,92,64
2023-09-20_21h00m08s,0,0,102,158,64
2021-04-17_00h28m39s,0,0,244,175,12
2022-11-18_17h41m34s,0,0,139,114,15
2023-11-06_17h13m08s,0,0,121,68,64
2023-06-06_03h30m21s,0,0,19,118,64
2023-06-13_22h45m08s,0,0,52,174,64
2024-05-20_20h47m22s,0,0,77,209,64
2023-06-13_16h20m59s,0,0,173,162,64
2023-06-12_11h10m00s,0,0,41,325,64
2022-02-23_19h49m15s,0,0,63,58,64
2024-08-13_23h47m40s,0,0,249,126,64
2024-11-15_20h49m59s,0,0,199,73,64
2021-12-21_20h29m07s,0,0,109,81,64
2023-09-20_20h59m26s,0,0,135,80,64
2023-06-22_16h51m40s,0,0,258,131,64
2023-06-05_19h31m23s,0,0,128,156,64
2024-05-20_21h16m28s,0,0,304,86,64
2024-02-15_23h21m47s,0,0,216,129,64
2023-08-03_18h26m09s,0,0,242,116,64
2023-08-29_12h02m28s,0,0,290,200,64
2024-12-08_23h19m45s,0,0,372,162,64
2024-08-09_23h30m52s,0,0,157,100,64
2023-08-03_17h45m47s,0,0,274,167,64
2024-05-31_22h27m37s,0,0,324,126,64
2024-08-13_23h23m56s,0,0,241,126,64
2024-12-16_20h14m35s,0,0,215,158,64
2024-12-16_20h16m04s,0,0,207,74,64
2021-06-16_17h38m05s,0,0,135,66,51
2023-06-05_19h30m00s,0,0,152,136,64
2022-01-10_19h33m26s,0,0,69,60,64
2023-11-06_17h31m27s,0,0,166,63,64
2022-10-31_22h36m47s,0,0,121,124,64
2023-06-22_16h45m55s,0,0,59,68,64
2022-11-02_17h36m37s,0,0,93,88,64
2024-01-17_16h42m56s,0,0,90,173,64
2022-05-30_20h07m49s,0,0,200,200,51
2022-02-23_19h48m42s,0,0,59,50,64
2022-07-13_21h31m40s,0,0,117,116,64
2022-01-10_19h25m57s,0,0,54,42,57
2023-10-30_08h11m54s,0,0,46,384,64
2023-08-15_21h27m22s,0,0,115,129,64
2023-06-06_03h13m58s,0,0,178,212,64
2023-03-28_20h59m01s,0,0,209,106,64
2023-10-30_03h58m48s,0,0,66,343,64
2023-11-06_17h17m53s,0,0,257,72,64
2024-12-16_20h12m29s,0,0,152,179,64
2024-03-13_22h48m05s,0,0,230,114,64
2023-10-09_14h46m50s,0,0,129,273,64
2023-01-06_09h50m15s,0,0,129,273,64
2022-02-18_20h13m13s,0,0,170,154,60
2023-09-20_21h02m08s,0,0,157,72,64
2022-05-23_14h42m31s,0,0,20,20,64
2021-10-11_19h06m59s,0,0,130,146,64
2023-10-24_03h13m39s,0,0,56,289,64
2023-12-19_19h06m50s,0,0,88,61,64
2022-05-21_20h04m48s,0,0,88,61,64
2022-11-18_19h26m39s,0,0,212,249,64
2024-02-15_23h39m51s,0,0,221,120,64
2023-08-03_17h48m28s,0,0,327,194,64
2023-11-15_23h54m18s,0,0,212,68,64
2024-02-20_07h26m29s,0,0,66,369,64
2024-04-25_00h36m11s,0,0,165,92,64
2023-06-08_17h09m44s,0,0,113,166,64
2023-08-22_00h26m46s,0,0,216,307,64
2024-08-13_22h30m09s,0,0,264,130,64
2021-04-17_00h22m44s,0,0,244,154,9
2023-08-25_12h40m07s,0,0,280,180,64
2024-11-15_20h52m16s,0,0,173,163,64
2023-08-03_16h26m31s,0,0,137,54,64
2024-08-13_21h07m10s,0,0,229,129,64
2022-01-17_22h30m20s,0,0,166,116,64
2022-02-23_19h48m04s,0,0,52,45,64
2023-10-24_10h58m30s,0,0,56,305,64
2022-11-18_17h58m18s,0,0,84,108,18
2023-10-31_02h00m19s,0,0,40,207,64
2022-01-10_19h40m20s,0,0,78,69,64
2023-08-03_16h57m57s,0,0,261,138,64
2023-06-05_23h45m49s,0,0,183,176,64
2024-11-16_00h46m19s,0,0,99,117,64
2023-06-06_03h19m16s,0,0,131,187,64
2023-08-03_18h26m33s,0,0,245,93,64
2023-05-23_11h25m30s,0,0,54,125,64
2022-06-09_18h59m58s,0,0,88,68,64
2023-05-02_13h13m25s,0,0,78,129,64
2022-02-23_19h47m48s,0,0,56,46,64
2023-10-13_05h41m21s,0,0,290,83,64
2024-11-15_21h00m49s,0,0,62,94,64
2023-11-06_17h16m33s,0,0,268,93,64
2023-07-28_19h22m48s,0,0,93,96,64
2023-10-26_00h14m03s,0,0,98,48,9
2023-05-02_13h18m38s,0,0,78,125,64
2023-06-05_19h29m14s,0,0,161,167,64
2023-06-05_19h17m01s,0,0,175,172,64
2023-06-15_19h39m22s,0,0,89,96,64
2022-02-18_19h10m35s,0,0,29,28,64
2024-12-16_20h15m14s,0,0,89,211,64
2023-12-08_11h45m18s,0,0,61,62,64
2023-06-22_16h56m44s,0,0,89,172,64
2022-06-11_22h37m37s,0,0,115,34,64
2023-11-07_22h23m18s,0,0,134,68,64
2023-10-13_05h39m49s,0,0,216,230,64
2023-09-20_21h04m22s,0,0,169,99,64
2024-02-20_08h30m00s,0,0,58,341,64
2023-06-13_22h45m34s,0,0,47,152,64
2023-06-14_20h59m41s,0,0,156,110,64
2021-09-27_19h51m20s,0,0,148,144,64
2022-11-18_17h57m50s,0,0,108,95,18
2024-08-09_23h31m32s,0,0,101,108,64
2023-06-05_19h17m57s,0,0,131,168,64
2024-06-12_22h49m10s,0,0,240,109,64
2023-04-18_16h14m30s,0,0,74,120,64
2023-08-04_21h50m42s,0,0,67,134,64
2023-10-24_10h41m10s,0,0,61,317,64
2022-07-07_11h43m24s,0,0,40,64,64
2023-05-12_10h15m27s,0,0,93,126,64
2023-09-07_14h57m15s,0,0,45,328,27
2023-07-20_22h43m28s,0,0,82,141,64
2023-10-18_03h46m44s,0,0,113,135,64
2024-05-07_16h05m23s,0,0,22,103,64
2023-06-13_22h32m52s,0,0,148,191,64
2021-12-01_18h57m16s,0,0,55,127,64
2021-06-16_17h16m04s,0,0,183,56,36
2024-02-20_01h53m12s,0,0,51,445,51
2023-11-06_17h41m01s,0,0,232,71,64
2023-08-04_21h49m30s,0,0,92,130,64
2023-06-14_22h46m10s,0,0,39,143,64
2020-08-25_12h45m00s,0,0,79,129,64
2023-05-05_01h33m26s,0,0,266,94,64
2024-08-13_23h55m34s,0,0,254,199,64
2023-06-05_19h28m16s,0,0,170,149,64
2022-01-06_23h31m52s,0,0,85,105,51
2023-11-07_22h21m07s,0,0,147,72,64
2022-03-13_16h30m45s,0,0,109,123,33
2023-03-28_20h57m59s,0,0,113,109,64
2023-11-06_17h39m53s,0,0,218,47,64
2022-07-13_21h30m17s,0,0,101,87,64
2024-01-17_16h42m26s,0,0,114,121,64
2021-10-11_21h07m40s,0,0,119,136,64
2024-08-09_23h31m11s,0,0,89,93,64
2024-09-12_20h08m29s,0,0,181,442,18
2023-08-03_02h07m56s,0,0,139,41,64
2023-07-20_22h42m52s,0,0,130,94,64
2023-10-09_14h50m17s,0,0,173,233,64
2023-03-06_09h13m00s,0,0,173,233,64
2024-02-21_07h50m30s,0,0,75,194,64
2023-06-22_16h46m57s,0,0,52,71,64
2016-10-25_14h30m16s,0,0,63,73,64
2024-08-09_23h34m49s,0,0,127,80,64
2020-08-24_22h07m54s,0,0,87,121,64
2023-11-06_17h33m31s,0,0,192,75,64
2022-02-23_19h47m30s,0,0,36,44,64
2024-03-30_05h25m24s,0,0,35,46,57
2023-04-18_11h50m45s,0,0,74,118,64
2022-06-09_18h53m26s,0,0,33,130,64
2024-11-15_21h00m12s,0,0,90,74,64
2023-06-07_03h56m30s,0,0,125,125,64
2023-06-05_19h40m58s,0,0,145,219,64
2023-06-14_22h40m12s,0,0,116,165,64
2018-02-14_12h32m10s,0,0,28,30,45
2023-06-05_19h14m50s,0,0,154,200,64
2022-11-22_20h36m31s,0,0,35,37,27
2024-04-29_22h33m20s,0,0,181,187,64
2022-10-31_21h12m26s,0,0,137,544,30
2023-07-12_10h05m29s,0,0,246,209,64
2022-01-17_22h32m10s,0,0,207,114,64
2021-10-12_19h05m58s,0,0,120,138,64
2021-10-12_18h59m35s,0,0,177,157,64
2022-11-18_17h40m42s,0,0,104,127,9
2022-10-31_22h13m14s,0,0,118,130,64
2023-09-20_20h57m01s,0,0,168,124,64
2023-11-06_17h32m53s,0,0,183,76,64
2022-10-31_22h25m38s,0,0,163,156,64
2024-02-15_23h34m11s,0,0,226,150,64
2022-05-30_20h09m30s,0,0,200,200,64
2023-09-20_20h51m25s,0,0,125,166,64
2023-06-22_17h00m54s,0,0,279,113,64
2024-12-06_07h18m05s,0,0,92,70,64
2023-07-28_19h24m32s,0,0,98,80,64
2022-03-02_08h49m17s,0,0,82,95,64
2023-03-28_19h33m16s,0,0,106,103,64
2022-06-09_19h04m59s,0,0,72,120,64
2023-06-13_22h37m07s,0,0,169,217,64
2024-01-31_19h29m51s,0,0,167,171,64
2023-03-28_20h55m19s,0,0,181,111,64
2024-12-16_20h11m44s,0,0,77,90,64
2023-02-21_20h48m24s,0,0,248,140,64
2024-12-16_20h11m30s,0,0,77,76,64
2022-01-19_01h21m11s,0,0,206,88,64
2022-07-13_21h25m35s,0,0,176,82,64
2022-12-13_13h35m38s,0,0,91,88,64
2022-10-31_22h40m51s,0,0,220,239,42
2022-03-21_20h30m27s,0,0,113,95,64
2024-04-24_13h43m54s,0,0,41,342,64
2024-02-19_08h36m35s,0,0,41,342,64
2023-06-13_22h07m12s,0,0,146,172,64
2024-03-22_14h08m37s,0,0,111,121,64
2023-11-06_17h04m30s,0,0,137,77,64
2022-08-23_23h48m59s,0,0,123,92,64
2023-10-13_05h44m04s,0,0,286,109,64
2023-06-22_16h48m03s,0,0,95,91,64
2023-02-21_22h30m22s,0,0,137,93,64
2024-10-03_20h18m06s,0,0,460,144,64
2024-02-20_06h33m35s,0,0,41,397,64
2022-10-12_22h50m05s,0,0,124,214,64
2023-01-26_09h32m16s,0,0,177,188,64
2024-04-25_07h59m52s,0,0,76,759,64
2024-02-22_02h50m56s,0,0,76,759,64
2024-02-21_10h27m21s,0,0,76,759,64
2023-07-11_23h46m54s,0,0,229,356,64
2023-07-11_23h49m25s,0,0,196,395,64
2024-04-03_10h35m08s,0,0,41,437,33
2023-11-06_17h40m36s,0,0,218,72,64
2023-06-14_22h41m42s,0,0,138,164,64
2023-10-13_05h42m49s,0,0,275,142,64
2024-11-15_21h05m03s,0,0,74,55,64
2022-01-19_02h06m06s,0,0,178,137,64
2024-08-13_23h24m07s,0,0,88,143,64
2023-08-22_00h05m31s,0,0,157,179,64
2024-03-13_22h31m24s,0,0,76,87,64
2023-11-07_22h25m56s,0,0,130,67,64
2023-08-04_21h50m25s,0,0,85,122,64
2022-07-13_21h31m13s,0,0,138,86,64
2023-08-24_12h00m43s,0,0,270,200,64
2022-06-09_18h57m38s,0,0,72,114,64
2023-06-14_22h50m06s,0,0,34,145,64
2021-11-04_14h12m55s,0,0,53,139,64
2022-02-28_11h15m58s,0,0,82,83,64
2023-10-09_14h40m16s,0,0,172,490,42
2024-05-08_10h53m34s,0,0,20,635,64
2021-12-16_19h40m36s,0,0,67,52,64
2023-06-05_19h10m26s,0,0,158,157,64
2023-07-20_22h44m41s,0,0,75,96,64
2021-09-26_18h14m14s,0,0,64,98,45
2022-10-31_19h46m48s,0,0,140,159,64
2023-08-03_18h23m42s,0,0,82,169,64
2024-05-31_22h40m24s,0,0,361,128,64
2024-08-13_23h24m14s,0,0,57,126,64
2017-07-11_11h29m36s,0,0,119,254,64
2023-09-20_20h52m15s,0,0,124,162,64
2023-10-18_03h45m45s,0,0,126,82,64
2023-08-04_21h49m59s,0,0,71,123,64
2024-04-25_11h51m23s,0,0,71,742,64
2024-02-25_12h47m22s,0,0,71,742,64
2023-10-13_05h44m51s,0,0,80,84,64
2022-06-09_20h28m07s,0,0,127,184,64
2024-03-12_17h45m02s,0,0,100,119,64
2022-12-22_09h16m37s,0,0,196,401,64
2024-12-16_20h12m02s,0,0,94,87,64
2023-10-09_14h31m50s,0,0,221,420,64
2022-11-18_18h15m54s,0,0,117,106,33
2022-08-16_12h31m33s,0,0,314,237,64
2024-03-14_13h38m54s,0,0,66,239,64
2024-02-19_07h10m10s,0,0,67,342,64
2023-08-22_00h48m15s,0,0,51,69,64
2023-11-07_22h12m34s,0,0,332,149,64
2024-08-10_00h17m57s,0,0,208,179,64
2023-01-20_10h47m29s,0,0,131,263,64
2022-03-04_16h56m47s,0,0,80,111,64
2022-06-09_19h00m35s,0,0,62,112,64
2024-08-09_23h31m22s,0,0,105,97,64
2023-10-26_00h25m25s,0,0,203,88,12
2023-03-28_19h39m25s,0,0,132,91,64
2024-05-23_14h25m01s,0,0,128,157,64
2022-10-25_23h22m08s,0,0,143,158,64
2023-10-24_10h23m43s,0,0,40,212,64
2023-08-03_18h24m07s,0,0,86,173,64
2023-11-07_22h13m16s,0,0,336,114,64
2023-06-12_16h57m43s,0,0,125,174,64
2024-04-24_14h53m33s,0,0,41,468,64
2024-02-19_09h27m18s,0,0,41,468,60
2022-01-31_18h56m29s,0,0,20,20,15
2022-10-27_17h41m49s,0,0,126,140,64
2023-09-20_20h49m34s,0,0,31,64,64
2023-12-08_11h44m13s,0,0,58,59,15
2023-10-26_00h15m40s,0,0,122,65,9
2022-12-12_14h45m40s,0,0,205,280,64
2022-07-13_21h30m44s,0,0,114,105,64
2023-02-21_21h00m54s,0,0,272,153,64
2024-04-24_02h15m25s,0,0,56,314,64
2024-02-19_12h46m29s,0,0,56,314,64
2024-02-15_22h27m12s,0,0,108,119,64
2024-02-26_22h34m46s,0,0,173,186,64
2024-08-14_00h01m29s,0,0,151,279,64
2022-02-18_19h10m52s,0,0,44,44,64
2022-02-16_07h52m03s,0,0,147,134,12
2023-07-20_22h49m30s,0,0,70,83,64
2022-07-13_21h25m05s,0,0,169,139,64
2023-06-13_22h38m12s,0,0,233,239,64
2023-08-01_01h40m13s,0,0,189,98,64
2020-09-21_22h18m26s,0,0,184,161,64
2023-10-13_05h45m57s,0,0,85,97,64
2023-10-18_03h46m17s,0,0,101,59,64
2023-10-26_00h12m24s,0,0,112,90,9
2023-10-18_03h48m50s,0,0,85,123,64
2023-06-15_19h37m38s,0,0,74,97,64
2024-02-26_22h36m04s,0,0,183,188,64
2023-10-26_00h21m35s,0,0,199,82,12
2023-10-26_00h23m36s,0,0,247,90,9
2021-12-01_18h54m34s,0,0,44,114,64
2022-01-10_20h48m04s,0,0,160,158,63
2023-04-17_16h20m12s,0,0,91,98,64
2024-02-15_23h30m14s,0,0,216,115,64
2022-07-11_16h54m42s,0,0,105,395,64
2021-12-01_13h25m50s,0,0,177,413,64
2022-07-07_11h36m24s,0,0,40,64,64
2023-06-14_22h42m29s,0,0,119,156,64
2017-07-28_12h59m41s,0,0,129,225,64
2024-05-23_14h22m54s,0,0,115,143,64
2022-01-10_19h24m04s,0,0,44,42,64
2023-04-18_14h40m14s,0,0,81,103,64
2023-12-08_11h36m46s,0,0,84,50,18
2022-01-10_19h24m35s,0,0,75,49,64
2021-12-16_20h21m02s,0,0,75,52,64
2022-02-07_18h03m46s,0,0,315,95,64
2023-10-13_05h47m14s,0,0,119,81,64
2023-07-20_22h46m25s,0,0,75,73,64
2022-01-19_02h30m55s,0,0,222,69,64
2024-06-12_22h51m11s,0,0,250,252,64
2024-05-22_06h47m44s,0,0,51,463,64
2021-12-21_19h47m36s,0,0,148,93,64
2024-05-31_22h09m08s,0,0,29,67,64
2022-10-31_20h16m11s,0,0,279,234,64
2023-06-15_16h45m45s,0,0,18,70,64
2022-10-12_18h08m35s,0,0,43,166,64
2023-07-12_15h41m42s,0,0,195,386,64
2023-06-05_19h18m03s,0,0,133,167,64
2023-06-22_16h44m32s,0,0,54,73,64
2022-10-25_23h16m04s,0,0,137,167,45
2023-06-12_16h59m44s,0,0,119,196,64
2023-11-07_22h15m33s,0,0,355,84,64
2022-11-02_16h26m42s,0,0,125,226,64
2022-07-13_21h32m00s,0,0,80,76,64
2021-12-01_18h03m55s,0,0,277,86,60
2023-10-18_03h47m55s,0,0,95,87,64
2023-06-26_22h43m41s,0,0,25,55,64
2021-10-11_18h34m31s,0,0,163,121,64
2022-06-09_19h05m42s,0,0,67,146,64
2024-05-23_19h30m00s,0,0,193,242,64
2023-11-06_17h38m47s,0,0,124,54,64
2023-06-09_17h07m41s,0,0,24,80,64
2021-12-21_19h26m39s,0,0,129,59,64
2023-02-21_19h55m13s,0,0,97,124,64
2021-12-21_20h15m52s,0,0,110,92,64
2022-10-31_22h01m40s,0,0,176,172,64
2023-10-13_05h46m45s,0,0,83,106,64
2024-08-09_23h31m51s,0,0,81,85,64
2024-04-10_02h35m10s,0,0,169,64,64
2024-05-29_16h34m28s,0,0,18,20,27
2023-08-03_16h25m31s,0,0,138,74,64
2024-10-12_22h25m46s,0,0,38,54,64
2024-02-15_22h02m12s,0,0,182,87,64
2023-07-07_04h50m52s,0,0,322,271,16
2024-02-20_03h16m33s,0,0,46,404,64
2023-10-09_14h51m43s,0,0,163,302,64
2023-03-13_09h35m34s,0,0,163,302,64
2023-10-09_14h42m19s,0,0,166,442,64
2023-05-10_20h38m39s,0,0,166,442,64
2022-10-26_22h21m26s,0,0,22,174,64
2022-10-12_22h51m24s,0,0,162,207,64
2021-10-11_19h38m30s,0,0,75,131,64
2023-04-18_11h48m30s,0,0,78,123,64
2023-11-07_22h14m02s,0,0,335,65,64
2023-06-13_22h40m26s,0,0,193,312,64
2022-02-07_17h44m17s,0,0,203,115,64
2023-06-05_23h45m56s,0,0,157,206,64
2023-06-13_22h29m18s,0,0,188,250,64
2022-01-10_19h25m33s,0,0,70,49,64
2023-11-06_17h18m16s,0,0,250,106,64
2023-05-03_08h58m12s,0,0,165,196,64
2021-12-21_20h02m11s,0,0,166,78,64
2024-09-02_09h26m36s,0,0,264,245,64
2022-12-16_17h13m00s,0,0,91,88,64
2024-07-22_13h38m02s,0,0,71,575,64
2023-06-16_16h59m13s,0,0,48,165,64
2023-01-25_23h27m30s,0,0,190,189,18
2022-11-02_16h29m10s,0,0,89,174,64
2022-01-19_01h41m42s,0,0,213,94,64
2021-09-27_21h46m14s,0,0,257,250,64
2022-10-26_21h32m03s,0,0,134,76,64
2022-05-31_10h25m40s,0,0,300,200,64
2022-01-25_08h08m02s,0,0,300,200,64
2021-12-16_20h37m26s,0,0,87,60,64
2024-11-15_21h04m51s,0,0,66,53,64
2023-06-16_16h42m44s,0,0,121,143,64
2023-06-15_19h46m53s,0,0,35,55,64
2023-02-28_14h39m21s,0,0,96,126,64
2023-07-20_22h55m52s,0,0,71,95,64
2023-11-28_14h02m10s,0,0,30,124,64
2023-06-05_19h16m50s,0,0,168,160,64
2023-09-18_09h28m35s,0,0,50,410,64
2023-05-02_13h20m33s,0,0,87,128,64
2022-11-08_22h36m01s,0,0,95,173,64
2022-10-26_21h33m26s,0,0,114,101,64
2022-11-08_22h56m45s,0,0,32,102,51
2022-10-31_21h38m17s,0,0,148,84,64
2023-06-26_16h10m52s,0,0,22,64,64
2022-11-08_22h48m44s,0,0,221,220,42
2021-11-11_19h10m54s,0,0,172,213,64
2024-01-29_19h26m21s,0,0,160,259,64
2022-10-31_20h36m14s,0,0,52,529,64
2022-02-28_12h36m26s,0,0,83,115,64
2022-12-13_10h44m36s,0,0,91,99,64
2022-12-16_17h10m38s,0,0,81,88,64
2023-07-12_18h34m49s,0,0,108,165,64
2022-05-23_15h08m42s,0,0,10,10,64
2022-01-10_21h13m17s,0,0,102,144,64
2022-10-31_19h33m50s,0,0,163,202,64
2023-10-13_05h29m31s,0,0,105,138,64
2022-10-31_21h20m40s,0,0,80,491,64
2021-11-30_18h15m46s,0,0,50,165,64
2023-05-23_20h48m07s,0,0,71,59,64
2023-12-07_17h42m15s,0,0,100,100,64
2023-06-15_19h39m00s,0,0,127,84,64
2023-08-01_01h35m44s,0,0,53,59,64
2023-10-09_14h37m31s,0,0,216,478,15
2023-01-25_03h20m26s,0,0,102,186,64
2023-05-03_10h11m05s,0,0,42,142,64
2023-10-26_00h10m43s,0,0,103,110,9
2024-05-29_16h32m16s,0,0,18,20,21
2022-10-26_22h44m45s,0,0,85,99,64
2022-01-18_00h17m02s,0,0,88,122,64
2023-06-28_10h32m08s,0,0,336,244,64
2022-10-31_22h19m51s,0,0,222,240,64
2022-10-12_22h52m56s,0,0,37,166,64
2021-12-16_19h54m06s,0,0,71,62,64
2024-05-29_16h36m27s,0,0,18,20,21
2024-05-28_18h53m24s,0,0,18,20,21
2023-05-02_11h21m51s,0,0,47,138,64
2023-01-25_02h38m25s,0,0,102,144,64
2023-07-19_11h29m39s,0,0,229,130,64
2023-02-21_20h05m59s,0,0,122,244,64
2023-04-24_22h38m14s,0,0,157,74,64
2022-01-17_22h28m27s,0,0,148,119,64
2022-10-26_21h31m21s,0,0,103,53,64
2022-10-26_22h20m17s,0,0,23,171,64
2022-09-24_00h10m42s,0,0,205,146,64
2022-05-23_14h36m21s,0,0,20,20,64
2022-03-21_18h51m06s,0,0,102,83,45
2023-01-25_03h08m34s,0,0,149,164,64
2024-06-12_22h54m44s,0,0,292,236,64
2024-03-07_16h42m14s,0,0,33,30,64
2024-04-24_18h42m51s,0,0,76,790,64
2024-02-23_07h04m04s,0,0,76,790,64
2022-09-24_00h14m50s,0,0,106,97,64
2022-10-26_21h35m21s,0,0,93,126,64
2023-01-25_02h39m43s,0,0,196,181,64
2021-12-15_22h31m08s,0,0,92,114,64
2024-10-21_09h40m49s,0,0,92,331,64
2020-07-10_23h06m21s,0,0,54,78,64
2023-11-07_22h09m23s,0,0,20,91,64
2021-12-17_18h11m49s,0,0,141,129,64
2022-01-06_23h30m42s,0,0,40,61,64
2023-07-17_12h44m07s,0,0,80,80,64
2024-02-15_22h26m06s,0,0,82,118,64
2024-02-15_22h06m56s,0,0,202,73,64
2023-06-05_19h15m35s,0,0,151,189,64
2022-05-23_14h28m02s,0,0,20,20,64
2023-07-12_15h42m21s,0,0,284,99,64
2023-09-20_20h50m29s,0,0,42,89,64
2022-11-08_22h55m51s,0,0,114,179,64
2023-08-30_08h56m56s,0,0,50,410,64
2023-02-21_20h03m57s,0,0,124,112,64
2023-08-22_00h46m14s,0,0,45,69,64
2022-07-13_21h28m34s,0,0,83,82,64
2023-01-25_03h21m37s,0,0,109,188,64
2022-09-24_00h13m14s,0,0,66,130,64
2024-04-29_11h38m48s,0,0,99,115,64
2023-01-25_23h28m28s,0,0,111,170,18
2023-10-13_05h30m07s,0,0,128,82,64
2023-10-24_05h00m50s,0,0,66,201,45
2022-11-22_03h08m01s,0,0,178,157,64
2021-09-30_11h26m36s,0,0,140,250,51
2024-02-19_06h16m33s,0,0,70,342,36
2024-11-16_00h46m40s,0,0,88,130,64
2024-04-24_04h39m35s,0,0,61,264,64
2024-02-19_13h17m22s,0,0,61,264,64
2023-01-25_02h40m14s,0,0,65,203,64
2023-08-21_21h37m38s,0,0,47,78,64
2024-01-29_19h29m15s,0,0,163,253,64
2023-11-07_22h11m04s,0,0,90,81,64
2024-10-03_20h18m08s,0,0,351,238,64
2022-12-05_12h03m57s,0,0,143,133,36
2022-10-27_22h04m24s,0,0,85,153,64
2024-02-15_22h17m42s,0,0,362,126,64
2021-09-26_18h15m09s,0,0,50,94,45
2023-02-28_21h16m45s,0,0,123,60,64
2022-11-22_03h09m59s,0,0,76,63,64
2024-08-27_13h52m43s,0,0,155,125,64
2024-05-31_22h10m03s,0,0,26,72,64
2023-10-24_00h12m33s,0,0,209,64,64
2023-01-25_03h42m21s,0,0,91,110,36
2023-12-08_11h38m41s,0,0,83,60,12
2022-01-10_19h24m54s,0,0,43,60,64
2023-10-09_14h42m48s,0,0,143,227,64
2022-12-21_10h54m32s,0,0,143,227,64
2024-05-20_20h48m12s,0,0,194,83,64
2022-06-09_18h54m23s,0,0,33,184,64
2023-06-15_16h46m32s,0,0,17,65,64
2024-08-09_23h32m00s,0,0,93,100,64
2023-10-09_14h47m40s,0,0,341,154,64
2022-11-22_03h09m11s,0,0,83,141,64
2022-11-07_17h28m38s,0,0,197,156,45
2024-02-15_22h23m27s,0,0,356,154,64
2023-06-12_16h53m43s,0,0,150,95,64
2023-10-26_04h44m47s,0,0,51,311,64
2023-06-21_12h17m23s,0,0,280,115,64
2023-02-21_14h46m43s,0,0,178,416,64
2023-07-20_22h38m31s,0,0,53,84,64
2023-12-30_21h54m45s,0,0,51,516,64
2022-10-31_21h48m35s,0,0,114,161,64
2021-12-06_14h55m46s,0,0,51,55,64
2021-12-06_14h44m10s,0,0,51,55,64
2022-10-27_22h05m18s,0,0,158,649,64
2023-10-09_14h41m12s,0,0,181,359,42
2023-12-08_11h28m27s,0,0,85,44,64
2023-10-24_00h04m55s,0,0,40,72,64
2021-04-16_21h49m15s,0,0,154,76,15
2022-10-27_22h04m03s,0,0,148,170,64
2023-10-26_00h18m10s,0,0,126,41,12
2024-02-15_22h30m57s,0,0,112,128,64
2023-05-19_09h33m01s,0,0,300,198,64
2024-05-20_20h52m07s,0,0,155,167,64
2022-10-31_21h42m30s,0,0,205,152,64
2023-08-21_21h32m32s,0,0,51,81,64
2022-11-08_22h52m27s,0,0,130,196,60
2021-12-21_19h16m18s,0,0,135,72,64
2023-12-08_11h32m26s,0,0,84,48,64
2023-10-24_00h04m37s,0,0,65,52,64
2023-09-18_14h44m26s,0,0,1,338,64
2023-06-16_16h43m30s,0,0,137,133,64
2021-09-27_21h29m45s,0,0,117,150,64
2021-11-30_18h19m37s,0,0,29,130,64
2023-06-05_20h00m00s,0,0,140,145,64
2023-08-03_18h18m23s,0,0,88,86,64
2022-10-27_22h05m48s,0,0,110,124,64
2022-07-23_22h43m02s,0,0,165,192,24
2024-04-25_00h55m09s,0,0,90,127,64
2021-11-18_23h18m10s,0,0,29,37,64
2023-06-15_18h06m13s,0,0,111,174,64
2023-12-08_11h33m27s,0,0,77,51,64
2022-03-28_21h29m44s,0,0,158,104,12
2023-05-05_10h29m22s,0,0,165,205,64
2021-12-01_18h44m44s,0,0,304,115,64
2024-06-12_23h16m29s,0,0,187,188,64
2022-09-21_06h38m00s,0,0,49,80,64
2021-11-30_17h58m15s,0,0,104,68,64
2023-02-28_21h17m08s,0,0,119,114,64
2023-10-24_00h05m47s,0,0,114,69,64
2023-02-10_01h15m22s,0,0,108,112,64
2023-11-02_03h41m34s,0,0,96,313,64
2022-11-18_18h21m22s,0,0,150,121,51
2024-05-26_11h12m55s,0,0,86,118,64
2023-10-24_00h05m31s,0,0,120,66,64
2022-12-07_00h50m53s,0,0,34,39,64
2023-05-23_20h44m02s,0,0,178,177,64
2021-11-18_23h17m50s,0,0,29,29,64
2023-12-08_11h30m26s,0,0,83,45,64
2023-08-21_21h13m21s,0,0,43,84,64
2023-10-24_00h11m37s,0,0,100,71,64
2024-04-25_00h55m32s,0,0,121,122,64
2024-02-15_22h00m15s,0,0,77,69,64
2023-11-02_07h45m13s,0,0,61,202,64
2023-06-06_03h16m27s,0,0,225,155,64
2022-12-07_00h49m37s,0,0,34,32,64
2024-11-15_20h53m34s,0,0,82,190,64
2023-10-09_14h49m36s,0,0,150,188,64
2023-03-03_09h57m15s,0,0,150,188,64
2023-02-10_01h19m09s,0,0,111,96,64
2023-02-10_01h17m52s,0,0,96,130,64
2024-02-05_18h47m45s,0,0,187,306,64
2023-12-08_11h34m42s,0,0,80,54,64
2023-02-28_21h18m35s,0,0,59,145,64
2022-10-12_22h52m29s,0,0,33,155,64
2022-10-12_22h52m07s,0,0,92,245,64
2023-10-24_00h12m16s,0,0,265,55,64
2021-11-18_20h09m36s,0,0,32,30,64
2021-11-18_23h17m02s,0,0,22,26,64
2022-04-22_13h59m24s,0,0,82,64,64
2024-04-25_00h55m22s,0,0,115,140,64
2023-02-28_21h19m36s,0,0,121,80,64
2023-10-24_00h05m59s,0,0,88,67,64
2024-08-26_10h18m16s,0,0,85,67,64
2023-10-24_00h11m10s,0,0,101,156,64
2022-10-27_17h43m19s,0,0,26,286,64
2024-04-25_00h54m19s,0,0,117,119,64
2021-12-01_18h16m10s,0,0,261,90,64
2023-02-08_23h57m08s,0,0,104,122,64
2024-04-25_00h54m36s,0,0,167,98,64
2023-08-21_21h13m45s,0,0,78,47,64
2024-04-29_22h32m19s,0,0,87,275,64
2023-02-10_01h16m22s,0,0,71,129,64
2023-10-24_00h06m17s,0,0,183,54,64
2024-04-29_22h30m37s,0,0,190,202,64
2024-11-15_20h52m54s,0,0,168,126,64
2023-02-15_09h02m24s,0,0,213,198,64
2023-06-12_17h01m29s,0,0,140,184,64
2022-12-07_00h57m22s,0,0,28,43,64
2023-02-28_21h16m03s,0,0,122,57,64
2023-02-28_21h17m44s,0,0,134,70,64
2024-02-15_21h59m00s,0,0,179,83,64
2024-05-26_11h12m08s,0,0,99,93,64
2023-11-02_03h57m14s,0,0,66,201,63
2023-02-21_20h23m16s,0,0,155,102,64
2023-07-12_18h34m10s,0,0,132,167,64
2023-07-12_16h17m08s,0,0,132,167,64
2023-06-27_10h08m29s,0,0,280,115,63
2024-12-07_01h07m57s,0,0,80,84,64
2023-07-12_16h18m33s,0,0,132,167,64
2023-07-12_16h23m01s,0,0,132,167,64
2023-06-05_20h00m03s,0,0,154,135,64
2022-01-19_02h46m41s,0,0,112,102,64
2023-03-14_09h01m24s,0,0,119,235,64
2022-10-27_22h03m36s,0,0,181,142,64
2022-12-07_01h01m06s,0,0,60,44,64
2024-02-29_03h38m10s,0,0,74,815,64
2023-02-21_19h54m21s,0,0,99,100,64
2024-02-15_22h32m22s,0,0,152,91,64
2022-04-22_13h57m25s,0,0,183,85,64
2023-03-27_09h31m56s,0,0,75,291,64
2023-10-24_00h11m53s,0,0,57,162,64
2022-09-24_00h16m25s,0,0,124,104,64
2023-03-29_09h11m19s,0,0,91,295,64
2023-08-21_21h12m25s,0,0,55,63,64
2024-05-26_11h11m17s,0,0,96,105,64
2023-06-13_22h31m15s,0,0,147,126,64
2022-12-07_00h58m07s,0,0,50,52,64
2022-11-18_18h01m53s,0,0,133,126,12
2024-08-27_15h06m14s,0,0,45,55,64
2023-06-26_22h44m14s,0,0,170,111,64
2023-10-24_00h06m45s,0,0,120,93,64
2023-07-20_12h23m45s,0,0,60,60,64
2022-01-06_23h29m58s,0,0,42,58,64
2023-06-27_22h50m56s,0,0,133,108,64
2022-10-25_23h20m53s,0,0,131,157,64
2023-02-08_23h52m56s,0,0,87,114,64
2024-08-27_15h08m05s,0,0,42,46,64
2023-07-20_12h22m29s,0,0,60,60,64
2023-08-15_21h26m44s,0,0,203,139,64
2023-08-03_08h16m30s,0,0,113,344,64
2022-12-07_00h58m45s,0,0,50,58,64
2022-01-19_03h09m11s,0,0,91,161,64
2023-03-30_03h06m04s,0,0,42,66,64
2022-12-07_00h51m41s,0,0,38,35,64
2024-04-25_00h52m45s,0,0,57,119,64
2023-08-01_01h36m21s,0,0,50,46,64
2024-04-25_00h54m03s,0,0,119,83,64
2021-11-11_19h49m38s,0,0,117,162,64
2022-05-23_14h49m10s,0,0,10,10,64
2024-03-27_21h11m49s,0,0,274,78,64
2024-03-27_21h11m09s,0,0,311,83,64
2022-10-27_17h42m29s,0,0,123,139,57
2022-01-18_00h25m47s,0,0,108,136,64
2023-06-07_16h49m56s,0,0,250,249,64
2023-02-10_01h15m44s,0,0,92,102,64
2024-04-25_01h20m03s,0,0,136,113,64
2024-06-06_19h22m09s,0,0,109,193,64
2021-11-18_23h17m34s,0,0,21,27,64
2024-08-09_23h34m58s,0,0,103,87,64
2022-12-07_00h59m28s,0,0,29,30,64
2024-11-15_20h56m01s,0,0,173,246,64
2022-10-27_22h13m37s,0,0,151,202,64
2024-04-25_00h48m53s,0,0,113,184,64
2023-07-12_00h11m17s,0,0,130,298,64
2024-06-12_23h26m40s,0,0,398,182,64
2024-07-09_02h41m31s,0,0,123,156,64
2023-02-21_19h54m06s,0,0,110,129,64
2023-05-15_21h06m50s,0,0,89,155,64
2023-02-21_20h20m40s,0,0,144,234,64
2023-06-30_11h26m40s,0,0,232,159,64
2024-04-24_11h20m54s,0,0,36,342,15
2024-02-19_07h39m02s,0,0,36,342,18
2023-10-24_00h06m33s,0,0,188,196,64
2024-02-05_18h46m05s,0,0,182,324,64
2021-12-16_16h03m58s,0,0,65,50,64
2024-03-07_16h10m32s,0,0,17,76,64
2021-11-22_18h04m41s,0,0,50,30,30
2024-04-25_01h19m34s,0,0,123,121,64
2023-06-15_18h37m50s,0,0,57,36,64
2024-11-15_20h53m16s,0,0,153,142,64
2024-03-27_21h04m48s,0,0,123,150,64
2022-11-18_19h20m40s,0,0,105,181,64
2023-07-12_15h45m25s,0,0,321,76,64
2024-01-25_07h21m00s,0,0,63,149,64
2023-02-08_11h57m02s,0,0,151,242,64
2023-06-15_18h06m40s,0,0,115,183,64
2024-11-15_20h55m36s,0,0,173,156,64
2022-11-30_17h25m27s,0,0,46,73,60
2022-07-11_16h50m37s,0,0,199,398,64
2022-05-23_15h09m11s,0,0,10,10,64
2021-10-12_19h00m16s,0,0,134,169,64
2023-12-08_11h37m32s,0,0,85,45,18
2024-03-27_21h10m09s,0,0,269,89,64
2023-02-08_23h53m56s,0,0,99,106,64
2022-10-25_23h22m47s,0,0,119,149,57
2023-10-09_14h51m15s,0,0,151,281,64
2023-03-09_09h09m41s,0,0,151,281,64
2023-08-21_21h36m51s,0,0,56,42,64
2022-02-07_18h06m27s,0,0,66,60,64
2022-12-07_01h57m04s,0,0,145,117,64
2024-11-15_20h54m10s,0,0,85,182,64
2023-08-29_09h14m20s,0,0,1,338,64
2024-03-27_21h10m30s,0,0,330,104,64
2021-11-04_12h41m40s,0,0,60,145,64
2023-10-24_00h10m34s,0,0,112,61,64
2023-07-17_11h52m17s,0,0,80,80,64
2023-02-21_14h50m02s,0,0,339,230,64
2022-12-07_01h56m07s,0,0,141,58,64
2022-10-31_20h25m55s,0,0,283,275,24
2023-08-21_21h13m03s,0,0,57,67,64
2023-06-12_16h48m46s,0,0,146,108,64
2023-07-14_23h53m32s,0,0,61,44,64
2023-10-24_04h36m26s,0,0,96,313,42
2023-06-15_19h36m19s,0,0,61,80,64
2022-02-07_18h14m30s,0,0,68,77,64
2024-04-25_01h38m16s,0,0,149,96,64
2023-02-21_20h15m38s,0,0,84,148,64
2024-11-15_20h54m50s,0,0,217,174,64
2024-04-07_01h23m16s,0,0,45,61,18
2021-11-30_18h24m29s,0,0,48,134,64
2022-11-07_17h16m05s,0,0,150,209,64
2023-05-25_10h07m40s,0,0,223,130,15
2024-03-27_21h06m29s,0,0,146,75,64
2023-07-17_11h37m09s,0,0,80,80,64
2024-04-25_01h34m32s,0,0,105,108,64
2023-06-12_16h52m51s,0,0,96,146,64
2023-06-09_17h10m13s,0,0,23,74,64
2023-12-14_03h06m22s,0,0,373,76,64
2024-01-25_07h20m16s,0,0,135,101,64
2023-06-12_17h03m17s,0,0,146,172,64
2024-04-25_00h53m16s,0,0,85,128,64
2021-12-15_23h32m16s,0,0,199,127,48
2023-10-24_00h10m51s,0,0,165,88,64
2022-05-23_14h27m35s,0,0,20,20,64
2023-04-13_09h04m33s,0,0,94,381,64
2022-06-20_21h10m49s,0,0,20,20,64
2023-08-01_01h36m04s,0,0,52,36,64
2023-10-03_11h09m24s,0,0,200,140,64
2022-12-15_15h55m43s,0,0,88,67,64
2021-12-16_15h57m43s,0,0,60,48,64
2021-11-18_20h09m21s,0,0,33,39,64
2023-12-06_14h57m40s,0,0,120,369,9
2024-11-15_21h01m47s,0,0,106,72,64
2024-04-29_22h39m17s,0,0,82,173,64
2022-02-07_18h05m58s,0,0,309,74,64
2024-03-27_21h09m34s,0,0,87,100,64
2022-12-07_01h59m02s,0,0,79,123,64
2023-11-07_22h10m04s,0,0,21,98,64
2022-11-08_22h50m58s,0,0,130,202,64
2023-08-21_21h01m17s,0,0,106,72,64
2022-11-08_22h41m33s,0,0,190,242,64
2023-04-14_14h06m36s,0,0,93,359,64
2023-06-23_16h24m34s,0,0,433,229,64
2024-01-25_07h20m37s,0,0,123,89,64
2022-05-23_14h40m53s,0,0,20,20,64
2024-04-02_18h43m59s,0,0,155,194,64
2023-10-24_00h11m18s,0,0,63,45,64
2024-04-29_22h32m58s,0,0,286,146,64
2024-03-26_16h33m51s,0,0,70,92,9
2024-12-07_00h33m42s,0,0,127,144,64
2024-01-25_07h19m55s,0,0,105,82,64
2024-03-27_21h05m57s,0,0,124,79,64
2022-01-06_23h31m13s,0,0,40,63,64
2023-12-12_09h44m46s,0,0,113,101,64
2024-04-25_01h09m56s,0,0,102,102,64
2023-04-24_22h39m50s,0,0,100,158,64
2024-04-25_01h10m33s,0,0,133,119,64
2022-10-12_18h12m04s,0,0,38,172,64
2023-09-20_20h54m41s,0,0,132,140,64
2023-02-10_01h04m40s,0,0,43,48,64
2022-10-18_14h44m19s,0,0,328,459,28
2024-04-25_00h49m24s,0,0,105,152,64
2024-04-25_01h39m15s,0,0,151,86,64
2023-08-31_21h50m47s,0,0,106,112,64
2022-10-12_22h53m20s,0,0,121,175,64
2024-05-31_22h12m50s,0,0,67,110,64
2023-08-22_00h43m23s,0,0,63,42,64
2023-04-18_14h39m01s,0,0,76,117,64
2024-08-27_13h56m24s,0,0,90,73,64
2023-08-23_08h57m23s,0,0,50,130,45
2024-04-02_18h49m17s,0,0,202,117,64
2023-06-12_16h51m55s,0,0,102,151,64
2022-04-22_14h00m05s,0,0,83,63,64
2022-04-22_13h58m27s,0,0,113,56,64
2022-10-26_22h47m54s,0,0,176,93,64
2022-03-22_16h26m12s,0,0,107,109,64
2024-10-31_15h04m51s,0,0,10,13,64
2022-05-30_19h17m45s,0,0,200,200,64
2024-03-27_21h08m01s,0,0,118,67,64
2023-08-21_21h07m24s,0,0,34,57,64
2023-06-09_23h42m56s,0,0,119,92,64
2023-12-12_09h44m57s,0,0,73,94,64
2024-06-06_19h08m24s,0,0,181,198,64
2024-04-25_00h46m13s,0,0,108,176,64
2023-05-15_20h29m41s,0,0,107,271,64
2023-05-12_11h52m17s,0,0,107,271,64
2024-11-15_21h01m31s,0,0,107,53,64
2023-10-18_03h50m36s,0,0,114,110,64
2021-12-09_23h53m39s,0,0,101,63,64
2022-09-14_16h14m19s,0,0,133,144,21
2024-09-18_23h55m26s,0,0,299,179,9
2024-04-10_02h36m38s,0,0,290,233,64
2024-06-06_19h01m37s,0,0,222,103,64
2023-08-22_00h44m08s,0,0,42,49,64
2024-11-16_00h58m25s,0,0,127,96,64
2022-03-01_14h14m00s,0,0,81,83,64
2023-08-03_18h18m38s,0,0,62,82,64
2024-04-25_01h10m15s,0,0,120,146,64
2024-04-29_22h41m14s,0,0,163,75,64
2022-10-12_21h41m54s,0,0,121,206,64
2023-05-23_20h45m27s,0,0,186,84,64
2023-08-21_21h10m38s,0,0,79,52,64
2023-05-10_20h44m19s,0,0,156,511,64
2024-04-25_01h19m02s,0,0,59,156,64
2024-03-27_21h12m40s,0,0,129,39,64
2023-04-24_22h31m55s,0,0,113,136,30
2022-10-31_20h44m32s,0,0,175,554,64
2023-12-12_09h44m03s,0,0,168,111,64
2023-02-21_10h22m22s,0,0,349,165,64
2023-08-22_00h43m44s,0,0,48,31,64
2022-03-30_19h29m56s,0,0,241,343,64
2023-06-26_22h44m44s,0,0,62,96,64
2023-09-26_18h24m34s,0,0,200,130,64
2024-05-20_20h33m35s,0,0,67,124,64
2022-01-06_23h35m16s,0,0,125,92,57
2022-11-08_22h54m27s,0,0,133,164,64
2020-09-03_09h05m00s,0,0,118,280,33
2020-09-03_09h45m19s,0,0,118,280,33
2022-05-23_14h47m32s,0,0,20,20,64
2022-12-12_09h28m41s,0,0,222,218,64
2023-07-17_12h44m04s,0,0,80,80,64
2023-03-17_09h20m45s,0,0,172,219,64
2023-10-09_14h48m26s,0,0,160,205,64
2023-02-20_14h20m20s,0,0,160,205,64
2023-10-23_23h56m07s,0,0,174,63,64
2022-01-31_09h18m06s,0,0,350,310,15
2024-02-21_07h52m31s,0,0,96,228,64
2024-04-25_00h45m33s,0,0,90,165,64
2024-04-25_01h09m25s,0,0,107,107,64
2023-03-30_03h06m35s,0,0,20,20,64
2024-01-05_03h30m38s,0,0,174,169,64
2023-12-01_17h30m01s,0,0,169,82,64
2023-12-12_10h06m13s,0,0,167,75,64
2023-02-21_15h07m37s,0,0,141,176,54
2023-08-22_00h46m59s,0,0,79,64,64
2023-12-14_03h05m48s,0,0,298,87,64
2022-11-21_21h19m37s,0,0,161,334,64
2024-03-07_16h16m32s,0,0,44,31,64
2024-04-25_01h15m52s,0,0,79,180,64
2023-05-02_13h15m54s,0,0,81,124,64
2023-10-18_03h48m23s,0,0,90,96,64
2024-08-13_23h32m01s,0,0,168,200,64
2023-05-02_13h16m44s,0,0,70,124,64
2022-11-08_22h57m04s,0,0,27,168,64
2023-06-12_16h41m35s,0,0,125,123,64
2022-10-12_22h54m20s,0,0,148,156,51
2022-12-07_01h02m53s,0,0,35,55,64
2024-04-29_22h34m10s,0,0,103,72,64
2022-07-13_21h29m52s,0,0,137,81,64
2021-12-16_20h39m54s,0,0,52,33,64
2022-12-07_00h52m55s,0,0,54,28,64
2022-11-18_19h51m02s,0,0,135,261,42
2023-07-18_11h56m13s,0,0,60,60,64
2023-06-08_04h01m22s,0,0,16,52,64
2023-10-24_00h01m43s,0,0,90,42,64
2023-08-31_21h51m28s,0,0,134,294,64
2022-11-18_18h18m43s,0,0,207,122,18
2023-07-17_12h39m29s,0,0,80,80,64
2023-08-11_01h46m25s,0,0,169,101,64
2023-08-11_01h56m50s,0,0,169,101,64
2023-08-31_21h47m42s,0,0,64,144,64
2021-12-06_16h54m27s,0,0,155,117,64
2024-04-29_22h40m50s,0,0,179,88,64
2023-03-30_03h06m22s,0,0,20,20,64
2023-07-17_11h55m19s,0,0,80,80,64
2024-01-25_07h22m17s,0,0,161,75,64
2023-12-12_10h07m02s,0,0,175,82,64
2023-08-11_19h24m36s,0,0,169,101,51
2024-04-25_00h53m43s,0,0,124,63,64
2024-04-25_01h15m29s,0,0,81,174,64
2023-12-12_10h06m03s,0,0,162,80,64
2022-01-13_22h49m28s,0,0,192,221,64
2024-04-25_00h46m31s,0,0,151,93,64
2023-02-10_01h19m34s,0,0,59,175,64
2023-08-31_21h50m18s,0,0,47,135,64
2024-04-25_00h52m15s,0,0,96,95,64
2023-12-12_09h44m19s,0,0,175,85,64
2023-10-09_14h34m11s,0,0,185,452,9
2023-12-12_10h05m43s,0,0,93,163,64
2023-12-12_10h06m32s,0,0,166,83,64
2023-07-12_15h46m55s,0,0,125,100,64
2023-05-08_09h47m18s,0,0,169,199,33
2023-12-08_14h04m13s,0,0,45,45,64
2024-04-25_01h13m53s,0,0,240,84,64
2022-10-18_13h46m45s,0,0,261,477,20
2021-11-11_17h53m06s,0,0,160,180,64
2023-08-21_21h41m19s,0,0,34,61,64
2023-07-17_17h36m49s,0,0,60,60,64
2023-10-23_23h59m04s,0,0,211,110,64
2024-04-25_01h34m16s,0,0,141,114,64
2023-04-06_10h05m21s,0,0,255,323,64
2023-07-20_22h39m40s,0,0,44,109,64
2023-08-21_20h59m31s,0,0,60,55,64
2022-01-31_18h58m59s,0,0,20,20,64
2021-11-18_20h10m13s,0,0,38,41,64
2022-06-09_18h59m11s,0,0,92,68,64
2022-03-22_17h23m47s,0,0,103,84,64
2022-06-11_22h33m32s,0,0,148,103,64
2024-11-16_01h07m28s,0,0,83,170,64
2023-12-12_09h43m45s,0,0,157,88,64
2024-06-06_19h26m13s,0,0,137,252,64
2023-07-17_11h37m14s,0,0,80,80,64
2022-01-06_23h32m29s,0,0,77,113,64
2022-07-07_09h50m07s,0,0,40,64,64
2022-05-23_14h48m18s,0,0,20,20,64
2023-03-10_13h38m15s,0,0,52,171,64
2024-04-25_01h39m44s,0,0,105,121,64
2023-08-21_21h38m09s,0,0,53,67,64
2021-11-22_18h47m36s,0,0,50,30,64
2023-08-21_21h12m02s,0,0,68,57,64
2023-02-10_01h20m48s,0,0,85,79,64
2023-08-03_02h09m53s,0,0,49,49,64
2024-04-25_00h43m17s,0,0,151,122,64
2022-04-22_13h53m22s,0,0,94,55,64
2023-12-14_03h04m20s,0,0,283,58,64
2024-01-31_08h29m02s,0,0,86,87,64
2024-08-10_00h31m07s,0,0,191,80,64
2023-12-08_11h35m33s,0,0,85,41,64
2023-07-17_11h38m33s,0,0,80,80,64
2023-04-26_11h34m56s,0,0,140,281,64
2024-08-10_00h31m11s,0,0,194,91,64
2022-12-07_01h54m19s,0,0,83,69,64
2022-08-24_00h20m06s,0,0,102,75,64
2022-06-25_19h59m52s,0,0,16,285,64
2022-06-11_22h34m57s,0,0,166,90,64
2023-07-12_15h43m31s,0,0,325,90,64
2022-07-07_09h49m42s,0,0,40,64,64
2022-11-18_19h57m36s,0,0,112,217,64
2022-01-17_22h44m46s,0,0,138,114,64
2024-03-07_16h10m41s,0,0,85,19,64
2022-11-18_19h43m55s,0,0,157,99,64
2022-10-26_22h52m51s,0,0,102,186,64
2024-06-06_18h57m58s,0,0,207,139,64
2022-10-12_22h55m09s,0,0,135,193,64
2023-07-17_11h37m44s,0,0,80,80,64
2023-06-15_19h36m41s,0,0,92,64,64
2024-01-25_07h22m42s,0,0,170,77,64
2022-11-18_20h04m21s,0,0,140,231,64
2023-07-17_12h45m38s,0,0,80,80,64
2023-12-04_13h59m11s,0,0,654,1495,12
2024-01-25_07h24m55s,0,0,159,84,64
2021-05-05_22h21m56s,0,0,195,99,64
2022-07-07_11h49m23s,0,0,40,64,64
2022-11-08_22h38m21s,0,0,126,204,64
2022-12-07_01h53m57s,0,0,44,72,64
2022-11-21_21h55m59s,0,0,171,365,64
2022-01-06_23h34m13s,0,0,129,79,63
2023-07-05_22h19m32s,0,0,246,296,64
2023-07-21_16h56m10s,0,0,101,357,64
2024-03-26_16h32m55s,0,0,78,92,15
2024-04-25_00h46m01s,0,0,169,93,64
2024-04-25_00h51m26s,0,0,97,53,64
2023-08-21_21h11m42s,0,0,78,45,64
2024-04-25_01h10m59s,0,0,217,161,64
2023-08-03_02h04m35s,0,0,129,92,64
2022-02-24_20h58m45s,0,0,135,160,45
2023-08-22_00h47m18s,0,0,73,54,64
2024-03-27_21h12m19s,0,0,129,79,64
2023-06-15_19h37m06s,0,0,68,73,64
2022-03-13_16h32m25s,0,0,84,111,57
2023-08-22_00h44m53s,0,0,81,48,64
2022-10-26_22h48m50s,0,0,182,126,64
2024-04-02_18h44m50s,0,0,196,139,64
2023-12-14_03h04m40s,0,0,277,77,64
2022-01-06_23h30m19s,0,0,42,54,64
2021-11-11_11h49m37s,0,0,107,275,64
2023-04-06_09h32m12s,0,0,255,323,64
2024-04-02_18h45m20s,0,0,160,198,64
2023-04-19_09h49m38s,0,0,89,293,64
2024-04-25_01h11m25s,0,0,208,125,64
2024-08-26_10h15m22s,0,0,166,137,64
2024-02-21_07h48m49s,0,0,154,151,64
2024-02-16_08h44m28s,0,0,86,220,51
2023-08-21_21h10m27s,0,0,61,66,64
2024-03-07_16h36m45s,0,0,20,73,64
2021-11-18_20h09m55s,0,0,27,32,64
2023-10-09_14h52m21s,0,0,138,179,64
2023-03-15_09h30m03s,0,0,138,179,64
2024-04-02_18h48m50s,0,0,128,191,64
2023-06-12_16h56m14s,0,0,104,182,64
2023-04-19_09h28m19s,0,0,244,196,12
2024-04-25_00h36m33s,0,0,131,139,64
2024-11-16_01h09m13s,0,0,36,26,64
2022-12-07_02h13m50s,0,0,74,84,64
2023-10-24_00h01m23s,0,0,134,84,64
2023-12-12_09h43m19s,0,0,115,94,64
2022-01-06_23h29m37s,0,0,35,49,64
2023-06-08_17h11m16s,0,0,16,55,64
2023-09-21_18h37m54s,0,0,230,197,64
2022-07-11_16h49m49s,0,0,111,298,64
2022-05-16_10h25m14s,0,0,199,298,12
2023-10-09_14h38m30s,0,0,132,289,15
2024-04-25_01h40m07s,0,0,165,84,64
2021-11-04_12h13m03s,0,0,72,139,64
2024-06-06_18h32m13s,0,0,130,211,64
2023-05-03_11h49m47s,0,0,55,122,64
2023-06-12_16h44m50s,0,0,131,111,64
2023-08-21_21h30m47s,0,0,86,67,64
2024-01-25_07h16m49s,0,0,160,133,64
2022-06-09_18h55m40s,0,0,105,63,64
2022-12-07_02h08m52s,0,0,71,82,64
2023-06-26_22h46m34s,0,0,90,76,64
2024-04-25_00h45m18s,0,0,176,85,64
2024-03-01_01h50m28s,0,0,147,157,64
2022-11-18_17h42m17s,0,0,131,125,9
2024-01-25_07h21m27s,0,0,147,74,64
2021-09-11_19h49m51s,0,0,240,130,64
2023-02-10_01h20m26s,0,0,88,164,64
2024-01-25_07h17m16s,0,0,167,102,64
2023-08-21_21h11m04s,0,0,73,37,64
2022-01-06_23h33m23s,0,0,129,82,64
2023-08-31_21h50m27s,0,0,59,57,64
2023-06-27_00h29m03s,0,0,224,126,64
2024-11-16_01h07m44s,0,0,146,60,64
2023-07-12_15h48m48s,0,0,118,140,64
2023-08-01_01h42m44s,0,0,105,89,64
2022-10-26_22h25m50s,0,0,107,103,64
2024-04-25_01h03m19s,0,0,126,150,64
2024-04-29_22h48m23s,0,0,89,153,64
2024-04-29_22h27m33s,0,0,118,84,64
2024-10-08_23h55m58s,0,0,248,111,64
2024-08-10_00h31m15s,0,0,201,73,64
2023-10-04_15h59m19s,0,0,30,36,64
2022-05-23_14h46m46s,0,0,20,20,64
2024-02-11_05h46m51s,0,0,130,158,64
2024-06-12_22h43m11s,0,0,81,69,64
2023-01-25_02h40m52s,0,0,149,176,64
2024-04-25_01h11m55s,0,0,128,239,64
2022-06-11_22h46m38s,0,0,75,243,64
2022-10-31_21h51m33s,0,0,163,238,24
2021-11-24_11h05m17s,0,0,20,20,63
2023-01-19_18h41m55s,0,0,103,98,64
2024-04-25_01h14m47s,0,0,140,49,64
2023-07-17_11h56m28s,0,0,80,80,64
2023-02-21_14h48m04s,0,0,157,175,64
2024-02-11_05h46m32s,0,0,176,162,64
2022-12-07_02h13m20s,0,0,88,88,64
2023-01-19_18h36m46s,0,0,45,115,64
2022-06-11_22h38m49s,0,0,98,90,64
2023-01-17_22h26m24s,0,0,321,254,64
2024-04-25_01h04m51s,0,0,103,128,64
2022-07-16_07h47m31s,0,0,265,139,45
2023-12-12_10h16m27s,0,0,117,127,64
2023-01-19_18h43m55s,0,0,94,116,64
2024-01-25_07h16m26s,0,0,141,66,64
2024-11-16_01h09m41s,0,0,71,86,64
2024-11-16_01h08m29s,0,0,235,42,64
2024-04-25_00h51m41s,0,0,81,77,64
2022-06-20_21h13m02s,0,0,20,20,64
2023-08-03_02h08m40s,0,0,105,41,64
2023-07-17_12h38m45s,0,0,80,80,64
2022-11-30_17h27m25s,0,0,22,39,64
2022-02-24_20h57m29s,0,0,149,140,51
2023-02-10_01h19m46s,0,0,128,67,64
2023-06-06_03h30m59s,0,0,18,109,64
2023-10-24_06h20m24s,0,0,61,202,48
2023-02-28_09h38m11s,0,0,79,261,64
2023-08-22_00h47m53s,0,0,69,44,64
2024-12-07_01h07m59s,0,0,85,90,64
2022-03-02_09h12m28s,0,0,82,108,64
2022-07-11_16h07m45s,0,0,318,643,64
2024-11-16_01h10m05s,0,0,42,42,64
2024-06-12_22h47m29s,0,0,56,97,64
2023-10-27_15h36m52s,0,0,209,254,9
2023-08-03_02h08m23s,0,0,91,51,64
2023-07-17_12h42m47s,0,0,80,80,64
2023-01-19_18h42m51s,0,0,67,114,64
2023-03-22_09h05m41s,0,0,89,324,64
2023-07-18_11h54m33s,0,0,60,60,64
2023-07-18_11h53m52s,0,0,60,60,64
2023-06-07_05h04m14s,0,0,166,166,64
2023-06-27_00h29m31s,0,0,197,147,64
2021-12-16_16h05m40s,0,0,45,70,64
2023-10-24_00h00m39s,0,0,47,75,64
2024-04-29_22h43m26s,0,0,85,188,64
2022-07-23_22h56m03s,0,0,175,211,64
2024-10-11_16h27m46s,0,0,57,462,64
2024-10-10_09h05m36s,0,0,109,404,64
2023-12-12_09h47m58s,0,0,163,102,64
2024-01-31_08h30m01s,0,0,161,174,64
2022-10-31_20h18m40s,0,0,198,186,64
2024-04-29_22h23m10s,0,0,191,163,64
2024-03-07_16h16m15s,0,0,48,30,64
2022-06-09_19h02m47s,0,0,86,120,64
2023-05-12_15h13m22s,0,0,177,319,64
2023-10-04_15h58m41s,0,0,33,48,64
2022-07-16_08h05m26s,0,0,183,216,64
2022-03-10_02h44m37s,0,0,39,24,64
2023-10-04_16h03m43s,0,0,18,47,64
2023-06-07_20h51m49s,0,0,250,250,64
2022-11-18_17h44m47s,0,0,174,89,9
2022-06-11_22h26m09s,0,0,92,46,64
2024-04-29_22h51m32s,0,0,72,216,64
2023-10-18_03h49m18s,0,0,111,97,64
2023-06-09_23h44m48s,0,0,38,144,64
2024-04-25_01h03m03s,0,0,160,103,64
2023-07-17_11h38m08s,0,0,80,80,64
2021-12-16_19h42m21s,0,0,52,58,64
2022-12-01_19h17m24s,0,0,82,129,64
2024-11-16_01h08m45s,0,0,195,52,64
2024-04-25_01h05m55s,0,0,153,90,64
2024-10-08_23h45m06s,0,0,50,247,64
2023-10-23_23h55m47s,0,0,121,79,64
2023-08-03_02h08m53s,0,0,97,39,64
2021-12-14_21h48m57s,0,0,82,75,33
2024-06-06_19h03m38s,0,0,116,224,64
2024-11-16_01h09m01s,0,0,61,70,64
2024-04-25_00h56m23s,0,0,127,76,64
2024-04-29_22h23m34s,0,0,186,156,64
2023-07-17_11h38m12s,0,0,80,80,64
2024-11-16_01h07m15s,0,0,184,69,64
2023-12-12_10h05m27s,0,0,176,70,64
2024-11-16_01h00m06s,0,0,198,62,64
2022-10-25_23h21m33s,0,0,161,146,51
2023-02-10_01h21m09s,0,0,139,90,64
2024-04-29_22h26m36s,0,0,288,107,64
2024-11-16_01h04m21s,0,0,134,171,64
2024-05-31_22h16m12s,0,0,64,130,64
2024-05-02_20h09m19s,0,0,257,220,21
2023-12-12_23h13m40s,0,0,95,142,64
2023-06-15_18h37m21s,0,0,56,59,64
2022-12-01_19h18m05s,0,0,104,96,64
2023-06-15_18h29m50s,0,0,169,175,64
2024-02-11_05h45m41s,0,0,119,127,64
2023-12-12_10h04m22s,0,0,157,60,64
2023-10-23_23h57m13s,0,0,200,211,64
2023-07-27_08h46m50s,0,0,135,381,64
2023-12-12_22h44m56s,0,0,167,219,64
2023-07-17_12h41m33s,0,0,80,80,64
2023-08-03_02h05m19s,0,0,140,44,64
2023-12-12_10h05m03s,0,0,209,74,64
2023-08-22_00h46m38s,0,0,67,41,64
2023-06-27_00h28m49s,0,0,200,127,64
2023-04-18_16h09m14s,0,0,78,99,64
2024-11-16_01h07m59s,0,0,167,63,64
2023-07-07_08h48m35s,0,0,170,380,64
2024-06-12_22h56m10s,0,0,258,109,64
2022-10-25_23h18m21s,0,0,124,132,64
2022-12-07_02h09m41s,0,0,56,85,64
2022-11-30_17h28m47s,0,0,38,44,64
2023-08-21_21h10m50s,0,0,47,42,64
2022-05-23_14h47m09s,0,0,20,20,64
2022-11-18_18h17m02s,0,0,137,95,12
2024-01-25_07h17m49s,0,0,182,71,64
2023-12-12_10h24m17s,0,0,224,72,64
2023-03-08_09h10m34s,0,0,152,188,64
2023-10-09_14h16m33s,0,0,166,297,9
2023-03-20_17h26m57s,0,0,96,137,45
2022-03-30_18h38m10s,0,0,245,352,54
2023-06-05_19h56m39s,0,0,127,165,64
2024-08-10_00h18m04s,0,0,162,109,64
2024-04-29_22h46m33s,0,0,145,93,64
2022-07-16_07h55m41s,0,0,148,213,64
2022-11-21_22h09m16s,0,0,161,367,64
2022-03-30_19h40m05s,0,0,193,330,64
2023-06-27_00h17m51s,0,0,73,85,64
2024-01-25_07h23m51s,0,0,167,61,64
2024-06-06_18h45m39s,0,0,139,216,64
2023-06-12_17h05m14s,0,0,34,129,64
2022-06-09_19h04m03s,0,0,74,100,64
2022-07-16_07h51m15s,0,0,169,194,64
2022-11-21_23h39m11s,0,0,28,150,64
2023-06-15_19h49m00s,0,0,53,47,64
2024-04-25_01h02m39s,0,0,136,70,64
2023-10-04_16h03m25s,0,0,32,48,64
2021-12-07_22h31m39s,0,0,78,46,36
2024-03-07_16h16m43s,0,0,43,31,64
2022-07-23_22h52m33s,0,0,178,179,64
2024-04-25_01h35m41s,0,0,221,75,64
2024-07-12_21h29m37s,0,0,251,256,64
2022-06-25_19h49m13s,0,0,76,124,64
2023-12-13_20h35m06s,0,0,153,72,64
2023-12-14_20h12m42s,0,0,142,82,64
2023-06-15_19h14m01s,0,0,110,74,64
2024-01-25_07h23m29s,0,0,83,57,64
2024-01-25_07h22m02s,0,0,140,68,64
2023-12-12_10h07m32s,0,0,111,142,64
2022-10-31_21h52m30s,0,0,160,90,48
2023-12-12_23h14m18s,0,0,56,103,64
2023-06-26_22h48m13s,0,0,91,78,64
2023-06-27_00h28m23s,0,0,144,57,64
2023-06-07_20h42m51s,0,0,166,166,64
2023-08-01_01h42m22s,0,0,66,70,64
2023-04-21_10h06m17s,0,0,114,383,64
2023-08-21_21h31m20s,0,0,56,85,64
2024-04-29_22h24m24s,0,0,216,214,64
2023-04-24_22h41m36s,0,0,156,165,64
2023-12-12_23h14m03s,0,0,174,58,64
2022-06-09_18h56m28s,0,0,107,61,64
2023-01-18_10h17m48s,0,0,212,373,64
2024-04-29_22h26m52s,0,0,193,77,64
2023-04-05_09h43m10s,0,0,98,294,64
2022-10-12_18h01m34s,0,0,195,141,45
2023-11-07_22h11m41s,0,0,78,110,64
2024-04-29_22h52m48s,0,0,96,268,64
2023-12-08_11h43m23s,0,0,58,58,27
2024-03-14_19h23m05s,0,0,120,104,54
2023-08-01_01h43m39s,0,0,135,73,64
2024-04-29_22h27m12s,0,0,179,92,64
2021-09-24_17h51m42s,0,0,200,156,64
2022-06-25_19h55m06s,0,0,71,295,64
2023-12-12_23h12m12s,0,0,133,61,64
2023-01-19_18h41m28s,0,0,98,84,64
2023-07-20_12h21m11s,0,0,60,60,64
2017-08-11_08h01m02s,0,0,137,436,64
2022-07-08_21h30m40s,0,0,137,436,64
2024-02-11_05h45m27s,0,0,109,124,64
2023-08-01_01h41m58s,0,0,79,102,64
2024-02-11_05h47m08s,0,0,121,157,64
2022-10-12_21h32m28s,0,0,162,96,57
2024-04-25_01h05m18s,0,0,182,90,64
2023-12-12_23h13m05s,0,0,147,128,64
2022-03-30_18h56m35s,0,0,238,360,64
2024-03-07_16h35m35s,0,0,30,60,64
2023-05-03_09h36m02s,0,0,76,128,64
2023-05-02_13h25m43s,0,0,76,128,64
2022-12-01_19h17m42s,0,0,96,97,64
2023-03-20_17h26m17s,0,0,181,242,64
2024-04-25_01h08m17s,0,0,78,77,64
2022-10-12_18h07m18s,0,0,176,177,48
2023-08-03_20h18m05s,0,0,60,71,64
2023-03-20_17h19m25s,0,0,95,95,64
2023-03-01_16h06m59s,0,0,48,176,64
2021-12-02_18h38m53s,0,0,81,72,24
2022-03-08_16h44m33s,0,0,693,458,43
2024-04-29_22h47m13s,0,0,177,80,64
2022-06-09_20h36m24s,0,0,190,83,64
2024-04-25_01h37m08s,0,0,275,113,64
2023-03-31_09h47m41s,0,0,108,341,64
2024-01-05_03h27m19s,0,0,184,255,64
2023-01-19_18h40m47s,0,0,45,112,64
2023-12-12_23h12m49s,0,0,148,96,64
2024-04-29_22h50m59s,0,0,195,179,64
2024-04-29_22h29m21s,0,0,78,162,64
2023-08-25_17h02m43s,0,0,236,196,64
2021-09-24_17h50m18s,0,0,214,125,64
2022-11-30_17h28m20s,0,0,72,32,64
2023-07-17_12h45m34s,0,0,80,80,64
2023-06-27_00h24m55s,0,0,63,63,64
2021-11-19_23h36m20s,0,0,39,40,64
2024-04-25_00h50m21s,0,0,71,60,64
2022-05-23_15h09m24s,0,0,10,10,64
2023-10-23_23h55m16s,0,0,306,135,64
2022-11-21_23h18m11s,0,0,171,261,64
2023-09-22_19h09m03s,0,0,84,86,9
2023-06-15_19h43m38s,0,0,107,112,64
2021-12-15_15h43m38s,0,0,60,100,64
2023-12-12_09h48m29s,0,0,158,86,64
2022-11-18_19h35m10s,0,0,105,223,27
2022-11-21_22h03m22s,0,0,171,353,64
2023-08-21_21h31m45s,0,0,57,67,64
2024-04-25_01h35m02s,0,0,221,132,64
2022-10-25_23h14m23s,0,0,152,132,64
2023-06-27_00h16m52s,0,0,88,47,64
2022-11-21_23h21m30s,0,0,171,237,64
2023-12-12_10h07m54s,0,0,105,132,64
2023-05-26_21h57m56s,0,0,167,81,9
2024-04-29_22h28m12s,0,0,193,79,64
2021-05-05_22h22m42s,0,0,191,81,64
2024-04-29_22h51m54s,0,0,302,92,64
2021-09-28_12h41m34s,0,0,232,300,64
2023-04-13_09h56m56s,0,0,59,146,64
2024-03-07_16h15m42s,0,0,39,38,64
2023-03-20_17h38m14s,0,0,97,116,64
2024-01-25_07h19m03s,0,0,156,68,64
2022-06-09_20h40m16s,0,0,217,94,64
2024-03-07_16h36m06s,0,0,84,19,64
2023-10-23_23h55m36s,0,0,94,70,64
2022-07-19_21h35m54s,0,0,75,57,48
2023-08-29_18h36m52s,0,0,85,180,64
2022-07-23_22h32m20s,0,0,85,180,64
2022-03-30_19h20m12s,0,0,217,336,63
2023-07-31_10h33m26s,0,0,145,390,64
2023-07-17_12h45m13s,0,0,80,80,64
2022-11-18_18h23m49s,0,0,235,181,63
2023-05-10_19h58m24s,0,0,184,232,64
2023-10-23_23h56m51s,0,0,329,145,64
2023-01-19_18h40m29s,0,0,73,91,64
2024-03-07_16h11m19s,0,0,32,35,64
2024-06-06_19h16m21s,0,0,89,219,64
2023-12-08_14h05m19s,0,0,25,25,64
2022-05-06_22h55m06s,0,0,208,182,27
2024-04-25_00h35m51s,0,0,152,101,64
2023-06-05_19h41m02s,0,0,180,203,64
2023-07-17_11h39m13s,0,0,80,80,64
2024-04-25_01h01m59s,0,0,67,133,64
2023-03-20_17h32m19s,0,0,200,164,64
2023-10-24_00h00m24s,0,0,59,105,64
2023-12-12_10h17m01s,0,0,83,237,64
2023-05-01_09h19m53s,0,0,233,204,64
2022-11-21_22h12m49s,0,0,168,356,15
2024-04-25_01h36m24s,0,0,211,76,64
2022-06-11_22h27m57s,0,0,124,68,64
2023-09-19_21h50m50s,0,0,124,128,24
2023-09-19_21h30m32s,0,0,124,128,24
2024-03-14_08h39m38s,0,0,69,300,24
2022-10-26_22h29m50s,0,0,20,162,64
2023-05-02_09h37m03s,0,0,95,340,64
2023-09-13_17h09m34s,0,0,214,359,45
2024-11-15_21h04m26s,0,0,84,56,64
2022-10-31_21h45m30s,0,0,198,151,64
2022-11-18_19h40m37s,0,0,229,137,64
2023-05-02_13h17m55s,0,0,72,126,64
2024-04-29_22h29m35s,0,0,111,56,64
2023-06-15_19h48m32s,0,0,43,54,64
2022-11-21_21h28m42s,0,0,171,355,64
2023-06-05_19h28m19s,0,0,181,128,64
2024-06-12_23h37m23s,0,0,233,71,64
2024-03-14_19h23m36s,0,0,129,123,45
2023-06-05_19h56m34s,0,0,117,169,64
2023-05-31_10h36m41s,0,0,233,234,64
2023-07-17_11h37m49s,0,0,80,80,64
2023-07-17_12h42m43s,0,0,80,80,64
2023-04-12_15h36m35s,0,0,121,75,64
2022-05-23_15h08m56s,0,0,10,10,64
2022-05-23_14h46m17s,0,0,10,10,64
2023-05-01_16h35m17s,0,0,79,295,64
2024-01-05_03h28m42s,0,0,123,243,64
2023-09-20_01h43m27s,0,0,152,126,9
2023-09-20_00h42m34s,0,0,152,126,9
2022-08-18_14h04m18s,0,0,138,259,64
2024-01-25_07h18m35s,0,0,177,77,64
2023-10-24_00h01m04s,0,0,91,75,64
2023-07-06_09h26m24s,0,0,174,344,64
2024-04-25_00h49m57s,0,0,72,63,64
2024-04-25_00h37m39s,0,0,90,192,64
2021-12-07_22h32m30s,0,0,89,68,64
2023-04-24_22h29m33s,0,0,100,146,64
2023-11-26_13h51m54s,0,0,132,162,64
2022-06-11_22h24m24s,0,0,372,116,64
2022-12-07_02h10m45s,0,0,41,78,64
2022-12-20_09h20m50s,0,0,153,332,64
2022-11-07_17h26m45s,0,0,165,183,64
2023-09-13_02h23m27s,0,0,227,371,24
2023-06-26_22h45m33s,0,0,55,67,64
2024-04-02_06h20m48s,0,0,75,66,64
2023-12-14_20h13m39s,0,0,53,101,64
2024-03-07_16h17m38s,0,0,66,27,64
2021-09-24_22h15m05s,0,0,222,202,64
2022-10-26_22h55m35s,0,0,165,66,64
2023-08-22_00h23m31s,0,0,267,376,31
2024-08-10_00h30m58s,0,0,104,223,64
2024-04-26_21h15m45s,0,0,15,15,64
2022-11-21_22h57m17s,0,0,152,248,64
2024-05-02_17h41m41s,0,0,30,30,64
2023-07-20_12h21m52s,0,0,60,60,64
2022-04-16_08h18m25s,0,0,100,100,64
2022-03-10_02h56m21s,0,0,186,96,64
2024-04-29_22h55m50s,0,0,176,59,64
2022-09-17_20h44m41s,0,0,106,359,64
2022-05-16_11h31m22s,0,0,158,297,33
2023-06-15_19h15m16s,0,0,162,106,64
2022-11-30_17h32m44s,0,0,58,40,64
2024-08-10_00h30m36s,0,0,205,131,64
2021-11-19_23h17m05s,0,0,43,47,64
2024-04-18_13h40m18s,0,0,114,125,64
2022-03-07_11h16m23s,0,0,860,521,53
2022-05-23_14h47m55s,0,0,20,20,64
2022-06-09_18h58m27s,0,0,107,85,54
2022-07-23_22h51m12s,0,0,127,207,64
2024-04-29_22h29m52s,0,0,156,60,64
2022-06-25_19h53m12s,0,0,68,260,64
2022-05-23_14h29m06s,0,0,20,20,64
2024-08-10_00h31m01s,0,0,176,174,64
2024-02-21_07h47m06s,0,0,50,155,64
2024-06-12_23h37m26s,0,0,196,159,64
2022-10-27_00h44m30s,0,0,120,78,64
2022-06-26_23h56m11s,0,0,186,240,12
2023-12-12_22h46m25s,0,0,147,245,64
2023-10-23_23h59m48s,0,0,94,65,64
2023-08-03_02h10m45s,0,0,69,68,64
2023-08-03_02h02m54s,0,0,69,68,64
2023-08-15_15h59m29s,0,0,21,81,64
2023-12-01_17h30m13s,0,0,140,95,64
2024-04-25_00h39m00s,0,0,125,92,64
2023-03-17_20h13m51s,0,0,214,194,64
2024-04-25_01h07m07s,0,0,83,57,64
2024-03-14_19h22m44s,0,0,153,131,42
2024-04-25_00h40m15s,0,0,196,121,64
2023-06-05_19h31m26s,0,0,112,153,64
2023-04-03_08h43m02s,0,0,154,115,64
2023-10-24_00h00m05s,0,0,102,57,64
2022-11-07_17h24m34s,0,0,176,209,51
2022-06-09_20h35m35s,0,0,95,197,64
2023-06-05_19h29m18s,0,0,131,162,64
2023-10-18_03h49m40s,0,0,85,104,64
2024-04-25_01h40m41s,0,0,76,61,64
2023-12-12_22h46m52s,0,0,288,126,64
2021-09-27_22h03m52s,0,0,187,186,64
2022-01-06_23h29m16s,0,0,48,39,64
2022-10-31_19h37m39s,0,0,240,175,42
2024-04-29_22h55m03s,0,0,162,75,64
2022-12-01_19h18m26s,0,0,98,93,64
2024-11-15_21h04m11s,0,0,72,50,64
2023-03-20_17h18m54s,0,0,162,108,64
2021-11-30_18h17m37s,0,0,34,105,64
2022-01-07_12h26m14s,0,0,116,177,63
2022-05-28_03h10m36s,0,0,203,195,39
2022-04-22_13h50m55s,0,0,120,58,64
2021-11-19_23h36m37s,0,0,34,37,64
2023-02-28_21h25m15s,0,0,136,83,64
2023-08-03_20h18m38s,0,0,43,64,64
2022-10-31_21h54m26s,0,0,143,224,64
2022-10-27_17h43m49s,0,0,26,293,64
2024-01-25_07h15m11s,0,0,102,59,64
2022-06-11_22h32m54s,0,0,171,96,64
2022-03-16_00h08m37s,0,0,107,173,9
2022-04-16_08h18m39s,0,0,100,100,64
2023-08-03_02h09m04s,0,0,85,88,64
2022-10-12_21h33m11s,0,0,95,168,64
2023-06-27_00h27m46s,0,0,155,125,64
2024-08-10_00h31m04s,0,0,229,109,64
2021-09-24_17h52m55s,0,0,188,153,33
2023-10-23_23h59m29s,0,0,147,100,64
2023-02-03_22h25m43s,0,0,164,278,64
2023-12-12_22h44m26s,0,0,242,158,64
2023-08-01_01h41m21s,0,0,169,59,64
2024-04-25_00h41m02s,0,0,86,65,64
2022-09-16_07h51m33s,0,0,131,143,12
2024-06-12_23h39m09s,0,0,226,364,64
2024-03-07_16h11m07s,0,0,78,17,64
2021-09-27_22h23m45s,0,0,238,236,64
2023-10-24_00h00m14s,0,0,56,103,64
2021-12-17_18h16m21s,0,0,52,186,39
2023-08-03_02h09m22s,0,0,82,87,64
2024-03-05_14h20m56s,0,0,55,143,64
2024-11-15_20h55m12s,0,0,204,128,64
2024-01-26_23h52m33s,0,0,127,123,51
2022-05-23_15h09m38s,0,0,10,10,64
2024-04-25_01h40m47s,0,0,70,57,64
2021-04-16_22h41m08s,0,0,157,71,9
2023-07-17_12h41m36s,0,0,80,80,64
2022-06-09_19h06m46s,0,0,128,101,64
2023-12-12_22h37m08s,0,0,145,75,64
2024-04-25_01h06m17s,0,0,85,53,64
2023-12-14_03h07m05s,0,0,149,46,64
2023-02-09_00h14m21s,0,0,63,131,64
2022-07-07_08h51m01s,0,0,151,392,64
2023-12-01_18h05m58s,0,0,164,61,64
2022-10-31_19h43m29s,0,0,298,252,33
2024-08-05_11h25m26s,0,0,9,35,9
2022-03-21_13h17m35s,0,0,75,25,45
2024-10-14_17h47m19s,0,0,105,295,64
2024-10-21_09h37m40s,0,0,127,434,64
2022-11-07_17h13m04s,0,0,169,238,60
2023-08-01_01h41m37s,0,0,73,199,64
2024-03-07_16h40m44s,0,0,35,66,64
2023-04-17_13h23m24s,0,0,46,79,64
2024-03-04_14h36m48s,0,0,56,206,64
2023-12-13_00h10m28s,0,0,149,66,64
2022-07-23_22h54m24s,0,0,71,170,64
2023-06-15_19h48m05s,0,0,53,55,64
2023-02-09_00h16m06s,0,0,110,40,64
2023-03-10_09h10m50s,0,0,54,198,64
2023-02-09_00h27m31s,0,0,78,68,64
2022-05-23_15h08m26s,0,0,10,10,64
2023-06-27_00h24m13s,0,0,88,123,64
2024-04-25_00h39m40s,0,0,187,130,64
2023-08-03_02h03m43s,0,0,81,71,64
2023-06-27_00h51m21s,0,0,58,69,64
2023-06-05_19h30m04s,0,0,140,142,64
2023-02-09_00h13m15s,0,0,116,109,64
2022-10-27_00h38m14s,0,0,320,136,64
2022-10-12_21h35m36s,0,0,209,91,42
2024-03-14_08h35m08s,0,0,70,212,64
2024-04-29_22h29m04s,0,0,88,86,64
2022-06-11_22h41m29s,0,0,164,208,51
2023-07-17_11h55m23s,0,0,80,80,64
2024-09-18_23h58m51s,0,0,674,249,9
2022-11-07_17h18m30s,0,0,204,230,48
2024-06-12_23h37m28s,0,0,274,94,64
2023-07-17_11h38m37s,0,0,80,80,64
2021-09-27_22h29m13s,0,0,249,226,64
2021-12-14_22h24m37s,0,0,152,75,36
2021-11-19_23h37m04s,0,0,54,52,64
2022-10-25_23h17m34s,0,0,143,152,57
2023-08-24_13h29m24s,0,0,94,70,64
2023-12-08_14h05m00s,0,0,25,25,64
2024-02-21_07h46m37s,0,0,148,157,27
2023-06-27_00h52m41s,0,0,195,167,64
2021-11-04_10h59m58s,0,0,63,136,64
2022-03-28_11h48m54s,0,0,100,100,64
2023-06-15_19h45m28s,0,0,107,55,64
2022-11-07_17h25m36s,0,0,221,171,54
2024-04-25_00h42m32s,0,0,80,58,64
2023-12-14_20h13m29s,0,0,91,105,64
2023-07-13_09h06m25s,0,0,122,373,64
2023-07-17_12h45m19s,0,0,80,80,64
2024-01-25_07h14m53s,0,0,152,47,64
2023-08-01_01h40m58s,0,0,125,200,64
2023-08-03_01h52m41s,0,0,129,103,21
2022-03-28_11h51m48s,0,0,100,100,64
2022-07-23_22h44m27s,0,0,135,125,64
2022-10-17_22h29m30s,0,0,311,215,64
2023-08-03_02h04m57s,0,0,122,80,64
2021-06-16_18h38m07s,0,0,90,80,18
2023-03-27_13h13m40s,0,0,66,281,64
2022-11-21_23h43m03s,0,0,34,157,64
2022-06-09_20h24m10s,0,0,173,76,64
2021-12-17_18h08m15s,0,0,126,105,64
2023-09-07_09h18m48s,0,0,68,90,64
2021-12-14_21h49m38s,0,0,115,75,15
2023-07-17_12h39m03s,0,0,80,80,64
2023-08-03_01h50m40s,0,0,63,96,15
2023-04-18_16h02m22s,0,0,76,111,64
2024-03-07_16h43m35s,0,0,67,29,64
2023-12-14_20h13m03s,0,0,80,137,64
2024-03-05_08h37m13s,0,0,40,294,63
2023-09-20_03h15m06s,0,0,503,1991,9
2022-08-17_03h01m09s,0,0,10,10,64
2022-01-07_13h33m50s,0,0,113,175,64
2021-11-30_18h29m25s,0,0,78,164,64
2022-01-25_21h20m23s,0,0,181,101,64
2022-04-16_08h17m46s,0,0,100,100,64
2023-02-28_21h24m06s,0,0,205,126,64
2024-04-25_00h37m07s,0,0,141,169,64
2024-04-29_22h42m28s,0,0,131,52,64
2022-11-21_23h35m08s,0,0,162,180,64
2023-05-31_20h11m10s,0,0,180,134,24
2022-03-16_01h17m03s,0,0,105,155,9
2023-07-11_10h44m26s,0,0,199,300,64
2021-12-07_22h32m05s,0,0,93,69,12
2023-04-24_22h28m44s,0,0,105,125,42
2022-11-07_17h31m52s,0,0,20,199,64
2022-07-23_22h47m12s,0,0,116,188,64
2023-08-03_02h04m01s,0,0,81,116,64
2022-06-11_22h18m44s,0,0,99,346,64
2023-02-09_00h13m59s,0,0,130,58,64
2023-06-15_19h14m47s,0,0,168,135,64
2024-03-07_16h36m36s,0,0,20,72,64
2023-07-17_11h56m08s,0,0,80,80,64
2022-06-11_22h53m48s,0,0,230,112,64
2023-04-17_02h56m51s,0,0,175,122,39
2023-02-17_10h06m26s,0,0,92,132,64
2024-03-04_15h19m00s,0,0,33,35,64
2023-08-29_18h37m21s,0,0,116,188,64
2023-08-03_01h53m32s,0,0,106,36,21
2023-03-03_12h35m29s,0,0,1,17157,64
2024-01-25_07h15m29s,0,0,156,86,64
2021-11-19_11h35m12s,0,0,70,35,64
2024-01-25_07h15m49s,0,0,128,71,64
2023-06-15_19h24m38s,0,0,75,82,64
2023-07-13_17h20m05s,0,0,110,78,64
2022-04-14_10h46m03s,0,0,100,100,64
2022-05-28_00h22m29s,0,0,169,151,18
2023-12-14_20h13m46s,0,0,107,72,64
2023-12-14_20h13m12s,0,0,129,121,64
2023-07-12_14h57m21s,0,0,41,274,64
2021-11-19_23h25m16s,0,0,45,46,64
2022-04-16_08h18m31s,0,0,100,100,64
2023-01-18_09h37m05s,0,0,293,226,15
2022-11-21_23h44m45s,0,0,15,188,64
2022-11-21_23h25m13s,0,0,211,259,64
2022-04-22_13h43m51s,0,0,143,45,48
2023-07-17_12h39m23s,0,0,80,80,64
2022-12-19_19h40m54s,0,0,244,129,64
2024-02-15_09h28m47s,0,0,144,343,39
2023-08-03_01h54m12s,0,0,133,35,33
2023-04-24_22h34m53s,0,0,239,114,64
2024-02-16_08h43m24s,0,0,88,209,33
2024-04-29_22h42m13s,0,0,163,62,64
2022-09-16_09h16m57s,0,0,158,164,48
2023-07-13_17h22m16s,0,0,130,97,64
2023-12-12_22h37m40s,0,0,206,131,64
2021-09-11_19h45m01s,0,0,261,92,64
2021-09-27_22h16m04s,0,0,253,209,64
2023-02-28_21h24m51s,0,0,121,82,64
2020-12-01_20h16m05s,0,0,50,30,64
2021-12-01_18h47m36s,0,0,67,100,64
2022-10-26_22h54m52s,0,0,143,74,64
2022-06-09_20h28m59s,0,0,112,70,64
2024-02-19_04h23m32s,0,0,74,129,15
2023-02-09_00h14m36s,0,0,25,104,64
2023-08-03_01h51m50s,0,0,75,106,15
2023-07-17_11h39m09s,0,0,80,80,64
2022-06-09_20h33m39s,0,0,145,182,42
2023-03-01_19h28m49s,0,0,96,70,64
2023-07-17_11h52m22s,0,0,80,80,64
2024-06-13_09h35m48s,0,0,61,268,64
2023-07-17_12h42m20s,0,0,80,80,64
2023-07-05_22h26m29s,0,0,345,405,52
2021-11-19_23h21m55s,0,0,46,50,64
2024-07-23_09h31m37s,0,0,70,536,64
2022-12-16_16h08m21s,0,0,73,114,51
2023-06-15_18h35m36s,0,0,63,47,64
2024-10-11_08h49m16s,0,0,125,402,27
2024-03-07_16h17m26s,0,0,64,25,64
2022-11-18_17h45m28s,0,0,179,128,18
2023-04-24_22h36m34s,0,0,173,229,64
2023-07-17_12h39m08s,0,0,80,80,64
2023-02-15_08h58m45s,0,0,157,260,64
2022-06-11_22h31m01s,0,0,117,111,64
2022-10-26_22h15m48s,0,0,74,94,64
2022-11-15_01h49m33s,0,0,127,205,64
2022-07-08_21h23m44s,0,0,53,120,64
2023-06-15_19h25m40s,0,0,72,67,64
2024-08-10_00h31m25s,0,0,81,191,64
2021-12-06_15h06m14s,0,0,48,58,64
2021-12-06_14h45m53s,0,0,48,58,64
2022-12-15_15h55m19s,0,0,76,89,15
2022-11-15_01h53m05s,0,0,149,158,64
2023-03-24_14h37m41s,0,0,73,289,64
2022-11-21_23h27m31s,0,0,107,343,64
2024-12-19_12h29m25s,0,0,117,92,64
2024-02-20_08h35m00s,0,0,110,209,18
2024-12-07_01h08m02s,0,0,155,137,64
2023-02-23_09h27m21s,0,0,57,218,64
2023-07-25_08h29m36s,0,0,148,381,64
2022-11-28_22h25m22s,0,0,92,80,64
2024-04-18_20h36m10s,0,0,196,263,12
2024-09-18_00h40m12s,0,0,106,407,9
2023-08-03_02h10m14s,0,0,41,72,64
2022-07-16_07h52m47s,0,0,135,284,64
2023-09-13_17h44m51s,0,0,253,414,27
2024-02-21_07h51m52s,0,0,152,230,64
2022-06-09_20h25m24s,0,0,154,146,64
2024-02-14_19h05m44s,0,0,31,34,64
2022-06-11_22h49m31s,0,0,81,248,64
2023-06-27_00h52m52s,0,0,129,95,64
2022-03-08_08h31m54s,0,0,185,202,64
2021-12-16_16h04m35s,0,0,72,53,64
2023-12-12_09h49m03s,0,0,194,168,64
2023-03-14_10h25m26s,0,0,250,250,64
2024-03-04_15h20m10s,0,0,64,26,64
2022-06-11_22h48m25s,0,0,255,100,64
2022-05-23_15h04m39s,0,0,10,10,64
2021-12-15_22h54m29s,0,0,185,94,33
2022-11-21_23h40m31s,0,0,15,170,64
2021-11-19_23h09m34s,0,0,37,40,64
2023-04-17_11h43m50s,0,0,92,331,64
2021-09-27_21h27m38s,0,0,191,215,64
2023-04-03_08h14m42s,0,0,191,128,15
2022-07-13_21h27m35s,0,0,130,111,9
2023-07-17_12h41m52s,0,0,80,80,64
2023-04-28_09h19m28s,0,0,100,322,64
2021-09-11_20h05m06s,0,0,233,118,64
2024-10-21_09h39m41s,0,0,101,311,64
2021-11-19_23h12m47s,0,0,38,40,64
2024-03-04_15h19m18s,0,0,65,23,64
2023-08-23_04h57m59s,0,0,1,678,24
2023-06-15_18h51m36s,0,0,127,70,64
2023-10-09_14h50m56s,0,0,125,264,64
2023-03-07_09h12m18s,0,0,125,264,64
2022-10-26_23h00m08s,0,0,20,136,64
2022-10-26_21h27m57s,0,0,173,168,9
2024-08-10_00h31m29s,0,0,179,83,64
2023-03-20_09h22m55s,0,0,176,218,64
2023-07-17_12h38m41s,0,0,80,80,64
2024-02-16_14h48m19s,0,0,81,229,54
2024-03-07_16h42m05s,0,0,34,74,64
2023-06-15_18h52m35s,0,0,96,146,64
2022-01-31_18h56m56s,0,0,20,20,57
2024-02-19_14h49m18s,0,0,100,183,18
2022-11-18_17h56m22s,0,0,157,95,12
2022-11-21_23h30m51s,0,0,201,314,64
2023-08-22_08h47m51s,0,0,138,342,64
2023-12-12_10h24m56s,0,0,231,103,64
2023-06-27_00h53m06s,0,0,205,110,64
2023-04-24_22h30m21s,0,0,131,127,64
2021-12-02_18h37m31s,0,0,80,51,21
2023-08-03_01h52m51s,0,0,108,74,36
2021-12-15_22h57m19s,0,0,141,170,42
2022-06-09_20h29m27s,0,0,85,103,64
2023-09-13_15h42m09s,0,0,222,371,27
2024-01-05_03h27m54s,0,0,139,146,64
2024-03-07_16h10m53s,0,0,53,19,64
2024-08-10_00h30m31s,0,0,194,82,64
2023-06-15_19h21m18s,0,0,88,127,64
2024-06-12_23h37m30s,0,0,107,290,64
2023-07-17_12h42m16s,0,0,80,80,64
2023-05-09_10h13m01s,0,0,127,203,64
2023-04-03_06h27m43s,0,0,182,111,64
2022-06-09_20h30m14s,0,0,110,83,64
2023-07-13_17h18m39s,0,0,235,77,64
2023-06-02_20h42m24s,0,0,164,205,15
2023-02-28_21h23m10s,0,0,128,75,64
2021-12-06_17h33m55s,0,0,90,124,64
2022-04-14_11h08m04s,0,0,100,100,64
2022-05-31_10h25m56s,0,0,100,300,54
2024-08-10_00h31m19s,0,0,173,92,64
2023-02-28_21h23m45s,0,0,131,64,64
2022-10-26_22h59m18s,0,0,193,127,64
2024-11-04_15h59m41s,0,0,54,83,15
2024-03-07_16h35m57s,0,0,35,48,64
2022-03-08_20h56m36s,0,0,192,221,64
2021-09-11_20h26m19s,0,0,268,76,63
2022-06-11_22h21m56s,0,0,99,414,64
2024-03-07_16h35m25s,0,0,35,48,64
2022-11-15_01h43m15s,0,0,189,124,64
2023-04-24_22h16m10s,0,0,85,268,64
2024-11-15_21h02m07s,0,0,101,57,64
2023-05-26_21h49m14s,0,0,196,127,12
2023-05-26_21h56m04s,0,0,196,127,12
2022-04-16_08h18m19s,0,0,100,100,64
2023-12-12_23h14m36s,0,0,75,66,64
2021-11-30_18h12m11s,0,0,117,73,64
2022-07-23_22h57m09s,0,0,71,243,64
2023-06-27_00h53m26s,0,0,165,150,64
2022-08-16_10h14m23s,0,0,489,350,11
2022-05-16_15h01m39s,0,0,10,10,64
2023-12-12_09h48m47s,0,0,225,86,64
2022-06-09_20h31m42s,0,0,28,295,64
2022-04-16_08h17m59s,0,0,100,100,64
2021-12-14_21h55m09s,0,0,55,100,18
2023-07-12_18h37m13s,0,0,70,97,64
2024-03-07_16h10m02s,0,0,53,22,64
2022-06-11_22h29m46s,0,0,136,89,64
2024-05-31_22h39m50s,0,0,277,398,40
2023-05-12_11h37m52s,0,0,176,414,64
2023-07-17_11h40m07s,0,0,80,80,64
2023-09-07_08h16m31s,0,0,200,246,64
2022-07-13_21h27m09s,0,0,128,85,12
2023-08-03_01h52m13s,0,0,81,137,15
2021-09-11_19h53m29s,0,0,238,98,64
2024-12-11_19h54m10s,0,0,63,46,64
2023-07-17_11h56m24s,0,0,80,80,64
2023-12-12_09h58m05s,0,0,199,107,64
2024-10-31_15h04m27s,0,0,8,8,64
2021-03-24_09h46m54s,0,0,63,129,39
2021-09-14_18h48m31s,0,0,191,69,64
2023-07-13_17h19m23s,0,0,109,186,64
2023-12-12_22h44m08s,0,0,129,220,64
2021-04-14_18h06m51s,0,0,229,189,64
2024-12-07_01h08m00s,0,0,162,134,64
2022-10-31_22h11m34s,0,0,311,159,64
2021-12-16_16h05m09s,0,0,54,54,64
2021-09-11_20h00m35s,0,0,256,92,54
2023-04-24_22h21m23s,0,0,223,181,45
2023-08-03_02h12m51s,0,0,39,47,18
2022-06-25_19h48m26s,0,0,69,118,64
2022-10-27_00h36m31s,0,0,256,142,57
2023-03-01_09h29m02s,0,0,203,198,64
2021-11-19_23h38m38s,0,0,57,62,64
2022-10-25_23h16m27s,0,0,151,132,64
2021-11-30_18h08m54s,0,0,106,82,64
2021-12-02_00h34m13s,0,0,115,60,64
2024-03-04_15h19m54s,0,0,25,65,64
2022-06-09_20h26m30s,0,0,185,81,63
2022-03-28_19h38m27s,0,0,163,113,15
2024-11-21_15h37m00s,0,0,276,282,10
2021-09-27_21h48m27s,0,0,196,191,64
2022-04-14_11h11m49s,0,0,100,100,64
2022-09-16_13h42m31s,0,0,146,153,12
2024-05-31_22h29m10s,0,0,295,272,38
2022-06-04_01h09m55s,0,0,176,63,9
2021-11-30_02h30m02s,0,0,176,262,9
2021-12-16_20h38m54s,0,0,55,66,64
2024-05-29_16h13m15s,0,0,18,20,45
2024-10-04_00h20m41s,0,0,139,98,9
2024-11-09_00h04m19s,0,0,103,53,12
2021-09-27_19h07m50s,0,0,232,189,36
2022-04-29_00h26m51s,0,0,99,139,12
2023-04-15_01h15m59s,0,0,87,54,9
2024-12-11_19h55m08s,0,0,52,39,64
2023-07-17_11h56m03s,0,0,80,80,64
2022-10-26_22h40m58s,0,0,95,58,64
2022-10-17_22h26m20s,0,0,272,182,64
2021-12-02_00h38m38s,0,0,144,100,64
2023-12-12_13h14m15s,0,0,64,66,27
2023-04-15_01h16m45s,0,0,175,158,12
2024-05-29_16h02m17s,0,0,17,20,64
2023-04-03_08h11m55s,0,0,178,117,54
2021-09-27_12h10m59s,0,0,282,330,20
2022-04-04_22h54m13s,0,0,222,204,64
2022-07-16_07h21m09s,0,0,150,149,36
2023-12-01_18h07m13s,0,0,161,73,64
2022-04-14_10h58m32s,0,0,100,100,64
2021-12-06_17h33m29s,0,0,130,116,64
2024-12-11_20h17m12s,0,0,21,21,64
2021-12-15_22h39m54s,0,0,149,97,36
2021-12-10_22h10m20s,0,0,153,103,64
2021-11-04_11h38m42s,0,0,65,139,64
2021-02-04_17h49m19s,0,0,175,197,64
2022-07-23_22h48m15s,0,0,128,218,64
2022-11-07_17h20m49s,0,0,166,222,64
2022-04-14_11h15m05s,0,0,100,100,64
2022-05-13_17h54m05s,0,0,53,357,9
2022-06-25_20h02m41s,0,0,19,258,64
2023-06-15_18h52m05s,0,0,105,138,64
2024-12-11_19h45m16s,0,0,43,39,64
2023-04-03_08h30m26s,0,0,168,114,64
2021-12-15_23h36m19s,0,0,203,142,39
2022-06-04_01h11m02s,0,0,210,55,9
2022-06-09_20h30m53s,0,0,100,87,64
2021-12-01_18h52m36s,0,0,83,74,64
2022-10-25_23h18m52s,0,0,135,142,60
2022-10-26_22h18m24s,0,0,64,93,64
2021-12-07_23h13m07s,0,0,133,87,9
2023-03-18_10h40m19s,0,0,33,75,21
2022-10-17_22h28m22s,0,0,300,241,64
2021-12-02_18h38m16s,0,0,76,55,21
2024-03-07_16h16m52s,0,0,20,78,64
2022-01-31_18h58m27s,0,0,20,20,33
2023-04-24_22h17m16s,0,0,135,244,64
2021-12-02_00h37m39s,0,0,164,87,64
2024-03-07_16h41m18s,0,0,22,66,64
2023-07-13_17h06m09s,0,0,46,62,64
2022-06-11_22h35m32s,0,0,101,165,64
2023-12-12_13h10m42s,0,0,84,60,12
2024-09-18_00h38m23s,0,0,269,116,12
2023-07-17_11h40m11s,0,0,80,80,64
2024-12-11_19h53m33s,0,0,55,44,64
2023-04-24_22h37m46s,0,0,223,138,39
2023-12-12_22h43m24s,0,0,202,106,64
2024-12-11_19h56m05s,0,0,26,23,64
2023-08-03_01h53m11s,0,0,126,64,21
2021-09-09_22h15m52s,0,0,205,246,15
2023-04-24_20h53m49s,0,0,200,142,12
2023-12-12_13h11m44s,0,0,62,65,21
2024-12-11_19h54m38s,0,0,63,46,64
2024-12-11_20h18m08s,0,0,36,30,64
2024-07-21_22h31m56s,0,0,358,469,64
2023-04-24_22h18m36s,0,0,260,96,27
2024-12-11_19h47m41s,0,0,41,26,64
2023-12-04_13h58m56s,0,0,186,160,21
2021-12-17_17h55m10s,0,0,113,102,64
2023-12-08_14h04m27s,0,0,35,35,64
2023-02-17_10h02m34s,0,0,85,107,64
2023-08-09_18h17m20s,0,0,114,315,36
2024-03-07_16h36m21s,0,0,35,32,64
2022-11-21_22h52m55s,0,0,150,148,64
2024-12-11_19h51m00s,0,0,30,32,64
2022-11-21_22h13m24s,0,0,151,37,64
2023-09-07_13h11m13s,0,0,78,198,64
2022-05-18_01h14m25s,0,0,232,58,24
2022-12-15_15h53m33s,0,0,46,86,12
2021-12-01_18h22m22s,0,0,303,91,64
2024-10-28_11h52m14s,0,0,39,58,64
2024-10-12_22h27m03s,0,0,39,58,64
2023-12-12_13h12m28s,0,0,62,65,18
2023-05-10_20h07m41s,0,0,195,217,64
2022-10-26_22h16m55s,0,0,90,49,64
2022-06-11_22h42m52s,0,0,99,101,64
2024-12-19_12h28m53s,0,0,62,49,64
2022-05-23_14h50m19s,0,0,18,20,64
2022-07-23_22h57m20s,0,0,159,89,24
2024-05-02_20h59m37s,0,0,251,214,64
2023-06-15_19h25m07s,0,0,58,80,64
2023-09-13_00h55m16s,0,0,200,373,42
2021-11-15_08h27m25s,0,0,176,262,12
2022-10-27_00h41m43s,0,0,148,317,12
2023-12-12_22h36m43s,0,0,116,148,64
2022-05-13_18h30m05s,0,0,31,369,24
2023-12-12_22h36m12s,0,0,129,84,64
2024-10-28_11h50m56s,0,0,38,54,64
2021-12-10_22h01m33s,0,0,255,198,64
2024-12-11_19h53m09s,0,0,47,49,64
2022-05-23_14h50m59s,0,0,20,20,64
2024-12-11_19h56m59s,0,0,16,18,64
2023-02-21_10h54m55s,0,0,133,171,64
2023-11-02_08h57m04s,0,0,877,2644,35
2022-02-17_03h37m29s,0,0,126,63,18
2024-03-07_16h42m28s,0,0,22,49,64
2023-12-12_13h13m30s,0,0,62,65,27
2022-10-26_23h02m35s,0,0,272,171,64
2022-10-12_22h55m46s,0,0,216,118,39
2022-04-16_08h22m39s,0,0,100,100,64
2024-12-11_20h29m28s,0,0,27,25,64
2023-07-13_17h10m10s,0,0,67,55,64
2021-12-01_18h49m56s,0,0,85,88,64
2024-02-05_22h26m43s,0,0,181,153,9
2024-03-25_12h21m08s,0,0,111,253,64
2024-12-11_19h57m13s,0,0,12,10,64
2022-07-13_21h28m10s,0,0,123,98,9
2022-04-29_00h45m20s,0,0,99,139,9
2023-05-10_21h49m58s,0,0,195,261,64
2024-12-11_19h57m56s,0,0,13,13,64
2024-03-07_16h09m47s,0,0,73,21,64
2022-03-28_11h51m46s,0,0,100,100,64
2024-05-11_05h15m25s,0,0,97,143,45
2021-09-11_20h16m34s,0,0,226,122,54
2021-12-17_17h50m52s,0,0,112,110,64
2021-11-19_23h24m54s,0,0,42,47,64
2023-02-28_21h22m30s,0,0,109,70,64
2022-10-26_22h15m00s,0,0,47,99,64
2024-12-11_20h19m26s,0,0,9,12,64
2024-12-11_20h17m31s,0,0,17,19,64
2024-12-11_20h36m24s,0,0,12,12,64
2023-06-15_19h22m56s,0,0,82,91,64
2022-07-16_07h42m33s,0,0,133,54,64
2021-12-02_00h41m12s,0,0,173,76,64
2022-04-16_08h18m07s,0,0,100,100,64
2024-10-29_03h32m04s,0,0,171,218,64
2021-02-11_10h43m26s,0,0,171,218,64
2021-12-01_18h00m04s,0,0,127,583,64
2022-10-31_22h28m04s,0,0,203,289,64
2023-06-15_18h35m19s,0,0,84,64,64
2024-08-14_04h01m51s,0,0,153,146,15
2023-06-12_15h09m12s,0,0,11,98,21
2024-02-05_22h24m16s,0,0,165,136,12
2024-12-11_20h18m40s,0,0,30,31,64
2022-10-12_21h39m25s,0,0,161,179,60
2024-12-11_19h46m18s,0,0,17,11,64
2024-12-11_19h57m28s,0,0,21,26,64
2023-05-24_16h41m03s,0,0,190,114,9
2024-12-19_12h28m03s,0,0,100,106,63
2022-10-26_22h31m39s,0,0,17,149,64
2022-12-15_13h00m43s,0,0,107,74,12
2021-12-10_21h52m17s,0,0,217,216,64
2024-02-20_01h53m31s,0,0,73,123,12
2022-04-16_08h22m12s,0,0,100,100,64
2024-12-11_19h54m23s,0,0,13,12,64
2024-10-28_08h48m28s,0,0,247,286,64
2023-07-12_18h37m52s,0,0,89,127,64
2023-07-17_12h41m56s,0,0,80,80,64
2024-03-07_16h41m53s,0,0,37,36,64
2022-10-26_22h46m56s,0,0,123,145,64
2022-07-23_22h49m15s,0,0,119,145,64
2024-02-05_22h22m15s,0,0,196,261,12
2023-11-26_13h35m06s,0,0,204,182,64
2023-02-24_14h53m26s,0,0,62,227,64
2022-10-26_22h28m18s,0,0,96,61,64
2024-05-23_19h17m47s,0,0,218,227,64
2023-04-06_09h26m10s,0,0,125,311,64
2022-04-16_08h17m52s,0,0,100,100,64
2024-03-07_16h43m26s,0,0,60,25,64
2021-12-15_22h37m28s,0,0,126,79,48
2023-12-12_22h36m28s,0,0,168,81,64
2023-12-12_13h09m40s,0,0,78,63,9
2021-12-02_18h40m59s,0,0,118,211,15
2023-04-12_09h04m22s,0,0,63,143,64
2021-12-15_23h40m48s,0,0,221,127,15
2023-10-09_12h20m59s,0,0,278,348,30
2022-05-23_14h50m02s,0,0,20,20,64
2023-05-23_12h33m43s,0,0,738,289,27
2024-12-11_20h30m40s,0,0,17,18,64
2024-03-01_16h12m06s,0,0,68,198,64
2023-04-19_15h09m31s,0,0,31,51,64
2022-07-16_08h06m25s,0,0,176,28,27
2023-05-02_13h15m11s,0,0,79,117,64
2022-04-05_01h59m18s,0,0,210,142,64
2022-01-31_18h55m13s,0,0,20,20,64
2021-12-14_22h11m44s,0,0,145,69,39
2023-11-13_21h51m54s,0,0,91,110,12
2021-12-14_22h50m36s,0,0,102,92,15
2023-06-15_19h22m12s,0,0,93,102,64
2024-12-11_19h55m22s,0,0,12,13,64
2021-12-02_18h39m28s,0,0,89,101,12
2024-10-25_08h45m14s,0,0,276,205,64
2022-06-11_22h42m21s,0,0,240,110,51
2023-04-24_20h55m49s,0,0,78,95,9
2024-03-04_15h21m01s,0,0,54,32,64
2022-06-11_22h44m09s,0,0,102,124,64
2023-11-13_21h52m44s,0,0,90,109,12
2023-06-15_19h13m22s,0,0,80,149,64
2024-12-11_20h30m51s,0,0,23,24,64
2023-12-08_14h04m44s,0,0,35,35,64
2022-07-16_08h01m50s,0,0,228,238,42
2024-06-19_19h36m52s,0,0,60,45,64
2024-12-11_20h23m49s,0,0,36,43,64
2021-09-27_19h25m12s,0,0,171,181,15
2022-04-14_14h45m46s,0,0,100,100,64
2023-09-07_06h10m42s,0,0,197,163,64
2023-02-24_01h14m23s,0,0,140,188,36
2021-04-14_18h12m56s,0,0,239,143,64
2022-07-16_07h59m11s,0,0,109,237,64
2021-12-15_22h08m56s,0,0,160,92,51
2024-03-07_16h43m15s,0,0,55,35,64
2022-10-31_19h30m10s,0,0,242,268,64
2023-12-12_22h35m59s,0,0,163,81,64
2022-04-16_08h23m12s,0,0,100,100,64
2024-11-05_12h30m04s,0,0,94,66,64
2021-09-16_20h20m15s,0,0,208,424,12
2023-12-08_14h03m53s,0,0,45,45,64
2024-07-18_08h55m06s,0,0,51,462,45
2024-12-08_23h19m43s,0,0,294,349,29
2024-12-11_20h20m53s,0,0,44,41,64
2021-09-09_22h13m47s,0,0,119,107,64
2021-12-10_20h57m39s,0,0,152,103,42
2021-12-01_18h08m03s,0,0,279,83,54
2024-12-11_20h12m08s,0,0,22,22,64
2022-10-27_22h16m06s,0,0,207,148,18
2022-04-14_14h44m15s,0,0,100,100,64
2023-08-03_02h01m53s,0,0,60,66,15
2022-05-23_14h49m45s,0,0,20,20,64
2022-12-15_15h54m07s,0,0,73,73,18
2023-04-24_20h59m42s,0,0,134,251,9
2024-02-19_05h36m42s,0,0,85,135,12
2023-02-21_15h15m12s,0,0,121,236,64
2022-12-19_19h41m24s,0,0,238,189,64
2022-06-25_20h09m44s,0,0,121,82,64
2024-03-04_15h20m41s,0,0,62,26,64
2024-03-07_16h17m11s,0,0,40,37,64
2023-06-02_23h41m00s,0,0,142,213,15
2022-10-07_08h27m08s,0,0,259,260,18
2023-07-13_17h14m22s,0,0,67,64,64
2023-08-01_19h06m20s,0,0,61,118,12
2023-04-24_22h14m11s,0,0,190,136,33
2023-06-27_00h51m59s,0,0,110,133,64
2023-07-13_17h13m38s,0,0,60,65,64
2022-06-11_22h31m21s,0,0,72,145,64
2022-04-16_08h21m49s,0,0,100,100,64
2022-03-14_18h29m23s,0,0,45,36,64
2023-09-13_01h23m07s,0,0,212,402,21
2024-12-19_10h20m30s,0,0,74,147,64
2022-05-07_01h01m45s,0,0,178,130,24
2024-12-11_20h22m52s,0,0,45,29,64
2023-06-27_00h54m27s,0,0,56,183,64
2023-05-26_22h01m31s,0,0,42,66,9
2023-06-27_00h53m58s,0,0,139,112,64
2024-09-07_10h59m37s,0,0,399,376,22
2024-03-04_16h41m24s,0,0,68,112,9
2021-12-30_03h22m53s,0,0,38,80,24
2021-12-30_03h00m53s,0,0,38,80,42
2022-07-16_07h31m07s,0,0,207,77,64
2022-03-14_17h57m51s,0,0,30,50,64
2023-07-13_17h18m59s,0,0,188,61,64
2022-03-28_11h48m50s,0,0,100,100,64
2022-06-11_22h45m05s,0,0,119,118,64
2022-03-04_11h13m43s,0,0,707,467,41
2022-10-27_00h42m58s,0,0,76,114,64
2023-06-27_00h52m18s,0,0,83,114,64
2023-09-06_15h29m14s,0,0,197,163,64
2021-09-11_20h43m22s,0,0,173,84,64
2022-07-16_07h37m03s,0,0,135,164,51
2022-07-16_07h29m19s,0,0,216,199,64
2024-10-02_15h03m19s,0,0,40,40,15
2023-07-13_17h14m49s,0,0,74,53,64
2022-10-26_22h29m18s,0,0,74,108,64
2024-12-11_20h27m45s,0,0,17,15,64
2022-04-11_21h04m05s,0,0,167,154,9
2024-12-11_19h57m42s,0,0,17,15,64
2022-11-07_17h31m26s,0,0,173,193,42
2023-04-24_21h00m27s,0,0,130,37,12
2022-01-31_18h54m49s,0,0,20,20,64
2021-10-28_00h20m29s,0,0,275,174,64
2024-12-11_20h31m15s,0,0,22,20,64
2024-11-21_15h40m02s,0,0,356,347,22
2024-12-11_20h14m18s,0,0,19,22,64
2024-05-02_22h28m15s,0,0,260,208,64
2023-04-15_01h13m01s,0,0,92,57,15
2024-11-05_10h06m17s,0,0,96,82,64
2024-12-11_20h14m52s,0,0,12,10,64
2022-10-26_22h57m04s,0,0,75,206,64
2021-11-22_20h00m41s,0,0,347,96,42
2023-03-21_10h21m28s,0,0,118,345,64
2021-12-10_22h06m18s,0,0,140,99,64
2022-04-16_08h23m36s,0,0,100,100,64
2023-02-17_10h06m17s,0,0,91,109,64
2022-11-21_23h06m51s,0,0,207,213,64
2023-05-26_22h00m03s,0,0,126,78,9
2022-10-07_08h07m44s,0,0,259,260,17
2022-03-16_18h46m57s,0,0,175,54,42
2023-05-17_08h38m26s,0,0,310,221,64
2023-09-20_10h59m53s,0,0,377,332,20
2022-10-31_22h34m54s,0,0,295,138,64
2022-07-16_07h45m35s,0,0,147,26,64
2021-12-10_20h27m46s,0,0,174,114,36
2023-08-01_19h05m28s,0,0,62,123,30
2023-02-17_21h54m59s,0,0,45,56,18
2021-09-27_18h57m26s,0,0,217,196,64
2023-08-03_02h02m00s,0,0,68,59,18
2022-11-21_23h37m01s,0,0,163,150,64
2024-12-11_20h15m20s,0,0,44,31,64
2024-10-21_13h12m02s,0,0,60,430,64
2024-08-05_10h37m24s,0,0,22,18,33
2022-04-11_10h26m29s,0,0,100,100,64
2023-12-12_13h08m54s,0,0,69,52,9
2021-10-11_22h02m30s,0,0,145,139,64
2022-06-25_20h04m20s,0,0,67,89,64
2022-01-31_21h56m23s,0,0,121,49,33
2024-12-11_20h16m25s,0,0,15,18,64
2023-04-07_20h11m34s,0,0,54,34,12
2021-12-01_18h59m25s,0,0,120,260,64
2022-02-22_11h06m11s,0,0,504,335,34
2023-06-27_00h51m39s,0,0,105,130,64
2021-11-04_17h01m38s,0,0,149,541,15
2022-12-19_09h18m59s,0,0,186,289,64
2023-10-09_14h49m10s,0,0,328,270,64
2023-02-10_11h47m46s,0,0,328,270,64
2022-05-25_11h54m16s,0,0,80,194,9
2024-10-28_08h49m48s,0,0,263,205,64
2024-12-11_20h14m33s,0,0,19,19,64
2024-12-19_10h25m05s,0,0,69,125,64
2022-07-16_07h57m12s,0,0,285,157,54
2023-02-17_21h54m01s,0,0,60,31,12
2024-12-11_20h28m41s,0,0,23,22,64
2021-09-11_20h45m11s,0,0,127,69,64
2022-10-26_22h22m32s,0,0,130,76,64
2022-07-07_09h50m35s,0,0,40,64,64
2023-02-17_02h51m29s,0,0,90,41,15
2024-02-29_14h11m21s,0,0,68,112,36
2021-12-15_22h16m00s,0,0,248,188,39
2023-09-01_05h13m06s,0,0,310,221,18
2024-03-04_15h20m23s,0,0,39,38,64
2024-10-12_11h33m23s,0,0,167,331,64
2024-04-03_09h59m47s,0,0,82,156,64
2024-12-11_20h34m40s,0,0,39,34,64
2024-12-11_19h56m44s,0,0,15,14,64
2024-12-14_01h05m14s,0,0,245,109,9
2021-09-17_22h36m14s,0,0,430,692,27
2022-07-16_07h15m48s,0,0,238,82,64
2022-07-16_08h00m45s,0,0,206,151,64
2023-02-20_14h21m09s,0,0,77,179,64
2022-03-26_19h16m18s,0,0,168,108,15
2022-06-25_19h56m30s,0,0,79,297,64
2024-12-11_20h21m49s,0,0,61,36,64
2023-06-02_09h42m00s,0,0,306,213,27
2023-07-13_17h20m28s,0,0,62,83,64
2022-04-11_10h35m03s,0,0,100,100,64
2023-07-14_16h49m20s,0,0,190,388,64
2022-10-27_00h45m17s,0,0,110,84,64
2022-01-31_18h53m11s,0,0,25,25,15
2021-12-10_21h01m39s,0,0,157,110,42
2023-03-10_18h41m15s,0,0,200,200,12
2022-04-11_10h28m11s,0,0,100,100,64
2022-09-15_03h34m59s,0,0,162,169,12
2023-02-13_20h56m21s,0,0,64,114,9
2023-11-02_21h49m19s,0,0,346,298,28
2022-06-23_00h40m29s,0,0,198,234,21
2021-12-07_23h10m17s,0,0,80,57,12
2023-08-01_19h03m48s,0,0,66,133,12
2023-04-12_09h26m08s,0,0,105,317,64
2023-08-01_08h36m40s,0,0,131,346,64
2022-04-16_08h22m38s,0,0,100,100,64
2023-08-01_19h02m02s,0,0,62,106,64
2023-07-26_09h21m13s,0,0,141,474,64
2022-11-07_17h32m15s,0,0,20,178,63
2023-07-13_17h22m37s,0,0,119,88,64
2024-12-11_20h36m07s,0,0,36,37,64
2022-03-28_11h56m02s,0,0,100,100,64
2022-07-11_15h54m19s,0,0,320,616,24
2024-03-07_16h42m52s,0,0,55,35,64
2024-12-11_20h11m56s,0,0,16,16,64
2023-02-22_08h48m24s,0,0,122,238,12
2023-11-02_08h55m38s,0,0,880,2658,29
2023-05-17_14h00m17s,0,0,125,195,64
2023-09-22_18h11m23s,0,0,379,347,46
2024-03-07_16h43m07s,0,0,66,25,64
2023-07-13_17h16m07s,0,0,183,58,64
2023-08-03_02h11m25s,0,0,70,63,21
2022-10-17_15h53m36s,0,0,80,80,64
2023-02-24_11h58m32s,0,0,58,235,12
2025-08-25_21h41m26s,0,0,401,212,15
2021-11-25_11h10m32s,0,0,130,170,9
2023-08-03_02h01m37s,0,0,52,54,15
2023-08-09_09h14m18s,0,0,160,207,64
2023-07-31_07h24m15s,0,0,160,207,64
2022-06-04_01h13m31s,0,0,18,72,12
2022-03-28_11h56m06s,0,0,100,100,64
2023-08-20_07h36m46s,0,0,159,206,64
2024-12-11_20h27m27s,0,0,57,49,64
2022-06-25_20h06m35s,0,0,98,72,64
2024-12-11_20h29m41s,0,0,11,13,64
2022-07-11_16h03m35s,0,0,315,605,16
2024-12-11_20h31m03s,0,0,20,24,64
2023-02-24_17h47m14s,0,0,170,208,36
2023-02-24_01h34m00s,0,0,156,216,39
2021-09-11_20h39m45s,0,0,182,83,64
2023-10-09_14h29m18s,0,0,153,433,64
2023-05-10_21h07m23s,0,0,153,433,64
2022-10-17_15h51m26s,0,0,80,80,64
2023-09-12_02h11m49s,0,0,182,332,42
2023-11-01_11h33m19s,0,0,135,133,51
2022-08-30_18h23m39s,0,0,212,126,64
2023-07-13_17h19m44s,0,0,93,74,64
2024-03-07_16h44m10s,0,0,45,21,64
2024-12-11_20h23m35s,0,0,49,33,39
2022-05-23_14h51m14s,0,0,20,20,64
2023-02-27_08h56m17s,0,0,65,234,39
2024-11-05_10h05m10s,0,0,91,66,64
2022-10-18_15h33m11s,0,0,80,80,64
2024-06-12_23h33m36s,0,0,300,313,43
2023-04-19_03h51m13s,0,0,1,8541,63
2023-04-18_15h33m49s,0,0,1,8541,63
2022-10-17_22h29m04s,0,0,265,232,51
2024-12-11_20h26m31s,0,0,37,26,64
2022-10-18_15h34m37s,0,0,80,80,64
2021-09-27_19h13m28s,0,0,122,105,48
2024-12-11_20h25m32s,0,0,64,54,63
2022-10-31_21h29m06s,0,0,186,131,64
2023-02-24_08h56m57s,0,0,116,213,64
2021-09-09_22h14m45s,0,0,106,121,64
2024-12-11_20h30m16s,0,0,22,27,64
2024-12-11_20h29m03s,0,0,15,16,64
2023-09-07_13h18m50s,0,0,188,243,64
2023-02-17_02h53m27s,0,0,57,109,15
2022-06-09_20h32m28s,0,0,37,314,64
2022-10-18_15h32m39s,0,0,80,80,64
2024-12-11_20h15m32s,0,0,10,13,64
2024-12-19_12h28m30s,0,0,66,81,64
2024-12-11_20h28m53s,0,0,17,15,64
2024-12-11_20h16m12s,0,0,20,21,64
2023-08-25_16h10m50s,0,0,236,192,45
2021-12-27_02h45m21s,0,0,75,95,21
2021-12-24_07h18m40s,0,0,75,95,21
2024-10-31_15h04m05s,0,0,7,10,64
2021-11-10_07h02m55s,0,0,236,153,15
2022-05-18_01h15m37s,0,0,80,229,24
2022-01-31_18h52m15s,0,0,25,25,21
2022-10-17_15h50m46s,0,0,80,80,64
2023-09-07_11h22m29s,0,0,210,230,64
2023-05-08_13h39m16s,0,0,151,192,64
2022-04-14_15h07m57s,0,0,100,100,64
2022-10-29_05h44m48s,0,0,153,236,64
2024-12-11_20h26m16s,0,0,36,28,63
2022-10-17_15h52m54s,0,0,80,80,64
2024-12-11_20h30m28s,0,0,16,16,57
2024-12-11_20h22m40s,0,0,35,44,64
2022-06-11_22h46m07s,0,0,119,100,64
2023-10-09_14h28m20s,0,0,386,219,51
2023-05-10_20h03m32s,0,0,386,219,51
2024-08-23_15h23m31s,0,0,66,78,27
2021-12-10_20h53m07s,0,0,106,89,64
2022-05-23_14h50m42s,0,0,20,20,64
2022-09-17_20h36m06s,0,0,97,348,64
2022-06-25_19h49m59s,0,0,65,118,64
2023-09-12_17h08m06s,0,0,202,383,33
2022-10-17_15h59m07s,0,0,80,80,64
2023-02-13_20h51m20s,0,0,73,108,12
2022-07-16_07h24m32s,0,0,234,196,64
2024-12-19_10h29m23s,0,0,151,217,64
2022-05-16_11h22m05s,0,0,117,276,27
2022-07-16_08h03m42s,0,0,210,191,64
2024-12-11_20h34m19s,0,0,15,18,64
2023-04-24_22h08m37s,0,0,137,155,18
2022-11-03_21h15m04s,0,0,80,80,64
2022-07-16_07h54m08s,0,0,109,224,64
2022-02-14_11h58m38s,0,0,860,608,49
2022-07-16_07h35m23s,0,0,255,78,45
2024-03-04_15h19m36s,0,0,45,35,64
2023-07-12_00h00m38s,0,0,291,311,24
2022-10-17_16h00m47s,0,0,80,80,64
2022-02-17_03h35m24s,0,0,80,149,15
2021-09-15_19h27m06s,0,0,384,121,9
2021-12-10_21h42m23s,0,0,150,85,42
2024-12-11_20h21m19s,0,0,22,22,64
2022-03-15_20h49m16s,0,0,136,102,9
2022-06-04_01h14m18s,0,0,17,70,9
2021-11-30_17h43m09s,0,0,168,125,64
2024-07-29_22h12m48s,0,0,30,35,64
2023-10-02_17h16m22s,0,0,925,750,24
2024-07-29_22h13m04s,0,0,24,36,64
2022-06-25_19h56m54s,0,0,86,302,64
2021-12-10_20h41m09s,0,0,102,46,36
2022-06-04_00h46m51s,0,0,197,78,18
2023-08-25_16h51m51s,0,0,75,78,18
2022-01-12_10h42m57s,0,0,326,580,31
2023-09-05_17h06m14s,0,0,386,379,12
2022-10-21_10h10m16s,0,0,80,80,64
2022-05-27_22h54m58s,0,0,23,89,12
2023-12-12_22h43m48s,0,0,124,214,64
2023-02-24_00h56m10s,0,0,158,224,9
2021-12-16_15h58m50s,0,0,43,80,64
2022-04-16_08h23m31s,0,0,100,100,64
2022-10-17_15h51m15s,0,0,80,80,64
2023-07-05_10h22m28s,0,0,30,66,64
2024-07-29_21h53m47s,0,0,13,16,64
2022-04-11_10h31m36s,0,0,100,100,64
2022-10-17_15h51m43s,0,0,80,80,64
2024-12-11_20h31m58s,0,0,13,12,64
2023-07-13_17h05m08s,0,0,68,54,64
2022-09-16_14h27m40s,0,0,151,157,9
2022-02-28_12h37m31s,0,0,704,440,57
2022-05-28_00h14m09s,0,0,126,92,15
2024-12-11_20h32m12s,0,0,21,19,64
2024-02-29_13h56m24s,0,0,68,111,39
2022-10-17_15h58m17s,0,0,80,80,64
2022-10-17_15h52m19s,0,0,80,80,64
2024-12-11_20h31m29s,0,0,11,13,64
2023-03-20_17h58m48s,0,0,329,797,64
2022-11-21_22h54m09s,0,0,107,169,64
2024-03-07_16h10m16s,0,0,28,28,64
2022-10-17_15h50m33s,0,0,80,80,64
2024-12-11_20h31m42s,0,0,44,31,64
2023-02-24_01h41m05s,0,0,164,210,9
2022-10-17_22h30m28s,0,0,276,174,64
2023-09-11_22h42m13s,0,0,253,444,30
2022-10-17_15h58m41s,0,0,80,80,64
2022-05-25_10h39m00s,0,0,80,194,21
2023-06-06_16h03m49s,0,0,322,222,21
2022-10-21_10h11m25s,0,0,80,80,64
2023-09-12_23h10m19s,0,0,214,398,33
2022-06-25_20h08m30s,0,0,124,77,64
2021-11-10_04h48m47s,0,0,285,174,12
2021-09-11_20h29m46s,0,0,225,109,51
2024-02-29_15h19m51s,0,0,68,112,18
2023-02-22_20h34m02s,0,0,139,210,54
2022-04-11_10h24m59s,0,0,100,100,64
2022-06-03_20h06m46s,0,0,152,110,12
2022-12-22_11h50m30s,0,0,337,830,21
2023-02-13_21h00m01s,0,0,81,84,9
2022-11-21_23h17m14s,0,0,242,179,64
2023-12-04_10h53m49s,0,0,405,380,48
2023-07-13_17h15m16s,0,0,59,162,64
2024-12-11_20h22m03s,0,0,46,28,64
2022-06-04_01h12m33s,0,0,225,119,12
2022-10-17_15h58m48s,0,0,80,80,64
2022-10-18_15h33m01s,0,0,80,80,64
2023-07-28_17h21m49s,0,0,171,171,64
2024-03-07_16h35m44s,0,0,35,32,64
2024-02-27_03h49m35s,0,0,144,139,15
2023-05-31_19h01m23s,0,0,148,161,64
2023-09-12_01h11m29s,0,0,199,359,30
2024-12-11_20h30m05s,0,0,19,17,64
2023-05-03_09h35m25s,0,0,123,192,64
2025-08-26_18h28m54s,0,0,208,365,15
2021-11-30_17h50m30s,0,0,189,125,63
2023-02-17_10h17m06s,0,0,105,92,64
2021-10-19_17h14m44s,0,0,148,168,15
2024-03-04_10h19m16s,0,0,80,115,64
2022-10-17_15h53m30s,0,0,80,80,64
2022-01-31_21h55m40s,0,0,148,55,18
2023-03-18_10h16m51s,0,0,86,52,9
2025-08-26_19h22m48s,0,0,228,290,15
2023-04-14_03h40m59s,0,0,92,136,24
2022-10-17_15h58m05s,0,0,80,80,64
2022-04-03_20h36m28s,0,0,105,229,64
2022-04-16_08h23m55s,0,0,100,100,64
2024-06-05_13h28m26s,0,0,140,214,64
2023-02-24_00h49m18s,0,0,140,214,64
2024-07-15_10h22m30s,0,0,34,39,64
2024-03-19_17h08m03s,0,0,80,115,27
2024-02-29_14h35m49s,0,0,80,115,27
2021-09-15_20h25m03s,0,0,171,268,12
2025-08-25_20h09m33s,0,0,200,904,18
2024-02-20_01h49m35s,0,0,136,82,21
2022-10-17_15h58m32s,0,0,80,80,64
2022-07-16_07h41m50s,0,0,159,279,64
2022-07-16_07h14m38s,0,0,82,164,64
2021-12-13_08h27m36s,0,0,81,128,9
2022-07-16_07h38m57s,0,0,113,257,64
2025-08-27_01h09m52s,0,0,249,287,15
2024-12-11_20h41m04s,0,0,66,62,64
2024-12-11_20h32m24s,0,0,24,21,64
2023-02-17_10h17m17s,0,0,111,103,64
2024-05-23_03h48m49s,0,0,15,45,9
2022-10-18_15h32m45s,0,0,80,80,64
2023-09-27_13h40m13s,0,0,320,368,9
2024-07-29_22h15m17s,0,0,20,24,64
2024-10-14_18h04m22s,0,0,120,343,64
2024-10-15_09h14m56s,0,0,107,310,64
2024-12-11_20h29m14s,0,0,13,14,64
2022-10-17_15h58m25s,0,0,80,80,64
2024-09-18_00h54m47s,0,0,285,232,9
2024-05-29_05h20m32s,0,0,131,127,12
2022-10-17_15h52m35s,0,0,80,80,64
2024-07-29_22h13m19s,0,0,20,32,64
2024-02-29_14h05m31s,0,0,62,109,21
2022-10-17_15h53m01s,0,0,80,80,64
2024-03-07_16h43m49s,0,0,67,30,64
2021-11-04_16h55m26s,0,0,232,488,45
2023-10-09_14h18m24s,0,0,277,257,53
2023-05-16_09h36m51s,0,0,277,257,53
2023-09-12_17h43m00s,0,0,206,404,18
2021-12-13_07h32m45s,0,0,73,110,9
2022-10-18_15h32m56s,0,0,80,80,64
2022-03-02_15h56m01s,0,0,808,564,40
2021-12-10_20h33m03s,0,0,121,59,33
2024-11-28_15h40m16s,0,0,574,493,21
2024-05-29_16h40m54s,0,0,23,63,39
2024-06-26_03h56m41s,0,0,12,11,36
2024-03-01_11h41m21s,0,0,62,109,12
2022-10-17_15h58m57s,0,0,80,80,64
2022-07-16_07h22m12s,0,0,161,176,64
2022-10-18_15h32m51s,0,0,80,80,64
2021-09-15_20h16m13s,0,0,147,163,12
2022-10-17_15h51m37s,0,0,80,80,64
2024-02-15_20h25m33s,0,0,386,264,9
2022-01-31_21h43m34s,0,0,54,86,12
2024-07-29_22h04m26s,0,0,34,43,64
2024-12-19_10h24m37s,0,0,47,47,64
2023-08-10_08h24m51s,0,0,145,352,64
2022-01-31_21h54m57s,0,0,151,62,15
2022-02-14_23h06m50s,0,0,63,118,9
2021-11-04_16h59m15s,0,0,226,497,30
2022-07-16_07h49m38s,0,0,203,146,64
2021-09-27_19h36m01s,0,0,170,179,24
2022-03-15_20h47m52s,0,0,162,56,9
2023-06-27_22h59m29s,0,0,73,95,64
2024-07-29_22h13m57s,0,0,28,36,64
2021-11-22_19h41m06s,0,0,25,25,64
2022-10-17_16h00m41s,0,0,80,80,64
2022-03-28_11h56m07s,0,0,100,100,64
2023-05-16_22h06m15s,0,0,338,403,64
2022-02-17_14h13m03s,0,0,80,80,64
2021-11-05_20h59m46s,0,0,163,401,15
2024-07-29_22h13m32s,0,0,42,46,64
2024-12-02_10h45m12s,0,0,763,2491,34
2022-06-04_01h05m10s,0,0,56,102,12
2022-03-16_18h47m58s,0,0,185,101,18
2024-03-11_16h53m05s,0,0,80,115,42
2024-03-11_10h53m57s,0,0,80,115,42
2022-03-16_18h46m08s,0,0,153,128,18
2022-10-21_10h12m09s,0,0,80,80,64
2024-07-29_21h54m02s,0,0,18,21,64
2023-06-09_11h28m27s,0,0,200,200,64
2024-12-11_20h29m53s,0,0,14,17,64
2023-11-02_21h52m21s,0,0,325,306,28
2021-09-15_20h16m40s,0,0,121,165,12
2022-10-26_22h45m52s,0,0,69,103,64
2024-12-11_20h07m40s,0,0,12,17,64
2022-10-26_21h25m34s,0,0,162,180,64
2023-11-27_04h07m54s,0,0,304,188,64
2023-08-23_14h19m57s,0,0,47,216,64
2022-10-17_15h51m07s,0,0,80,80,64
2022-02-17_03h36m40s,0,0,74,107,9
2024-07-29_22h16m03s,0,0,41,39,64
2023-05-15_20h38m06s,0,0,174,278,9
2021-12-10_00h00m38s,0,0,209,99,21
2023-11-27_04h08m07s,0,0,232,204,60
2024-05-26_23h00m23s,0,0,202,346,39
2024-12-11_20h40m21s,0,0,46,56,64
2024-02-19_05h02m33s,0,0,79,131,12
2023-06-27_22h58m01s,0,0,106,73,64
2022-07-11_16h05m49s,0,0,405,564,61
2022-03-28_11h56m04s,0,0,150,150,39
2022-06-25_19h51m09s,0,0,121,77,64
2022-02-14_23h10m11s,0,0,159,67,12
2022-06-03_20h08m04s,0,0,22,102,9
2023-10-16_12h53m24s,0,0,60,60,9
2023-09-05_16h12m30s,0,0,385,462,18
2024-07-29_21h55m34s,0,0,49,49,64
2021-09-27_21h53m57s,0,0,116,119,12
2023-03-18_08h26m30s,0,0,102,37,15
2022-10-17_15h53m45s,0,0,80,80,64
2023-06-30_07h50m29s,0,0,150,150,45
2024-04-30_09h42m06s,0,0,84,161,64
2023-01-19_20h45m02s,0,0,301,401,64
2022-10-17_15h51m20s,0,0,80,80,64
2021-11-05_21h01m35s,0,0,180,392,27
2024-07-29_22h13m45s,0,0,49,41,64
2024-12-11_20h32m53s,0,0,20,23,64
2022-05-09_20h40m36s,0,0,148,59,9
2023-06-21_21h25m40s,0,0,261,729,15
2023-07-05_10h22m57s,0,0,61,46,64
2024-07-29_22h05m15s,0,0,24,32,64
2022-11-03_21h13m09s,0,0,80,80,64
2023-10-09_14h20m15s,0,0,109,270,33
2022-10-17_15h52m28s,0,0,80,80,64
2024-12-11_20h41m17s,0,0,51,49,64
2022-10-17_16h00m33s,0,0,80,80,64
2023-07-31_07h32m57s,0,0,171,171,64
2023-02-24_00h47m55s,0,0,140,195,48
2024-03-07_16h41m00s,0,0,72,36,64
2024-07-29_22h16m47s,0,0,33,45,64
2022-10-17_16h00m26s,0,0,80,80,63
2024-07-29_22h16m33s,0,0,18,21,64
2023-04-04_07h50m38s,0,0,311,276,27
2024-07-29_22h04m10s,0,0,24,52,64
2022-10-18_15h34m47s,0,0,80,80,64
2024-01-26_21h50m38s,0,0,198,234,24
2024-12-11_20h39m57s,0,0,53,50,64
2022-10-17_15h59m39s,0,0,80,80,64
2023-04-24_22h12m23s,0,0,128,191,39
2022-10-17_15h53m07s,0,0,80,80,64
2024-11-07_01h51m05s,0,0,279,182,64
2023-09-07_13h13m19s,0,0,260,300,44
2023-09-07_11h38m52s,0,0,260,300,44
2024-07-29_22h14m50s,0,0,24,40,64
2022-04-11_10h41m48s,0,0,100,100,63
2022-06-28_00h22m56s,0,0,128,78,9
2023-09-28_11h39m20s,0,0,922,2645,47
2022-10-18_15h33m06s,0,0,80,80,64
2022-10-17_15h59m46s,0,0,80,80,64
2024-10-10_15h16m01s,0,0,50,447,64
2023-07-05_10h23m23s,0,0,55,53,64
2022-10-17_15h52m44s,0,0,80,80,64
2022-10-17_15h51m54s,0,0,80,80,64
2022-10-17_16h00m53s,0,0,80,80,63
2024-07-29_21h55m48s,0,0,35,38,21
2023-02-22_13h30m46s,0,0,45,219,64
2024-07-29_22h04m59s,0,0,34,28,42
2022-04-11_10h23m28s,0,0,100,100,64
2023-10-13_16h21m33s,0,0,109,159,9
2024-07-29_22h15m49s,0,0,37,49,64
2022-10-17_16h00m13s,0,0,80,80,64
2024-07-29_22h16m20s,0,0,42,36,64
2024-12-11_20h37m48s,0,0,30,40,64
2024-03-26_16h25m54s,0,0,83,88,9
2024-12-11_20h40m08s,0,0,43,46,64
2021-11-04_17h07m22s,0,0,202,530,18
2024-02-19_05h43m55s,0,0,135,85,15
2022-10-31_22h02m23s,0,0,241,287,45
2022-04-11_10h43m23s,0,0,100,100,64
2024-05-21_09h58m18s,0,0,648,569,11
2022-10-18_15h34m26s,0,0,80,80,64
2023-10-24_17h13m08s,0,0,365,318,54
2023-11-27_04h08m21s,0,0,145,84,39
2024-07-29_21h54m19s,0,0,40,56,63
2023-06-15_19h47m33s,0,0,875,2640,61
2023-09-28_11h33m43s,0,0,875,2640,64
2023-06-16_07h54m01s,0,0,956,2671,61
2024-07-29_22h03m25s,0,0,19,34,33
2023-10-03_10h58m29s,0,0,275,275,24
2022-10-17_15h59m26s,0,0,80,80,64
2023-02-23_22h46m15s,0,0,125,195,64
2022-10-18_15h34m42s,0,0,80,80,64
2024-02-20_01h57m32s,0,0,133,79,9
2024-02-20_01h54m41s,0,0,133,87,18
2024-07-29_21h57m38s,0,0,27,47,63
2023-09-10_07h41m35s,0,0,40,50,48
2023-09-28_11h44m16s,0,0,948,2629,40
2023-10-24_08h57m00s,0,0,136,120,64
2023-02-17_10h17m31s,0,0,105,115,64
2022-10-17_15h53m16s,0,0,80,80,64
2024-07-29_22h03m58s,0,0,43,41,64
2024-07-29_21h50m25s,0,0,40,47,39
2022-10-18_15h34m16s,0,0,80,80,64
2024-11-04_15h00m28s,0,0,40,50,64
2024-11-04_16h08m58s,0,0,27,35,33
2024-07-29_22h05m27s,0,0,23,37,64
2024-12-02_10h22m51s,0,0,702,2474,64
2022-10-18_15h34m31s,0,0,80,80,64
2024-12-11_20h37m10s,0,0,39,41,64
2023-11-27_04h08m17s,0,0,318,187,51
2024-01-16_21h50m01s,0,0,218,219,64
2024-02-20_01h48m46s,0,0,136,70,9
2023-04-11_09h18m25s,0,0,130,49,64
2024-07-29_21h52m31s,0,0,29,43,64
2021-11-10_08h09m47s,0,0,270,180,18
2023-06-07_09h55m21s,0,0,200,200,64
2024-12-02_10h24m02s,0,0,1262,3722,50
2024-07-29_21h57m49s,0,0,30,42,64
2024-07-29_21h55m17s,0,0,23,20,64
2021-11-04_17h13m57s,0,0,225,481,18
2023-02-24_00h37m17s,0,0,133,198,63
2023-09-20_09h58m07s,0,0,20,20,30
2022-06-02_19h39m34s,0,0,135,131,9
2024-12-11_20h46m04s,0,0,45,39,64
2024-02-20_01h41m56s,0,0,163,92,9
2024-11-21_15h41m14s,0,0,290,284,33
2024-12-11_20h37m35s,0,0,38,58,64
2024-02-20_01h44m07s,0,0,148,98,9
2024-07-29_22h15m35s,0,0,38,41,64
2022-08-08_23h36m43s,0,0,150,136,18
2023-11-27_04h08m13s,0,0,205,82,64
2022-10-17_15h59m58s,0,0,80,80,64
2024-07-29_22h03m06s,0,0,23,31,64
2023-03-18_06h32m37s,0,0,111,114,9
2022-10-26_21h26m51s,0,0,112,195,64
2022-10-26_21h30m03s,0,0,189,163,64
2024-12-11_20h40m35s,0,0,55,64,64
2022-10-17_16h00m06s,0,0,80,80,64
2023-09-28_11h13m13s,0,0,861,2651,57
2021-09-11_20h48m42s,0,0,208,136,21
2024-07-29_21h52m53s,0,0,33,39,36
2022-10-21_10h11m54s,0,0,80,80,64
2022-06-03_20h08m52s,0,0,24,84,12
2024-07-29_22h03m42s,0,0,23,33,36
2024-11-05_02h32m52s,0,0,29,51,15
2024-07-29_22h04m39s,0,0,23,15,51
2024-10-26_04h01m43s,0,0,322,522,14
2024-02-20_01h55m56s,0,0,126,73,9
2023-04-18_17h36m19s,0,0,165,247,12
2022-03-16_20h28m33s,0,0,28,107,12
2024-12-11_20h39m31s,0,0,23,29,64
2022-04-07_02h40m42s,0,0,52,143,60
2023-04-04_13h49m46s,0,0,1,9126,15
2024-02-20_01h40m11s,0,0,140,94,12
2023-05-25_13h31m40s,0,0,748,651,21
2022-05-26_00h41m52s,0,0,147,150,15
2022-05-18_02h21m59s,0,0,147,150,15
2024-03-26_16h26m16s,0,0,52,54,15
2023-09-28_11h23m51s,0,0,1032,2708,64
2024-02-20_01h46m58s,0,0,154,84,9
2024-12-11_20h38m39s,0,0,33,31,64
2024-01-26_21h13m34s,0,0,218,186,15
2024-01-16_21h28m13s,0,0,224,205,64
2024-07-29_21h53m28s,0,0,31,38,9
2024-11-07_01h47m04s,0,0,276,164,64
2021-11-09_15h54m35s,0,0,539,1411,33
2022-10-17_15h59m14s,0,0,80,80,64
2022-07-08_21h54m24s,0,0,120,100,45
2023-11-27_04h08m34s,0,0,204,192,64
2024-12-11_20h38m23s,0,0,45,42,64
2022-10-21_10h11m42s,0,0,80,80,64
2024-02-20_01h45m20s,0,0,147,91,9
2023-06-16_10h46m46s,0,0,98,284,64
2023-02-17_10h09m24s,0,0,107,96,64
2023-03-01_13h24m33s,0,0,500,500,47
2023-08-05_13h51m43s,0,0,2295,2499,18
2024-07-29_21h54m48s,0,0,31,35,64
2024-07-29_22h15m03s,0,0,22,43,64
2022-10-21_10h10m51s,0,0,80,80,64
2023-04-18_21h25m13s,0,0,477,643,9
2022-10-21_10h11m31s,0,0,80,80,64
2024-02-20_01h42m42s,0,0,132,69,9
2023-07-04_10h26m22s,0,0,308,234,60
2023-02-23_22h43m42s,0,0,131,176,64
2022-10-21_10h11m46s,0,0,80,80,64
2021-11-04_17h12m10s,0,0,195,361,24
2024-12-11_20h37m59s,0,0,42,35,64
2023-06-07_17h03m43s,0,0,125,125,12
2022-05-28_00h04m11s,0,0,29,85,12
2024-07-12_04h03m29s,0,0,36,34,64
2022-10-21_10h11m36s,0,0,80,80,64
2024-02-20_01h38m59s,0,0,148,94,9
2023-06-18_14h51m30s,0,0,94,275,64
2023-11-26_15h23m06s,0,0,207,194,64
2022-06-23_09h37m11s,0,0,160,65,12
2024-08-14_04h04m06s,0,0,164,142,9
2024-03-21_17h15m07s,0,0,210,237,15
2023-01-19_20h59m24s,0,0,334,224,64
2024-12-11_20h38m52s,0,0,51,60,64
2022-10-18_15h34m21s,0,0,80,80,64
2023-06-07_13h28m32s,0,0,355,254,54
2023-02-17_10h08m13s,0,0,92,104,64
2022-06-04_01h05m48s,0,0,57,90,12
2024-06-25_08h14m48s,0,0,99,108,39
2022-10-21_10h10m46s,0,0,80,80,64
2022-05-31_10h26m09s,0,0,100,300,33
2024-12-11_20h38m11s,0,0,27,40,60
2022-05-17_15h40m15s,0,0,914,1332,32
2024-10-21_13h14m26s,0,0,50,284,64
2023-06-18_14h51m51s,0,0,98,272,64
2022-03-16_00h52m31s,0,0,24,96,9
2024-12-24_03h56m04s,0,0,212,129,18
2024-03-04_10h26m27s,0,0,62,109,9
2023-01-05_10h55m02s,0,0,842,272,14
2022-05-30_20h18m04s,0,0,200,200,64
2022-10-21_10h12m03s,0,0,80,80,64
2022-10-21_10h10m29s,0,0,80,80,64
2024-07-09_11h56m00s,0,0,273,193,60
2024-02-07_16h21m03s,0,0,68,95,9
2021-12-03_23h38m06s,0,0,23,53,48
2023-06-16_11h48m35s,0,0,104,276,64
2024-07-29_21h55m03s,0,0,26,33,9
2023-11-27_04h09m11s,0,0,148,141,64
2023-07-04_11h43m46s,0,0,331,223,15
2024-12-11_20h45m04s,0,0,56,37,64
2024-12-02_10h35m00s,0,0,97,80,21
2022-10-21_10h10m21s,0,0,80,80,64
2023-06-02_11h54m37s,0,0,306,213,9
2023-06-02_11h23m03s,0,0,306,213,9
2023-06-01_19h16m41s,0,0,1739,5298,45
2022-04-07_10h47m27s,0,0,125,295,21
2024-12-11_20h44m27s,0,0,25,31,39
2022-10-21_10h10m25s,0,0,80,80,64
2022-04-07_11h16m13s,0,0,105,278,15
2023-10-09_14h17m53s,0,0,396,143,12
2022-11-01_04h00m14s,0,0,35,78,21
2019-06-06_22h03m51s,0,0,163,249,24
2023-11-27_04h08m38s,0,0,251,88,64
2022-01-07_13h40m11s,0,0,106,176,42
2024-06-25_08h17m12s,0,0,129,97,39
2024-12-21_08h00m01s,0,0,74,88,15
2022-05-31_10h26m26s,0,0,100,300,45
2024-07-29_21h54m33s,0,0,49,48,9
2023-06-15_12h53m10s,0,0,105,277,64
2024-12-06_04h01m39s,0,0,35,36,15
2023-06-15_12h31m18s,0,0,97,285,64
2024-02-15_20h37m13s,0,0,386,264,64
2024-12-11_20h44m42s,0,0,31,28,39
2024-03-12_10h10m26s,0,0,62,109,12
2022-03-16_20h27m43s,0,0,26,102,9
2023-11-27_04h08m51s,0,0,232,195,64
2022-03-09_19h12m43s,0,0,366,283,10
2022-10-17_22h16m11s,0,0,263,309,64
2022-05-30_19h16m00s,0,0,300,500,15
2024-06-25_11h23m24s,0,0,12,16,18
2023-08-04_08h24m23s,0,0,151,215,64
2024-12-11_20h42m53s,0,0,22,20,24
2023-01-18_15h42m25s,0,0,189,197,64
2022-05-28_00h04m50s,0,0,30,90,9
2024-12-11_20h45m29s,0,0,24,28,64
2024-08-23_15h21m31s,0,0,66,48,9
2022-10-21_10h10m40s,0,0,80,80,64
2024-06-26_03h54m35s,0,0,10,11,15
2023-11-27_04h09m03s,0,0,154,101,64
2023-11-27_04h08m31s,0,0,142,87,64
2024-06-04_15h54m59s,0,0,1,376,9
2023-07-22_09h50m03s,0,0,178,363,64
2024-12-11_20h39m43s,0,0,16,18,64
2024-12-11_20h40m48s,0,0,12,14,48
2022-01-25_08h09m47s,0,0,300,500,11
2024-06-26_03h47m05s,0,0,15,31,54
2024-05-29_14h58m42s,0,0,66,152,64
2022-10-21_10h10m34s,0,0,80,80,64
2023-11-27_04h08m27s,0,0,287,162,64
2024-12-11_20h46m16s,0,0,34,36,42
2023-09-05_16h36m15s,0,0,280,329,15
2023-11-27_04h08m55s,0,0,131,108,64
2023-06-09_10h38m10s,0,0,502,314,12
2023-11-26_15h23m09s,0,0,185,102,48
2024-06-28_07h10m21s,0,0,10,11,15
2024-03-21_17h13m08s,0,0,183,188,24
2023-11-27_04h08m45s,0,0,89,101,64
2023-11-27_04h09m18s,0,0,142,128,64
2023-09-05_16h59m16s,0,0,352,286,9
2024-07-01_09h59m02s,0,0,15,31,15
2024-06-25_11h38m02s,0,0,15,31,51
2023-11-26_15h57m42s,0,0,237,94,15
2024-07-12_07h18m29s,0,0,32,45,30
2021-12-02_15h44m19s,0,0,20,20,64
2024-10-24_05h34m29s,0,0,13,24,12
2024-12-11_20h44m53s,0,0,19,16,39
2024-12-20_03h46m30s,0,0,166,184,9
2024-12-11_20h45m16s,0,0,31,32,39
2023-11-27_04h08m59s,0,0,253,206,64
2023-11-27_04h09m07s,0,0,291,204,64
2022-08-11_12h43m53s,0,0,547,186,15
2024-12-11_20h37m21s,0,0,20,19,24
2022-03-04_11h20m44s,0,0,261,129,36
2024-12-11_20h45m53s,0,0,24,27,36
2024-12-11_20h46m28s,0,0,20,21,36
2024-12-11_20h41m56s,0,0,20,18,12
2023-11-27_04h09m15s,0,0,209,196,64
2024-07-02_13h47m39s,0,0,521,417,24
2023-11-27_04h08m41s,0,0,251,181,64
2022-03-04_10h05m05s,0,0,191,191,39
2024-11-14_15h48m26s,0,0,34,30,21
2024-12-20_03h49m02s,0,0,191,166,9
2022-03-04_11h34m22s,0,0,182,178,42
2022-10-25_05h15m40s,0,0,87,91,21
2023-04-11_07h11m43s,0,0,93,105,12
2023-03-17_13h54m41s,0,0,1729,3433,9
2023-08-01_08h47m46s,0,0,144,163,64
2021-11-05_21h04m10s,0,0,113,92,15
2021-12-19_23h24m50s,0,0,199,356,18
2023-02-23_22h35m34s,0,0,135,199,54
2024-12-11_20h42m36s,0,0,30,27,36
2023-01-18_15h41m08s,0,0,273,394,13
2021-12-21_01h55m12s,0,0,197,183,9
2022-11-01_04h10m25s,0,0,12,17,30
2022-04-07_09h16m39s,0,0,125,295,9
2024-12-11_20h41m42s,0,0,31,32,12
2023-01-13_15h22m08s,0,0,394,269,10
2022-04-07_11h16m24s,0,0,118,230,12
2024-12-20_03h39m31s,0,0,170,186,9
2024-06-25_11h22m17s,0,0,15,31,27
2023-02-23_22h40m19s,0,0,154,193,51
2023-08-09_06h11m51s,0,0,187,171,64
2023-09-07_05h52m50s,0,0,159,136,15
2023-09-06_15h05m57s,0,0,159,136,9
2024-12-20_04h15m50s,0,0,159,167,9
2024-07-29_22h21m02s,0,0,18,27,9
2024-12-20_03h56m59s,0,0,152,182,9
2021-12-21_01h14m46s,0,0,252,223,12
2021-01-06_21h19m55s,0,0,1,2,9
2024-12-11_20h43m18s,0,0,32,40,12
2022-11-01_04h11m13s,0,0,29,35,21
2024-12-11_20h44m02s,0,0,34,41,9
2024-07-29_22h20m45s,0,0,25,32,18
2022-04-07_10h47m40s,0,0,133,243,15
2024-12-11_20h44m15s,0,0,31,41,12
2024-12-11_20h45m41s,0,0,18,21,9
2024-12-20_03h54m23s,0,0,190,171,9
2024-07-29_22h20m31s,0,0,23,40,27
2024-09-26_23h57m31s,0,0,182,176,64
2024-12-20_04h11m47s,0,0,162,161,9
2022-03-04_09h19m57s,0,0,169,213,48
2024-07-29_22h23m54s,0,0,30,42,21
2024-12-02_12h22m27s,0,0,1576,6465,27
2024-12-20_04h36m36s,0,0,163,162,9
2024-12-11_20h42m21s,0,0,19,16,24
2024-07-29_22h19m45s,0,0,27,38,15
2021-11-10_07h40m35s,0,0,256,164,9
2024-12-20_04h43m52s,0,0,180,208,9
2024-12-20_04h46m17s,0,0,174,169,9
2024-07-29_22h19m26s,0,0,37,39,42
2024-09-27_00h08m08s,0,0,221,225,24
2023-02-23_22h23m18s,0,0,113,172,64
2023-02-23_22h32m58s,0,0,125,192,64
2024-09-27_00h20m26s,0,0,221,225,45
2022-05-30_10h18m15s,0,0,154,368,18
2022-04-07_05h30m15s,0,0,206,64,64
2019-10-29_22h01m09s,0,0,121,98,9
2019-10-29_23h23m27s,0,0,121,98,9
2022-04-07_05h16m37s,0,0,78,197,15
2019-10-29_21h32m37s,0,0,176,117,12
2022-11-14_05h15m11s,0,0,512,512,18
2024-08-23_03h35m41s,0,0,66,78,12
2023-03-20_07h35m39s,0,0,189,242,27
2024-02-29_14h42m04s,0,0,68,111,12
2024-08-23_15h02m38s,0,0,66,78,15
2023-06-02_05h14m56s,0,0,512,512,24
2023-12-22_10h06m20s,0,0,236,181,12
2024-09-27_18h26m04s,0,0,239,235,9
2024-09-27_17h30m33s,0,0,209,241,18
2022-08-30_00h14m07s,0,0,140,68,64
2023-07-16_11h31m39s,0,0,21,81,64
2022-08-29_22h13m30s,0,0,114,48,64
2022-08-30_18h05m31s,0,0,148,65,64
2024-09-28_15h43m16s,0,0,282,196,21
2024-12-20_19h14m13s,0,0,136,154,12
2024-12-20_18h54m19s,0,0,136,154,12
2022-08-29_23h12m52s,0,0,185,64,64
2024-07-09_11h15m26s,0,0,360,223,12
2021-09-14_19h08m05s,0,0,213,56,64
2021-09-14_18h57m03s,0,0,203,59,64
2022-08-25_23h56m13s,0,0,107,57,64
2022-08-24_19h47m17s,0,0,183,56,42
2022-08-26_00h06m52s,0,0,102,50,42
2023-07-04_09h18m44s,0,0,60,105,64
2023-06-22_23h25m58s,0,0,58,28,9
2024-06-05_11h00m29s,0,0,1,376,12
2022-08-30_00h07m11s,0,0,130,52,64
2024-10-28_00h45m48s,0,0,108,202,9
2024-10-09_18h50m05s,0,0,126,178,9
2024-07-05_13h43m16s,0,0,279,193,18
2022-08-29_21h38m19s,0,0,135,66,64
2022-08-29_22h01m38s,0,0,135,66,64
2022-08-30_00h27m19s,0,0,220,129,33
2022-08-30_17h14m16s,0,0,242,156,63
2023-06-02_05h13m52s,0,0,512,512,26
2022-08-29_22h21m50s,0,0,104,56,30
2022-08-29_23h26m38s,0,0,188,60,27
2023-06-19_10h46m24s,0,0,672,292,8
2024-02-27_17h29m40s,0,0,458,1011,8
2024-02-20_01h54m01s,0,0,55,119,21
2024-12-02_12h28m30s,0,0,2047,6763,9
2024-05-22_12h09m54s,0,0,298,327,10
