dataset_id,metaspace_dataset_name,organism,Organism_Part,Condition,polarity,analyzerType,ionisationSource
2016-09-21_16h06m49s,AstraZeneca//CT26_xenograft,Mus musculus,Colon,Cancer,Negative,Orbitrap,DESI
2016-09-21_16h07m21s,UoNotreDame//Untreated_6_574,Homo sapiens,Colon,Immortalised cell line,Positive,FTICR,MALDI
2016-09-22_11h16m23s,UoR1//16ag01475_02d,Mus musculus,Pancreas,Wildtype,Positive,FTICR,MALDI
2016-09-22_11h16m27s,UR1//14ag04907_01g_centroid,Mus musculus,Pancreas,Wildtype,Positive,FTICR,MALDI
2016-09-28_21h01m00s,Normal2,Homo sapiens,Ovary,Wildtype,Negative,Orbitrap,DESI
2016-09-28_21h03m29s,Tumor2,Homo sapiens,Ovary,Tumor,Negative,Orbitrap,DESI
2016-10-25_14h26m36s,AstraZeneca//CT26 S20 - low masses,Mus musculus,Tumour,Diseased,Negative,Orbitrap,DESI
2016-10-25_14h29m20s,adrenal gland neg,Mus musculus,Adrenal gland,Wildtype,Negative,Orbitrap,DESI
2016-10-25_14h30m16s,AstraZeneca//Adrenal gland positive,Mus musculus,Adrenal gland,Wildtype,Positive,Orbitrap,DESI
2016-10-25_14h40m06s,xenograft_1_90um,Mus musculus,Tumour,Diseased,Negative,Orbitrap,DESI
2016-10-25_14h43m04s,xenograft_2_125um,Mus musculus,Tumour,Diseased,Negative,Orbitrap,DESI
2016-10-25_14h44m47s,Xenograft_3_135um,Mus musculus,Tumour,Diseased,Negative,Orbitrap,DESI
2016-10-28_10h26m38s,xenograft CT-26 S10,Mus musculus,Tumour,Diseased,Negative,Orbitrap,DESI
2016-11-17_17h58m41s,Normal4,Homo sapiens,Ovary,,Negative,Orbitrap,DESI
2016-11-17_18h00m42s,Normal6,Homo sapiens,Ovary,,Negative,Orbitrap,DESI
2016-11-17_18h04m24s,Normal8,Homo sapiens,Ovary,,Negative,Orbitrap,DESI
2016-11-17_19h57m56s,Normal9,Homo sapiens,Ovary,,Negative,Orbitrap,DESI
2016-11-17_19h58m51s,Normal10,Homo sapiens,Ovary,,Negative,Orbitrap,DESI
2016-11-17_20h00m46s,Normal11,Homo sapiens,Ovary,,Negative,Orbitrap,DESI
2016-11-17_20h02m10s,Normal12,Homo sapiens,Ovary,,Negative,Orbitrap,DESI
2016-11-17_20h05m40s,Tumor4,Homo sapiens,Ovary,Tumor,Negative,Orbitrap,DESI
2016-11-17_20h13m28s,Tumor9,Homo sapiens,Ovary,Tumor,Negative,Orbitrap,DESI
2016-11-18_15h10m50s,Normal7,Homo sapiens,Ovary,Tumor,Negative,Orbitrap,DESI
2016-11-18_15h12m44s,Tumor5,Homo sapiens,Ovary,Tumor,Negative,Orbitrap,DESI
2016-11-18_15h14m04s,Tumor7,Homo sapiens,Ovary,Tumor,Negative,Orbitrap,DESI
2016-11-18_15h14m45s,Tumor8,Homo sapiens,Ovary,Tumor,Negative,Orbitrap,DESI
2016-11-18_15h15m24s,Tumor10,Homo sapiens,Ovary,Tumor,Negative,Orbitrap,DESI
2016-11-18_15h15m59s,Tumor11,Homo sapiens,Ovary,Tumor,Negative,Orbitrap,DESI
2016-11-18_15h16m42s,Tumor12,Homo sapiens,Ovary,Tumor,Negative,Orbitrap,DESI
2016-11-21_18h36m57s,UT Austin//N1,Homo sapiens,Thyroid,Wildtype,Negative,Orbitrap,DESI
2016-11-21_18h40m08s,UT Austin//N2,Homo sapiens,Thyroid,Wildtype,Negative,Orbitrap,DESI
2016-11-21_23h33m45s,UT Austin//N3,Homo sapiens,Thyroid,Wildtype,Negative,Orbitrap,DESI
2016-11-21_23h34m43s,UT Austin//N4,Homo sapiens,Thyroid,Wildtype,Negative,Orbitrap,DESI
2016-11-21_23h35m13s,N5,Homo sapiens,Thyroid,Wildtype,Negative,Orbitrap,DESI
2016-11-21_23h38m53s,UT Austin//N6,Homo sapiens,Thyroid,Wildtype,Negative,Orbitrap,DESI
2016-11-21_23h39m29s,UT Austin//N7,Homo sapiens,Thyroid,Wildtype,Negative,Orbitrap,DESI
2016-11-21_23h40m05s,UT Austin//N8,Homo sapiens,Thyroid,Wildtype,Negative,Orbitrap,DESI
2016-11-21_23h40m35s,N9,Homo sapiens,Thyroid,Wildtype,Negative,Orbitrap,DESI
2016-11-21_23h41m02s,UT Austin//N10,Homo sapiens,Thyroid,Wildtype,Negative,Orbitrap,DESI
2016-11-22_01h59m16s,UT Austin//NO1,Homo sapiens,Thyroid,Diseased,Negative,Orbitrap,DESI
2016-11-22_01h59m36s,NO2,Homo sapiens,Thyroid,Diseased,Negative,Orbitrap,DESI
2016-11-22_01h59m52s,NO3,Homo sapiens,Thyroid,Diseased,Negative,Orbitrap,DESI
2016-11-22_02h00m18s,UT Austin//NO4,Homo sapiens,Thyroid,Diseased,Negative,Orbitrap,DESI
2016-11-22_02h01m00s,NO6 dataset,Homo sapiens,Thyroid,Diseased,Negative,Orbitrap,DESI
2016-11-22_02h01m20s,NO7,Homo sapiens,Thyroid,Diseased,Negative,Orbitrap,DESI
2016-11-22_02h01m48s,UT Austin//NO8,Homo sapiens,Thyroid,Diseased,Negative,Orbitrap,DESI
2016-11-22_02h02m45s,UT Austin//NO9,Homo sapiens,Thyroid,Diseased,Negative,Orbitrap,DESI
2016-11-22_02h02m59s,UT Austin//NO10,Homo sapiens,Thyroid,Diseased,Negative,Orbitrap,DESI
2016-11-22_02h03m27s,UT Austin//O1,Homo sapiens,Thyroid,Diseased,Negative,Orbitrap,DESI
2016-11-22_02h03m42s,UT Austin//O2,Homo sapiens,Thyroid,Diseased,Negative,Orbitrap,DESI
2016-11-22_02h03m58s,O3 dataset,Homo sapiens,Thyroid,Diseased,Negative,Orbitrap,DESI
2016-11-22_02h04m12s,O4,Homo sapiens,Thyroid,Diseased,Negative,Orbitrap,DESI
2016-11-22_02h04m32s,UT Austin//O5,Homo sapiens,Thyroid,Diseased,Negative,Orbitrap,DESI
2016-11-22_02h04m47s,UT Austin//O6,Homo sapiens,Thyroid,Diseased,Negative,Orbitrap,DESI
2016-11-22_02h05m05s,O7,Homo sapiens,Thyroid,Diseased,Negative,Orbitrap,DESI
2016-11-22_02h05m21s,UT Austin//O8,Homo sapiens,Thyroid,Diseased,Negative,Orbitrap,DESI
2016-11-22_02h05m33s,UT Austin//O9,Homo sapiens,Thyroid,Diseased,Negative,Orbitrap,DESI
2016-11-22_02h05m48s,O10,Homo sapiens,Thyroid,Diseased,Negative,Orbitrap,DESI
2016-11-22_14h08m11s,MP 39,Homo sapiens,Blood cells,In vitro,Positive,Orbitrap,MALDI
2016-12-09_10h16m23s,DESI quan_Swales,Mus musculus,Tumour,Diseased,Positive,Orbitrap,DESI
2016-12-12_11h58m03s,braintissue_dhblsprayed_hhqspot100a - root mean square,Mus musculus,Brain,Wildtype,Positive,FTICR,MALDI
2017-01-26_09h08m49s,JuS30_210x210_PNA,Mus musculus,Brain,Wildtype,Negative,Orbitrap,MALDI
2017-02-22_15h01m27s,210217_mouseliver_DMAN_negative_200x200_25um-20170222121353,Mus musculus,Liver,Wildtype,Negative,Orbitrap,MALDI
2017-02-23_09h51m18s,Mouse liver_DMAN_200x200_25um_rcal,Mus musculus,Liver,Wildtype,Negative,Orbitrap,MALDI
2017-02-24_13h22m14s,mouse_brain_dhb_03 - root mean square,Mus musculus,Brain,Wildtype,Positive,FTICR,MALDI
2017-02-24_13h41m16s,mouse_brain_1-5dan_01 - root mean square,Mus musculus,Brain,Wildtype,Positive,FTICR,MALDI
2017-02-24_14h07m42s,mouse_brain_1-5dan_03 - root mean square,Mus musculus,Brain,Wildtype,Positive,FTICR,MALDI
2017-02-24_15h00m54s,mouse_brain_dithranol_01 - root mean square,Mus musculus,Brain,Wildtype,Positive,FTICR,MALDI
2017-02-24_15h03m08s,mouse_brain_dithranol_02 - root mean square,Mus musculus,Brain,Wildtype,Positive,FTICR,MALDI
2017-02-24_15h04m10s,U Rennes 1//mouse_brain_dithranol_03 - root mean square,Mus musculus,Brain,Wildtype,Positive,FTICR,MALDI
2017-02-24_15h45m51s,mouse_brain_9aa_neg_01 - root mean square,Mus musculus,Brain,Wildtype,Negative,FTICR,MALDI
2017-02-24_15h46m45s,U Rennes 1//mouse_brain_9aa_neg_02 - root mean square,Mus musculus,Brain,Wildtype,Negative,FTICR,MALDI
2017-02-24_15h47m37s,U Rennes 1//mouse_brain_9aa_neg_03 - root mean square,Mus musculus,Brain,Wildtype,Negative,FTICR,MALDI
2017-02-27_15h06m24s,mouse_brain_dhb_negatif_01 - root mean square,Mus musculus,Brain,Wildtype,Negative,FTICR,MALDI
2017-02-27_15h20m11s,U Rennes 1//mouse_brain_dhb_negatif_02 - root mean square,Mus musculus,Brain,Wildtype,Negative,FTICR,MALDI
2017-02-27_15h21m19s,mouse_brain_dhb_negatif_03 - root mean square,Mus musculus,Brain,Wildtype,Negative,FTICR,MALDI
2017-03-01_10h36m33s,mouse_brain_amac_dhb_neg_01 - root mean square,Mus musculus,Brain,Wildtype,Negative,FTICR,MALDI
2017-03-01_11h00m22s,mouse_brain_amac_dhb_negatif_02 - root mean square,Mus musculus,Brain,Wildtype,Negative,FTICR,MALDI
2017-03-01_11h03m05s,mouse_brain_amac_dhb_neg_03 - root mean square,Mus musculus,Brain,Wildtype,Negative,FTICR,MALDI
2017-03-01_11h13m38s,mouse_brain_amf_dhb_neg_01 - root mean square,Mus musculus,Brain,Wildtype,Negative,FTICR,MALDI
2017-03-01_11h14m11s,mouse_brain_amf_dhb_neg_02 - root mean square,Mus musculus,Brain,Wildtype,Negative,FTICR,MALDI
2017-03-01_11h15m16s,U Rennes 1//mouse_brain_amf_dhb_neg_03 - root mean square,Mus musculus,Brain,Wildtype,Negative,FTICR,MALDI
2017-03-10_22h38m59s,Tumor33,Homo sapiens,Ovary,Tumor,Negative,Orbitrap,DESI
2017-03-10_22h40m13s,Tumor37,Homo sapiens,Ovary,Tumor,Negative,Orbitrap,DESI
2017-03-10_22h40m53s,Tumor39,Homo sapiens,Ovary,Tumor,Negative,Orbitrap,DESI
2017-03-10_22h42m16s,Tumor42,Homo sapiens,Ovary,Tumor,Negative,Orbitrap,DESI
2017-03-10_22h42m56s,Tumor43,Homo sapiens,Ovary,Tumor,Negative,Orbitrap,DESI
2017-03-21_14h30m51s,161007_WT1S1L1,Mus musculus,Liver,Wildtype,Positive,Orbitrap,MALDI
2017-03-27_08h38m09s,20170324_ADP_lcmaldi_mousebrainextract-pinned_204x202_95x95_DAN005_37_170324163551,Mus musculus,Brain,Wildtype,Negative,Orbitrap,MALDI
2017-03-28_16h18m53s,20170328_LR_HEPA_DHB5_att30_10filt1_p50x50_s50x50,Homo sapiens,Liver,Cancer,Positive,Orbitrap,MALDI
2017-03-29_18h46m32s,20170329_LR_HEPA_DHB15_att33_10filt1_p50x50_s50x50_1-5,Homo sapiens,Liver,Cancer,Positive,Orbitrap,MALDI
2017-03-29_20h23m06s,20170329_LR_HEPA_DHB15_att27_10filt1_p50x50_s50x50_1-6,Homo sapiens,Liver,Cancer,Positive,Orbitrap,MALDI
2017-04-13_19h21m14s,20170413Hide_PSM_50x40_15x15_DAN007x8_N_300-1000,Mus musculus,PSM,Wildtype,Negative,Orbitrap,MALDI
2017-04-14_08h30m43s,20170413Hide_PSM_100x80_15x15_DAN007x10_N_300-1000,Mus musculus,PSM,Wildtype,Negative,Orbitrap,MALDI
2017-04-20_11h36m39s,170418_MouseBrain_pos_50um_205by129_atn0,Mus musculus,Brain,Diseased,Positive,Orbitrap,MALDI
2017-05-03_17h59m31s,NCSU_M8_mouse_brain,Mus musculus,Brain,Healthy,Positive,Orbitrap,IR-MALDESI
2017-05-17_19h49m04s,whole body xenograft (1) [RMS norm],Mus musculus,Whole organism,Cancer,Positive,FTICR,MALDI
2017-05-17_19h50m07s,wb xenograft trp pathway dosed- rms_corrected,Mus musculus,Whole organism,Cancer,Positive,FTICR,MALDI
2017-05-30_06h56m05s,whole body xenograft (2) [RMS norm],Mus musculus,Whole organism,Cancer,Positive,FTICR,MALDI
2017-06-09_07h13m09s,Mousebrain_MG08_2017_GruppeA,Mus musculus,Brain,,Positive,Orbitrap,MALDI
2017-07-11_11h29m36s,100um_noM2_001_Recal,Mus musculus,Brain,Wildtype,Positive,Orbitrap,MALDI
2017-07-24_19h42m31s,Servier_Ctrl_mouse_wb_lateral_plane_9aa,Mus musculus,Whole organism,Healthy,Negative,FTICR,MALDI
2017-07-26_18h25m14s,Servier_Ctrl_mouse_wb_median_plane_9aa,Mus musculus,Whole organism,Healthy,Negative,FTICR,MALDI
2017-07-28_12h59m41s,mouse body 2,Mus musculus,Whole organism,Healthy,Positive,Orbitrap,IR-MALDESI
2017-08-03_15h09m06s,Servier_Ctrl_mouse_wb_median_plane_chca,Mus musculus,Whole organism,Healthy,Positive,FTICR,MALDI
2017-08-03_15h09m51s,Servier_Ctrl_mouse_wb_lateral_plane_chca,Mus musculus,Whole organism,Healthy,Positive,FTICR,MALDI
2017-08-03_18h26m57s,Mouse_Wholebody_3,Mus musculus,Whole organism,Healthy,Positive,Orbitrap,IR-MALDESI
2017-08-03_19h01m00s,Mouse_Wholebody_3_negative,Mus musculus,Whole organism,Healthy,Negative,Orbitrap,IR-MALDESI
2017-08-11_07h59m58s,Servier_Ctrl_mouse_wb_lateral_plane_DHB,Mus musculus,Whole organism,Healthy,Positive,FTICR,MALDI
2017-08-11_08h01m02s,Servier_Ctrl_mouse_wb_median_plane_DHB,Mus musculus,Whole organism,Healthy,Positive,FTICR,MALDI
2017-10-18_10h57m41s,Mouse Kidney on coated plastic slide 300x165 30 um,Mus musculus,Kidney,Wildtype,Positive,Orbitrap,MALDI
2017-10-26_21h31m12s,mouse_brain - total ion count_pos,Mus musculus,Brain,Wildtype,Positive,FTICR,MALDI
2017-11-08_17h05m33s,Kidney_280x140_40um_E0,Mus musculus,Kidney,Wildtype,Positive,Orbitrap,MALDI
2018-02-14_12h32m10s,3D_Optimized,Homo sapiens,Breast,Wildtype,Negative,FTICR,MALDI
2018-02-19_19h41m03s,50%meoh_8cyc_75um,Homo sapiens,Kidney,Wildtipe,Positive,FTICR,MALDI
2018-02-19_19h43m14s,70%meoh_8cyc_75um,Homo sapiens,Kidney,Wildtipe,Positive,FTICR,MALDI
2018-05-07_22h32m23s,100um_noM2_001_Recal_RECAL3,Mus musculus,Brain,Wildtype,Positive,Orbitrap,MALDI
2018-05-15_22h50m35s,HK_S2_N2_30um_New,Homo sapiens,Kidney,Wildtype,Positive,Orbitrap,MALDI
2018-05-20_22h19m15s,ScNerve_2Top_20um,Mus musculus,Sciatic nerve,Wildtype,Positive,Orbitrap,MALDI
2018-05-20_22h21m55s,ScNerve_3Top_50um,Mus musculus,Sciatic nerve,Wildtype,Positive,Orbitrap,MALDI
2018-05-20_22h29m50s,ScNerve_4Top_30um,Mus musculus,Sciatic nerve,Wildtype,Positive,Orbitrap,MALDI
2018-05-20_22h50m27s,ScNerve_5Top_20um,Mus musculus,Sciatic nerve,Wildtype,Positive,Orbitrap,MALDI
2018-05-24_11h23m11s,2018-05-17_HeLa_DAN_neg_50x50,Homo sapiens,Cells,,Negative,Orbitrap,MALDI
2018-05-29_11h21m59s,14052018_coculture_HeLa_NIH3T3_C1_Neg,Mixed,Cervix | Muscle,Coculture Human HELA with Mouse NIH3T3,Negative,Orbitrap,MALDI
2018-05-29_11h22m28s,14052018_coculture_HeLa_NIH3T3_C1_Pos,Mixed,Cervix | Muscle,Coculture Human HELA with Mouse NIH3T3,Positive,Orbitrap,MALDI
2018-05-29_11h22m45s,14052018_coculture_HeLa_NIH3T3_C2_Neg,Mixed,Cervix | Muscle,Coculture Human HELA with Mouse NIH3T3,Negative,Orbitrap,MALDI
2018-05-29_11h22m56s,14052018_coculture_HeLa_NIH3T3_C2_Pos,Mixed,Cervix | Muscle,Coculture Human HELA with Mouse NIH3T3,Positive,Orbitrap,MALDI
2018-05-29_11h23m11s,14052018_coculture_HeLa_NIH3T3_C3_Neg,Mixed,Cervix | Muscle,Coculture Human HELA with Mouse NIH3T3,Negative,Orbitrap,MALDI
2018-05-29_11h23m20s,14052018_coculture_HeLa_NIH3T3_C3_Pos,Mixed,Cervix | Muscle,Coculture Human HELA with Mouse NIH3T3,Positive,Orbitrap,MALDI
2018-05-29_11h23m47s,14052018_coculture_HeLa_NIH3T3_C4_Neg,Mixed,Cervix | Muscle,Coculture Human HELA with Mouse NIH3T3,Negative,Orbitrap,MALDI
2018-05-29_11h24m00s,14052018_coculture_HeLa_NIH3T3_C4_Pos,Mixed,Cervix | Muscle,Coculture Human HELA with Mouse NIH3T3,Positive,Orbitrap,MALDI
2018-05-29_11h24m22s,14052018_coculture_HeLa_NIH3T3_H1_Neg,Mixed,Cervix | Muscle,Coculture Human HELA with Mouse NIH3T3,Negative,Orbitrap,MALDI
2018-05-29_11h25m02s,14052018_coculture_HeLa_NIH3T3_H2_Pos,Mixed,Cervix | Muscle,Coculture Human HELA with Mouse NIH3T3,Positive,Orbitrap,MALDI
2018-05-29_11h25m14s,14052018_coculture_HeLa_NIH3T3_H3_Neg,Homo sapiens,Cervix,Human HeLa,Negative,Orbitrap,MALDI
2018-05-29_11h25m30s,14052018_coculture_HeLa_NIH3T3_H3_Pos,Mixed,Cervix | Muscle,Coculture Human HELA with Mouse NIH3T3,Positive,Orbitrap,MALDI
2018-05-29_11h25m58s,14052018_coculture_HeLa_NIH3T3_H4_Pos,Mixed,Cervix | Muscle,Coculture Human HELA with Mouse NIH3T3,Positive,Orbitrap,MALDI
2018-05-29_11h26m08s,14052018_coculture_HeLa_NIH3T3_N1_Neg,Mus musculus,Muscle,Mouse NIH3T3,Negative,Orbitrap,MALDI
2018-05-29_11h27m02s,14052018_coculture_HeLa_NIH3T3_N2_Pos,Mixed,Cervix | Muscle,Coculture Human HELA with Mouse NIH3T3,Positive,Orbitrap,MALDI
2018-05-29_11h27m19s,14052018_coculture_HeLa_NIH3T3_N3_Neg,Mixed,Cervix | Muscle,Coculture Human HELA with Mouse NIH3T3,Negative,Orbitrap,MALDI
2018-05-29_11h27m32s,14052018_coculture_HeLa_NIH3T3_N3_Pos,Mixed,Cervix | Muscle,Coculture Human HELA with Mouse NIH3T3,Positive,Orbitrap,MALDI
2018-05-29_11h27m48s,14052018_coculture_HeLa_NIH3T3_N4_Neg,Mixed,Cervix | Muscle,Coculture Human HELA with Mouse NIH3T3,Negative,Orbitrap,MALDI
2018-05-29_16h52m17s,290512018_AI_Espheroid1_DAN_Neg,Homo sapiens,Colon,Cancer,Negative,Orbitrap,MALDI
2018-05-30_13h28m54s,nam-02_16arj-01 - total ion count,Homo sapiens,Brain,,Positive,FTICR,MALDI
2018-05-30_13h29m17s,nam-02_94avt_02 - total ion count - total ion count,Homo sapiens,Brain,,Positive,FTICR,MALDI
2018-05-30_13h29m30s,nam-02_153awa_03 - total ion count,Homo sapiens,Brain,,Positive,FTICR,MALDI
2018-05-30_18h51m08s,30052018_AR_HeLa_4C100uM_DAN_neg_p25_s50,Homo sapiens,Ovary,Cancer,Negative,Orbitrap,MALDI
2018-05-31_03h16m36s,Mouse_Brain_6432,Mus musculus,Brain,Healthy,Positive,Orbitrap,MALDI
2018-06-08_08h57m39s,06062018_AR_Fluokit_DAN_Neg_p60_s50,Homo sapiens,Ovary,Cancer,Negative,Orbitrap,MALDI
2018-06-08_17h02m23s,08062018_AI_Spheroid3_DAN_Neg_50x50,Homo sapiens,Colon,Cancer,Negative,Orbitrap,MALDI
2018-06-12_11h21m38s,nam-02_94avt_02-list94vs153 - total ion count,Homo sapiens,Brain,Cancer,Positive,FTICR,MALDI
2018-06-12_13h38m16s,nam-02_153awa_03-list94vs153- total ion count,Homo sapiens,Brain,Cancer,Positive,FTICR,MALDI
2018-06-13_04h51m16s,PS_21Top_S1_N3_50um,Homo sapiens,Kidney,Wildtype,Positive,Orbitrap,MALDI
2018-06-13_12h18m22s,nam-02_16arg-02 - total ion count,Homo sapiens,Brain,Cancer,Positive,FTICR,MALDI
2018-06-13_14h32m29s,nam-02_153awa_02 - total ion count,Homo sapiens,Brain,Cancer,Positive,FTICR,MALDI
2018-06-13_16h07m27s,nam-02_94avt_03 - total ion count,Homo sapiens,Brain,Cancer,Positive,FTICR,MALDI
2018-06-13_17h08m57s,nam-02_16arj-03_liste16vs153 - total ion count,Homo sapiens,Brain,Cancer,Positive,FTICR,MALDI
2018-06-13_17h23m20s,PS_22Top_S1_N1_50um,Homo sapiens,Kidney,Wildtype,Positive,Orbitrap,MALDI
2018-06-13_18h49m40s,PS_22Top_S1_N2_30um,Homo sapiens,Kidney,,Positive,Orbitrap,MALDI
2018-06-13_20h59m48s,region1,Mus musculus,Heart,Wildtype,Positive,FTICR,MALDI
2018-06-14_00h45m31s,PS_22Bottom_S1_N2_50um,Homo sapiens,Kidney,,Positive,Orbitrap,MALDI
2018-06-14_22h24m01s,PS_22Bottom_S1_N4_30um,Homo sapiens,Kidney,,Positive,Orbitrap,MALDI
2018-06-16_05h18m01s,PS_21Bottom_S1_N1_50um,Homo sapiens,Kidney,,Positive,Orbitrap,MALDI
2018-06-16_05h23m01s,PS_21Bottom_S1__N2_30um,Homo sapiens,Kidney,,Positive,Orbitrap,MALDI
2018-06-16_05h29m11s,PS_22Bottom_S1__N3_30um,Homo sapiens,Kidney,,Positive,Orbitrap,MALDI
2018-06-17_13h30m50s,160618_AR_4C_50uM3D_DAN_Neg_p20_s50,Homo sapiens,Ovary,Cancer,Negative,Orbitrap,MALDI
2018-06-17_14h01m10s,160618_AR_4C_100uM3D_DAN_Neg_p25_s50,Homo sapiens,Ovary,Cancer,Negative,Orbitrap,MALDI
2018-06-17_15h28m06s,160618_AR_4C_300uM3D_DAN_Neg_p25_s50,Homo sapiens,Ovary,Cancer,Negative,Orbitrap,MALDI
2018-06-18_17h13m15s,UBT_MouseLung_Control_CMC-1,Mus musculus,Lung,Wildtype,Positive,Orbitrap,MALDI
2018-06-19_10h27m28s,nam-02_94avt_03_liste94vs153 - total ion count,Homo sapiens,Brain,Cancer,Positive,FTICR,MALDI
2018-06-19_12h22m30s,nam-02_94avt_01_liste94vs153 - total ion count,Homo sapiens,Brain,Cancer,Positive,FTICR,MALDI
2018-06-19_14h51m48s,nam-02_153awa_01_liste94vs153 - total ion count,Homo sapiens,Brain,Cancer,Positive,FTICR,MALDI
2018-06-19_16h35m33s,nam-02_153awa_02_liste94vs153 - total ion count,Homo sapiens,Brain,Cancer,Positive,FTICR,MALDI
2018-06-19_17h55m51s,18062018_AI_Spheroid_DAN_Neg_60x60,Homo sapiens,Colon,Cancer,Negative,Orbitrap,MALDI
2018-06-19_17h56m29s,19062018_AI_Spheroid_DAN_Neg_50x50,Homo sapiens,Colon,Cancer,Negative,Orbitrap,MALDI
2018-06-21_10h32m41s,Maushirn MNG08 Gruppe D A30 166x211 50x50um 2,Mus musculus,Brain,Wildtype,Positive,Orbitrap,MALDI
2018-06-22_18h12m28s,22062018_AR_4Ckit_2mg_DAN_Neg_well2,Homo sapiens,Ovary,Cancer,Negative,Orbitrap,MALDI
2018-06-27_10h38m13s,182606_Human1_b1_Biomarkers_DHB_40um_94by95_atn0,Homo sapiens,Skin,,Positive,Orbitrap,MALDI
2018-06-29_05h34m01s,LK_CMC+LN2_N1_50um,Mus musculus,Kidney,,Positive,Orbitrap,MALDI
2018-06-29_05h38m12s,LK_CMC+LN2_N2_50um,Mus musculus,Kidney,,Positive,Orbitrap,MALDI
2018-06-29_23h47m27s,LK_CMC_N1_50um,Mus musculus,Kidney,,Positive,Orbitrap,MALDI
2018-06-29_23h55m20s,LK_CMC_N2_50um,Mus musculus,Kidney,,Positive,Orbitrap,MALDI
2018-07-12_05h43m15s,RK_LN2+CMC_N4_20um,Mus musculus,Kidney,,Positive,Orbitrap,MALDI
2018-07-12_05h43m43s,RK_LN2_TN1_50um,Mus musculus,Kidney,,Positive,Orbitrap,MALDI
2018-07-12_05h45m53s,RK_LN2_TN4_20um,Mus musculus,Kidney,,Positive,Orbitrap,MALDI
2018-07-12_05h46m20s,RK_CMC_N1_50um,Mus musculus,Kidney,,Positive,Orbitrap,MALDI
2018-07-12_05h46m53s,RK_CMC_N2_50um,Mus musculus,Kidney,,Positive,Orbitrap,MALDI
2018-07-12_05h47m22s,RK_CMC_N3_20um,Mus musculus,Kidney,,Positive,Orbitrap,MALDI
2018-07-12_05h47m52s,RK_CMC_N4_20um,Mus musculus,Kidney,,Positive,Orbitrap,MALDI
2018-07-12_10h33m11s,JuS_LiverHomogenate_100x100 10um DAN_Recal-758_56940,Mus musculus,Liver,Wildtype,Positive,Orbitrap,AP-SMALDI
2018-07-13_05h03m14s,HSC_P1_N2_50um,Homo sapiens,Spinal Cord,,Positive,Orbitrap,MALDI
2018-07-13_06h11m18s,HSC_P1_N1_100um,Homo sapiens,Spinal Cord,,Positive,Orbitrap,MALDI
2018-07-14_04h46m09s,DRG_P1_TN2_20um,Homo sapiens,Dorsal root ganglion,,Positive,Orbitrap,MALDI
2018-07-14_04h47m52s,DRG_P1_TN3_20um,Homo sapiens,Dorsal root ganglion,,Positive,Orbitrap,MALDI
2018-07-14_04h49m34s,DRG_P1_TN4_50um,Homo sapiens,Dorsal root ganglion,,Positive,Orbitrap,MALDI
2018-07-14_04h53m26s,DRG_P1_TN5_50um,Homo sapiens,Dorsal root ganglion,,Positive,Orbitrap,MALDI
2018-07-21_11h11m58s,wt - inhibitor - total ion count,Mus musculus,Stomach,Wild type,Positive,FTICR,MALDI
2018-07-21_11h20m14s,wt + inhibitor - total ion count,Mus musculus,Stomach,Wild type,Positive,FTICR,MALDI
2018-07-21_11h23m10s,tceapositive - inhibitor - total ion count,Mus musculus,Stomach,TCEA positive,Positive,FTICR,MALDI
2018-07-21_11h24m16s,tceapositive + inhibitor - total ion count,Mus musculus,Stomach,TCEA positive,Positive,FTICR,MALDI
2018-07-23_12h10m59s,180719_HumanTumor_5FU_Cisplatin_DANmatrix_20um_atn30_146by151,Homo sapiens,Skin,,Negative,Orbitrap,MALDI
2018-07-23_12h19m37s,180720_HumanTumor_5FU_Cisplatin_DHBmatrix_20um_atn30_179by162,Homo sapiens,Skin,,Positive,Orbitrap,MALDI
2018-07-25_09h06m12s,180723_practise brain_hd_ff_dan_neg - root mean square,Mus musculus,Brain,Wildtype,Positive,FTICR,MALDI
2018-07-27_18h13m46s,18-139-2_slide5_50um_min,Homo sapiens,Kidney,,Positive,FTICR,MALDI
2018-07-27_18h16m06s,18-139-2_slide5_50um_small,Homo sapiens,Kidney,,Positive,FTICR,MALDI
2018-07-31_14h52m32s,nam 02 02 epi 3 - total ion count,Homo sapiens,Brain,Cancer,Positive,FTICR,MALDI
2018-07-31_14h53m00s,nam 02 02 epi 4 - total ion count,Homo sapiens,Brain,Cancer,Positive,FTICR,MALDI
2018-08-01_10h39m53s,nam 02 02 epi 3 - total ion count,Homo sapiens,Brain,Cancer,Positive,FTICR,MALDI
2018-08-01_10h40m36s,nam 02 02 epi 4 - total ion count,Homo sapiens,Brain,Cancer,Positive,FTICR,MALDI
2018-08-01_10h41m02s,nam 02 02 epi 5 - total ion count,Homo sapiens,Brain,Cancer,Positive,FTICR,MALDI
2018-08-01_10h41m43s,nam 02 02 glio 5 - total ion count,Homo sapiens,Brain,Cancer,Positive,FTICR,MALDI
2018-08-01_10h42m06s,nam 02 02 glio 6 - total ion count,Homo sapiens,Brain,Cancer,Positive,FTICR,MALDI
2018-08-01_10h42m27s,nam 02 02 glio 7 - total ion count,Homo sapiens,Brain,Cancer,Positive,FTICR,MALDI
2018-08-01_11h02m19s,nam 02 02 epi 3 - total ion count,Homo sapiens,Brain,Cancer,Positive,FTICR,MALDI
2018-08-01_11h02m38s,nam 02 02 epi 4 - total ion count,Homo sapiens,Brain,Cancer,Positive,FTICR,MALDI
2018-08-01_11h02m56s,nam 02 02 epi 5 - total ion count,Homo sapiens,Brain,Cancer,Positive,FTICR,MALDI
2018-08-01_11h03m20s,nam 02 02 glio 5 - total ion count,Homo sapiens,Brain,Cancer,Positive,FTICR,MALDI
2018-08-01_11h03m42s,nam 02 02 glio 6 - total ion count,Homo sapiens,Brain,Cancer,Positive,FTICR,MALDI
2018-08-01_11h04m05s,nam 02 02 glio 7 - total ion count,Homo sapiens,Brain,Cancer,Positive,FTICR,MALDI
2018-08-01_11h05m36s,nam 02 02 epi 3 - total ion count,Homo sapiens,Brain,Cancer,Positive,FTICR,MALDI
2018-08-01_11h05m56s,nam 02 02 epi 4 - total ion count,Homo sapiens,Brain,Cancer,Positive,FTICR,MALDI
2018-08-01_11h06m32s,nam 02 02 epi 5 - total ion count,Homo sapiens,Brain,Cancer,Positive,FTICR,MALDI
2018-08-01_11h06m55s,nam 02 02 glio 5 - total ion count,Homo sapiens,Brain,Cancer,Positive,FTICR,MALDI
2018-08-01_11h08m28s,nam 02 02 epi 3 - total ion count,Homo sapiens,Brain,Cancer,Positive,FTICR,MALDI
2018-08-01_13h31m30s,nam 02 02 epi 3 - total ion count,Homo sapiens,Brain,Cancer,Positive,FTICR,MALDI
2018-08-01_13h31m46s,nam 02 02 epi 4 - total ion count,Homo sapiens,Brain,Cancer,Positive,FTICR,MALDI
2018-08-01_13h32m02s,nam 02 02 epi 5 - total ion count,Homo sapiens,Brain,Cancer,Positive,FTICR,MALDI
2018-08-01_13h32m20s,nam 02 02 glio 5 - total ion count,Homo sapiens,Brain,Cancer,Positive,FTICR,MALDI
2018-08-01_13h32m35s,nam 02 02 glio 6 - total ion count,Homo sapiens,Brain,Cancer,Positive,FTICR,MALDI
2018-08-01_13h32m55s,nam 02 02 glio 7 - total ion count,Homo sapiens,Brain,Cancer,Positive,FTICR,MALDI
2018-08-01_13h35m03s,nam 02 02 epi 3 - total ion count,Homo sapiens,Brain,Cancer,Positive,FTICR,MALDI
2018-08-01_13h35m16s,nam 02 02 epi 4 - total ion count,Homo sapiens,Brain,Cancer,Positive,FTICR,MALDI
2018-08-01_13h35m33s,nam 02 02 epi 5 - total ion count,Homo sapiens,Brain,Cancer,Positive,FTICR,MALDI
2018-08-01_14h21m02s,nam 02 02 epi 4 - total ion count,Homo sapiens,Brain,Cancer,Positive,FTICR,MALDI
2018-08-01_14h21m22s,nam 02 02 epi 5 - total ion count,Homo sapiens,Brain,Cancer,Positive,FTICR,MALDI
2018-08-01_14h23m16s,nam 02 02 epi 3 - total ion count,Homo sapiens,Brain,Cancer,Positive,FTICR,MALDI
2018-08-01_14h23m33s,nam 02 02 epi 3 - total ion count,Homo sapiens,Brain,Cancer,Positive,FTICR,MALDI
2018-08-01_14h23m58s,nam 02 02 epi 3 - total ion count,Homo sapiens,Brain,Cancer,Positive,FTICR,MALDI
2018-08-01_14h24m14s,nam 02 02 epi 4 - total ion count,Homo sapiens,Brain,Cancer,Positive,FTICR,MALDI
2018-08-01_14h24m33s,nam 02 02 epi 4 - total ion count,Homo sapiens,Brain,Cancer,Positive,FTICR,MALDI
2018-08-01_14h24m55s,nam 02 02 epi 4 - total ion count,Homo sapiens,Brain,Cancer,Positive,FTICR,MALDI
2018-08-01_14h25m21s,nam 02 02 epi 5 - total ion count,Homo sapiens,Brain,Cancer,Positive,FTICR,MALDI
2018-08-01_14h25m56s,nam 02 02 epi 5 - total ion count,Homo sapiens,Brain,Cancer,Positive,FTICR,MALDI
2018-08-01_14h26m17s,nam 02 02 epi 5 - total ion count,Homo sapiens,Brain,Cancer,Positive,FTICR,MALDI
2018-08-01_14h26m33s,nam 02 02 glio 5 - total ion count,Homo sapiens,Brain,Cancer,Positive,FTICR,MALDI
2018-08-01_14h26m50s,nam 02 02 glio 5 - total ion count,Homo sapiens,Brain,Cancer,Positive,FTICR,MALDI
2018-08-01_14h27m07s,nam 02 02 glio 5 - total ion count,Homo sapiens,Brain,Cancer,Positive,FTICR,MALDI
2018-08-01_14h27m24s,nam 02 02 glio 6 - total ion count,Homo sapiens,Brain,Cancer,Positive,FTICR,MALDI
2018-08-01_14h27m50s,nam 02 02 glio 6 - total ion count,Homo sapiens,Brain,Cancer,Positive,FTICR,MALDI
2018-08-01_14h28m11s,nam 02 02 glio 6 - total ion count,Homo sapiens,Brain,Cancer,Positive,FTICR,MALDI
2018-08-01_14h28m50s,nam 02 02 glio 7 - total ion count,Homo sapiens,Brain,Cancer,Positive,FTICR,MALDI
2018-08-01_14h29m09s,nam 02 02 glio 7 - total ion count,Homo sapiens,Brain,Cancer,Positive,FTICR,MALDI
2018-08-01_14h29m27s,nam 02 02 glio 7 - total ion count,Homo sapiens,Brain,Cancer,Positive,FTICR,MALDI
2018-08-08_09h27m46s,180807_SkinExplant_control_20um,Homo sapiens,Skin,,Positive,Orbitrap,AP-SMALDI
2018-08-10_08h38m31s,Mousebrain_QE2_228x231_30um,Mus musculus,Brain,Wildtype,Positive,Orbitrap,AP-SMALDI
2018-08-10_12h02m46s,180808_SkinExplant_control_20um_87by152_atn25,Homo sapiens,Skin,,Positive,Orbitrap,AP-SMALDI
2018-08-13_16h37m16s,13082018_AI_E2p1g321_Spheroid_Neg_s25x25_pix50x50,Homo sapiens,Colon,Cancer,Negative,Orbitrap,MALDI
2018-08-13_18h52m28s,13082018_AI_E2p1g221_Spheroid_Neg_s35x35_pix50x50,Homo sapiens,Colon,Cancer,Negative,Orbitrap,MALDI
2018-08-14_13h51m52s,13082018_AI_E2p1g121_Spheroid_Neg_s,Homo sapiens,Colon,Cancer,Negative,Orbitrap,MALDI
2018-08-15_06h00m28s,HK5_N1_20 um_100-1500,Homo sapiens,Kidney,,Negative,Orbitrap,MALDI
2018-08-15_06h10m47s,HK5_N1_30 um_66-1000,Homo sapiens,Kidney,,Negative,Orbitrap,MALDI
2018-08-17_15h59m07s,17082018_MS_SpheroidsTraining_Neg_s40x40_p50x50,Homo sapiens,Colon,Cancer,Negative,Orbitrap,MALDI
2018-08-21_11h23m25s,22082018_MS_SpheroidsTraining_Neg_s50x50_p50x50,Homo sapiens,Colon,Cancer,Negative,Orbitrap,MALDI
2018-08-23_17h37m10s,23082018_Ang_Rho500uM1D_DHB_s50_p50,Homo sapiens,Cervix,Cancer,Positive,Orbitrap,MALDI
2018-08-26_17h16m21s,25082018_Ang_Rho300uM2D_DHB_s50_p60_well3,Homo sapiens,Cervix,Cancer,Positive,Orbitrap,MALDI
2018-09-01_00h50m21s,PS_8Top_N1_50um,Homo sapiens,Kidney,,Positive,Orbitrap,MALDI
2018-09-01_00h55m05s,PS_8Bottom_N1_50um,Homo sapiens,Kidney,,Positive,Orbitrap,MALDI
2018-09-04_00h44m59s,PS_8Top_N2_30um,Homo sapiens,Kidney,,Positive,Orbitrap,MALDI
2018-09-04_00h47m25s,PS_8Bottom_N2_30um,Homo sapiens,Kidney,,Positive,Orbitrap,MALDI
2018-09-04_00h48m58s,PS_8Top_N3_20um,Homo sapiens,Kidney,,Positive,Orbitrap,MALDI
2018-09-04_00h50m59s,PS_8Bottom_N3_20um,Homo sapiens,Kidney,,Positive,Orbitrap,MALDI
2018-09-04_00h52m04s,PS_8Top_N4_50um,Homo sapiens,Kidney,,Positive,Orbitrap,MALDI
2018-09-07_00h24m18s,PS_23Top_N1_50um,Homo sapiens,Kidney,,Positive,Orbitrap,MALDI
2018-09-07_00h36m53s,PS_23Bottom_N1_50um,Homo sapiens,Kidney,,Positive,Orbitrap,MALDI
2018-09-07_00h49m45s,PS_23Top_N2_30um,Homo sapiens,Kidney,,Positive,Orbitrap,MALDI
2018-09-07_00h52m21s,PS_23Bottom_N2_30um,Homo sapiens,Kidney,,Positive,Orbitrap,MALDI
2018-09-07_01h02m31s,PS_23Bottom_N3_20um,Homo sapiens,Kidney,,Positive,Orbitrap,MALDI
2018-09-08_00h05m28s,20161224_E18_5_FullScan_S30,Homo sapiens,Lung,Wildtype,Positive,Orbitrap,DESI
2018-09-08_00h58m48s,PS_24Top_N1_50um,Homo sapiens,Kidney,,Positive,Orbitrap,MALDI
2018-09-08_01h00m45s,PS_24Bottom_N1_50um,Homo sapiens,Kidney,,Positive,Orbitrap,MALDI
2018-09-08_01h05m09s,PS_24Bottom_N2_30um,Homo sapiens,Kidney,,Positive,Orbitrap,MALDI
2018-09-08_01h09m34s,PS_24Top_N3_20um,Homo sapiens,Kidney,,Positive,Orbitrap,MALDI
2018-09-10_18h58m11s,20161224_E18_5_FullScan_S30_Line1,Homo sapiens,Lung,Wildtype,Positive,Orbitrap,DESI
2018-09-12_09h14m40s,18-139-2_8_cycles ,Homo sapiens,Kidney,18-139-2,Positive,FTICR,MALDI
2018-09-12_09h16m30s,18-139-2_12_cycles ,Homo sapiens,Kidney,18-139-2,Positive,FTICR,MALDI
2018-09-12_09h18m46s,18-139-2_16_cycles ,Homo sapiens,Kidney,18-139-2,Positive,FTICR,MALDI
2018-09-12_09h20m47s,18-139-2_20_cycles ,Homo sapiens,Kidney,18-139-2,Positive,FTICR,MALDI
2018-09-12_09h22m21s,18-139-2_slide4_4_cycles_dhb ,Homo sapiens,Kidney,18-139-2,Positive,FTICR,MALDI
2018-09-12_09h23m46s,18-139-2_slide4_8_cycles_dhb ,Homo sapiens,Kidney,18-139-2,Positive,FTICR,MALDI
2018-09-12_09h25m43s,18-139-2_slide4_12_cycles_dhb ,Homo sapiens,Kidney,18-139-2,Positive,FTICR,MALDI
2018-09-12_09h28m04s,18-139-2_slide4_16_cycles_dhb ,Homo sapiens,Kidney,18-139-2,Positive,FTICR,MALDI
2018-09-12_09h30m56s,18-139-2_slide4_20_cycles_dhb ,Homo sapiens,Kidney,18-139-2,Positive,FTICR,MALDI
2018-09-13_00h55m36s,K233_P1_TopN1_50um,Homo sapiens,Kidney,,Positive,Orbitrap,MALDI
2018-09-13_00h55m56s,K233_P1_BottomN1_50um,Homo sapiens,Kidney,,Positive,Orbitrap,MALDI
2018-09-13_00h56m28s,K233_P1_TopN2_30um,Homo sapiens,Kidney,,Positive,Orbitrap,MALDI
2018-09-13_19h01m05s,K128_P1_TopN3_20um,Homo sapiens,Kidney,,Positive,Orbitrap,MALDI
2018-09-13_19h01m31s,K128_P1_BottomN3_20um,Homo sapiens,Kidney,,Positive,Orbitrap,MALDI
2018-09-14_18h15m42s,k233_combined three datasets,Homo sapiens,Kidney,,Positive,Orbitrap,MALDI
2018-09-14_21h38m44s,18-139-2_16_cycles_complete_spectra ,Homo sapiens,Kidney,18-139-2,Positive,FTICR,MALDI
2018-09-14_22h24m28s,18-142-2_slide4_1mlmin_1st,Homo sapiens,Kidney,18-142-2,Positive,FTICR,MALDI
2018-09-14_22h27m56s,18-142-2_slide4_1mlmin_3rd,Homo sapiens,Kidney,18-142-2,Positive,FTICR,MALDI
2018-09-14_22h31m58s,18-142-2_slide4_05mlmin_1st,Homo sapiens,Kidney,18-142-2,Positive,FTICR,MALDI
2018-09-14_22h35m17s,18-142-2_slide4_05mlmin_2st,Homo sapiens,Kidney,18-142-2,Positive,FTICR,MALDI
2018-09-14_22h39m12s,18-162-2_slide4_1mlmin_1st,Homo sapiens,Kidney,18-162-2,Positive,FTICR,MALDI
2018-09-14_22h42m37s,18-162-2_slide4_1mlmin_2nd,Homo sapiens,Kidney,18-162-2,Positive,FTICR,MALDI
2018-09-14_22h46m10s,18-162-2_slide4_05mlmin_1st,Homo sapiens,Kidney,18-162-2,Positive,FTICR,MALDI
2018-09-14_22h50m32s,18-162-2_slide4_05mlmin_2nd,Homo sapiens,Kidney,18-162-2,Positive,FTICR,MALDI
2018-09-15_01h02m20s,18-139-2_16_cycles_centered_spectra ,Homo sapiens,Kidney,18-139-2,Positive,FTICR,MALDI
2018-09-15_01h31m18s,byopsi1_1.5mm_spacing_75um,Homo sapiens,Kidney,17-1606-2,Positive,FTICR,MALDI
2018-09-15_01h32m52s,biopsy1_1mm_spacing_75um,Homo sapiens,Kidney,17-1606-2,Positive,FTICR,MALDI
2018-09-15_23h07m35s,biopsy1_1p5mm_25um,Homo sapiens,Kidney,17-1606-2,Positive,FTICR,MALDI
2018-09-16_21h10m17s,K128_P1_TopN1_50um,Homo sapiens,Kidney,,Positive,Orbitrap,MALDI
2018-09-16_21h16m30s,K128_P1_TopN2_30um,Homo sapiens,Kidney,,Positive,Orbitrap,MALDI
2018-09-16_21h17m40s,K128_P1_BottomN2_30um,Homo sapiens,Kidney,,Positive,Orbitrap,MALDI
2018-09-20_04h57m51s,180723_practise brain_ff_dan_pos ,Mus musculus,Brain,Wildtype,Positive,FTICR,MALDI
2018-09-24_04h59m03s,wt brain - root mean square,Mus musculus,Brain,Wildtype,Negative,FTICR,MALDI
2018-09-30_02h25m25s,181622_75um_dhb_nocmc,Homo sapiens,Kidney,,Positive,FTICR,MALDI
2018-09-30_02h44m49s,181622_50um_dhb_nocmc_1,Homo sapiens,Kidney,,Positive,FTICR,MALDI
2018-09-30_02h59m45s,181622_50um_dhb_nocmc_2,Homo sapiens,Kidney,,Positive,FTICR,MALDI
2018-09-30_03h19m19s,181622_35um_dhb_nocmc,Homo sapiens,Kidney,,Positive,FTICR,MALDI
2018-10-01_11h32m56s,180907_no1.3_H2_5FU_35um_232by113_atn0,Homo sapiens,Skin,,Negative,Orbitrap,MALDI
2018-10-04_13h05m32s,Human skin with 5FU,Homo sapiens,Skin,,Negative,Orbitrap,MALDI
2018-10-04_13h08m18s,Pig skin with 5FU,Homo sapiens,Skin,,Negative,Orbitrap,MALDI
2018-10-04_13h15m33s,KVL pig skin with 5FU,Homo sapiens,Skin,,Negative,Orbitrap,MALDI
2018-10-04_14h21m09s,181002_CAF01_TRIS_100umPos_132by131_Atn28,Mus musculus,Lung,,Positive,Orbitrap,MALDI
2018-10-04_23h25m43s,HK_NID_NOCMC1_50um,Homo sapiens,Kidney,,Positive,Orbitrap,MALDI
2018-10-05_00h06m28s,HK_NID_NOCMC2_50um,Homo sapiens,Kidney,,Positive,Orbitrap,MALDI
2018-10-05_00h32m12s,18-162-2_nocmc_norharmane_75um,Homo sapiens,Kidney,,Negative,FTICR,MALDI
2018-10-05_00h34m22s,18-162-2_nocmc_norharmane_50um_small,Homo sapiens,Kidney,,Negative,FTICR,MALDI
2018-10-05_00h41m00s,18-162-2_nocmc_norharmane_50um_min,Homo sapiens,Kidney,,Negative,FTICR,MALDI
2018-10-05_00h52m32s,HK_NID_NOCMC3_50um,Homo sapiens,Kidney,,Positive,Orbitrap,MALDI
2018-10-06_00h14m13s,HK_NID_NOCMC4_50um,Homo sapiens,Kidney,,Positive,Orbitrap,MALDI
2018-10-06_00h45m03s,HK_NID_NOCMC5_50um,Homo sapiens,Kidney,,Positive,Orbitrap,MALDI
2018-10-06_01h10m58s,HK_NID_CMC1_50um,Homo sapiens,Kidney,,Positive,Orbitrap,MALDI
2018-10-06_02h51m57s,MR_Top1_20um,Mus musculus,Retina,,Positive,Orbitrap,MALDI
2018-10-10_13h51m24s,PT1.9.S,Homo sapiens,Abdomen,,Negative,Orbitrap,DESI
2018-10-10_16h22m48s,PT1.10.S,Homo sapiens,Necrosis,Diseased,Positive,Orbitrap,DESI
2018-10-10_16h24m52s,PT1.15.S,Homo sapiens,Necrosis,Diseased,Positive,Orbitrap,DESI
2018-10-10_16h25m24s,PT.1.16.S,Homo sapiens,Necrosis,Diseased,Positive,Orbitrap,DESI
2018-10-10_16h26m00s,PT1.17.S,Homo sapiens,Necrosis,Diseased,Positive,Orbitrap,DESI
2018-10-10_16h26m23s,PT1.18.S,Homo sapiens,Necrosis,Diseased,Positive,Orbitrap,DESI
2018-10-10_16h26m45s,PT1.14.S,Homo sapiens,Necrosis,Diseased,Positive,Orbitrap,DESI
2018-10-11_01h38m52s,ffpe_dhb_75um_pos_lowmz,Homo sapiens,Kidney,biopsy_18-139-2,Positive,FTICR,MALDI
2018-10-12_09h21m15s,181010_CAF01_Tris_100umNeg_atn28_117by79,Mus musculus,Lung,,Negative,Orbitrap,AP-SMALDI
2018-10-12_09h25m16s,181009_CAF01_Trehalose_100umNeg_112by141_atn28,Mus musculus,Lung,,Negative,Orbitrap,AP-SMALDI
2018-10-12_20h06m00s,181622_nocmc_matrix1day,Homo sapiens,Kidney,biopsy_18-162-2,Positive,FTICR,MALDI
2018-10-15_20h09m22s,181622_cmc_0days_50um_recalib,Homo sapiens,Kidney,biopsy_18-162-2,Positive,FTICR,MALDI
2018-10-16_01h42m26s,181622_nocmc_0days_recalib,Homo sapiens,Kidney,biopsy_18-162-2,Positive,FTICR,MALDI
2018-10-16_09h53m21s,181012_CAF01-TRIS_100umNeg_127by109_atn28,Mus musculus,Lung,,Negative,Orbitrap,AP-SMALDI
2018-10-17_22h16m34s,MR_Bottom1_20um,Mus musculus,Retina,,Positive,Orbitrap,MALDI
2018-10-17_22h21m06s,MR_Bottom2_20um,Mus musculus,Retina,,Positive,Orbitrap,MALDI
2018-10-18_15h53m44s,181017_CAF01_Tris_70umNeg_203by182_atn28,Mus musculus,Lung,,Negative,Orbitrap,AP-SMALDI
2018-10-18_20h20m57s,181622_cmc_7days_freezedry,Homo sapiens,Kidney,biopsy_18-162-2,Positive,FTICR,MALDI
2018-10-18_21h47m15s,181622_nocmc7days_freezedry,Homo sapiens,Kidney,biopsy_18-162-2,Positive,FTICR,MALDI
2018-10-19_00h56m24s,181622_nocmc7days_freezedry_rms,Homo sapiens,Kidney,biopsy_18-162-2,Positive,FTICR,MALDI
2018-10-19_01h04m15s,181622_cmc_7days_freezedry_rms,Homo sapiens,Kidney,biopsy_18-162-2,Positive,FTICR,MALDI
2018-10-19_01h06m20s,181622_nocmc_0days_recalib_rms,Homo sapiens,Kidney,biopsy_18-162-2,Positive,FTICR,MALDI
2018-10-19_01h14m02s,181622_cmc_0days_50um_recalib_rms,Homo sapiens,Kidney,biopsy_18-162-2,Positive,FTICR,MALDI
2018-10-19_19h55m16s,181622_nocmc_matrix1day_rms,Homo sapiens,Kidney,biopsy_18-162-2,Positive,FTICR,MALDI
2018-10-20_00h40m23s,181622_nocmc7days_freezedry_sn4_nonorm,Homo sapiens,Kidney,biopsy_18-162-2,Positive,FTICR,MALDI
2018-10-20_01h15m01s,181622_nocmc7days_freezedry_sn4_rms,Homo sapiens,Kidney,biopsy_18-162-2,Positive,FTICR,MALDI
2018-10-20_02h00m04s,nocmc7days1daymatrix_rms,Homo sapiens,Kidney,biopsy_18-162-2,Positive,FTICR,MALDI
2018-10-20_02h06m07s,181622_cmc_7days_freezedry_sn4_rms,Homo sapiens,Kidney,biopsy_18-162-2,Positive,FTICR,MALDI
2018-10-20_02h14m34s,181622_cmc_7days_freezedry_sn4_nonorm,Homo sapiens,Kidney,biopsy_18-162-2,Positive,FTICR,MALDI
2018-10-20_02h16m39s,181622_nocmc_matrix1day_sn4_nonorm,Homo sapiens,Kidney,biopsy_18-162-2,Positive,FTICR,MALDI
2018-10-20_02h20m36s,181622_nocmc_matrix1day_sn4rms,Homo sapiens,Kidney,biopsy_18-162-2,Positive,FTICR,MALDI
2018-10-20_05h12m09s,nocmc7days1daymatrix_nonomr,Homo sapiens,Kidney,biopsy_18-162-2,Positive,FTICR,MALDI
2018-10-20_05h20m31s,181622_cmc_7days_freezdry_sn4_nonorm2,Homo sapiens,Kidney,biopsy_18-162-2,Positive,FTICR,MALDI
2018-10-20_22h34m04s,nocmc7days1daymatrix_sn4nonomr,Homo sapiens,Kidney,biopsy_18-162-2,Positive,FTICR,MALDI
2018-10-20_22h35m05s,nocmc7days1daymatrix_sn4rms,Homo sapiens,Kidney,biopsy_18-162-2,Positive,FTICR,MALDI
2018-10-29_11h02m58s,26102018_CBO_SHA_brainDAN_p100_s80,Mus musculus,Brain,test,Negative,Orbitrap,MALDI
2018-10-30_11h52m30s,29102018_CBO_brainHNDE_p100_s100_181029160802,Mus musculus,Brain,test,Negative,Orbitrap,MALDI
2018-10-31_01h48m17s,181622_0.2ml-min_small - no normalization,Homo sapiens,Kidney,biopsy_18-162-2,Positive,FTICR,MALDI
2018-10-31_10h26m49s,181030_1CAF01_Tris_100umNeg_127by122_atn28,Mus musculus,Lung,,Negative,Orbitrap,AP-SMALDI
2018-10-31_20h28m53s,181622_0.5ml-min -small-no normalization,Homo sapiens,Kidney,biopsy_18-162-2,Positive,FTICR,MALDI
2018-11-08_15h29m23s,Human_coagulation zone_neg ion mode,Homo sapiens,Skin,,Negative,Orbitrap,AP-SMALDI
2018-11-17_01h32m59s,biopsy_no_thaw_1_50um,Homo sapiens,Kidney,Biopsy,Positive,FTICR,MALDI
2018-11-19_14h25m05s,161118_CBO_Brain_p250_s40.RAW,Mus musculus,Brain,Wildtype,Negative,Orbitrap,MALDI
2018-11-21_21h30m15s,biopsy_no_thaw_2_50um,Homo sapiens,Kidney,Biopsy,Positive,FTICR,MALDI
2018-12-14_16h02m14s,PT2.1.17,Homo sapiens,Pancreas,Diseased,Positive,Orbitrap,DESI
2018-12-14_16h34m31s,PT2.2.11,Homo sapiens,Pancreas,Diseased,Positive,Orbitrap,DESI
2018-12-14_16h41m23s,PT3.1.11,Homo sapiens,Pancreas,Diseased,Positive,Orbitrap,DESI
2018-12-18_12h32m10s,PT2.2.10,Homo sapiens,Pancreas,Diseased,Negative,Orbitrap,DESI
2018-12-18_12h33m17s,PT3.1.14,Homo sapiens,Pancreas,Diseased,Negative,Orbitrap,DESI
2018-12-18_12h35m21s,PT1.3.S,Homo sapiens,Pancreas,Diseased,Negative,Orbitrap,DESI
2018-12-19_01h26m52s,K572_T3_DAN-_50um,Homo sapiens,Kidney,,Negative,Orbitrap,MALDI
2018-12-28_19h05m24s,PT1.2.11,Homo sapiens,Pancreas,Diseased,Negative,Orbitrap,DESI
2018-12-28_19h10m54s,PT1.2.14,Homo sapiens,Pancreas,Diseased,Positive,Orbitrap,DESI
2018-12-29_19h44m42s,PT2.1.16,Homo sapiens,Pancreas,Diseased,Negative,Orbitrap,DESI
2018-12-31_17h29m11s,PT1.1.2,Homo sapiens,Pancreas,Diseased,Positive,Orbitrap,DESI
2018-12-31_20h58m24s,18-162-2_noembed_50um_casi800_250_2000,Homo sapiens,Kidney,Biopsy,Positive,FTICR,MALDI
2018-12-31_21h17m02s,18-142-2_noembedd_600_1000_casi,Homo sapiens,Kidney,Biopsy,Positive,FTICR,MALDI
2018-12-31_21h23m13s,18-142-2_noembedd_600_1000_casi_2nd,Homo sapiens,Kidney,Biopsy,Positive,FTICR,MALDI
2018-12-31_22h53m27s,18-162-2_noembed_50um_casi800_600_1000_1st,Homo sapiens,Kidney,Biopsy,Positive,FTICR,MALDI
2019-01-01_01h00m29s,17-1606_T2_DHB_20um,Homo sapiens,Kidney,,Positive,Orbitrap,MALDI
2019-01-01_01h03m53s,17-1606_T4_DHB_30um,Homo sapiens,Kidney,,Positive,Orbitrap,MALDI
2019-01-01_01h07m19s,17-1606_B1_DHB_50um,Homo sapiens,Kidney,,Positive,Orbitrap,MALDI
2019-01-01_01h07m39s,18-342-2_noembed_50um_1st,Homo sapiens,Kidney,Biopsy,Positive,FTICR,MALDI
2019-01-01_01h09m28s,18-312-2_noembed_250_2000_1st,Homo sapiens,Kidney,Biopsy,Positive,FTICR,MALDI
2019-01-01_01h10m48s,17-1606_B2_DHB_50um,Homo sapiens,Kidney,,Positive,Orbitrap,MALDI
2019-01-01_01h13m47s,18-312-2_noembed_250_2000_2nd,Homo sapiens,Kidney,Biopsy,Positive,FTICR,MALDI
2019-01-01_01h15m17s,18-342-2_noembed_50um_2nd,Homo sapiens,Kidney,Biopsy,Positive,FTICR,MALDI
2019-01-03_02h01m27s,18-142-2_noembedd_250_2000_casi800,Homo sapiens,Kidney,Biopsy,Positive,FTICR,MALDI
2019-01-03_21h35m37s,18-142-2_3days_1st,Homo sapiens,Kidney,Biopsy,Positive,FTICR,MALDI
2019-01-03_21h37m37s,18-142-2_3days_2nd,Homo sapiens,Kidney,Biopsy,Positive,FTICR,MALDI
2019-01-04_00h50m49s,18-312-2_noembed_600_1000_casi_1st,Homo sapiens,Kidney,Biopsy,Positive,FTICR,MALDI
2019-01-04_01h22m10s,18-312-2_noembed_600_1000_casi_2nd,Homo sapiens,Kidney,Biopsy,Positive,FTICR,MALDI
2019-01-04_01h24m04s,18-342-2_noembed_50um_600_1000casi_1st,Homo sapiens,Kidney,Biopsy,Positive,FTICR,MALDI
2019-01-04_01h25m24s,18-342-2_noembed_50um_600_1000casi_2nd,Homo sapiens,Kidney,Biopsy,Positive,FTICR,MALDI
2019-01-04_20h32m07s,18-142-2_35um,Homo sapiens,Kidney,Biopsy,Positive,FTICR,MALDI
2019-01-05_02h22m18s,18-142-2_af_scanned,Homo sapiens,Kidney,Biopsy,Positive,FTICR,MALDI
2019-01-07_06h44m16s,18-162_B2_DHB_20um,Homo sapiens,Kidney,,Positive,Orbitrap,MALDI
2019-01-25_20h22m13s,051917_041817_21A_6,Homo sapiens,Soft tissue with endometriosis,Endometriosis,Negative,Orbitrap,DESI
2019-01-25_20h22m27s,051917_050217_23C_6,Homo sapiens,Soft tissue with endometriosis,Endometriosis,Negative,Orbitrap,DESI
2019-01-25_20h22m45s,051917_04182017_21C_3,Homo sapiens,Soft tissue with endometriosis,Endometriosis,Negative,Orbitrap,DESI
2019-01-25_20h23m00s,052017_050917_25B_1,Homo sapiens,Soft tissue with endometriosis,Endometriosis,Negative,Orbitrap,DESI
2019-01-25_20h23m12s,070717_051617_27B_7_F,Homo sapiens,Soft tissue with endometriosis,Endometriosis,Negative,Orbitrap,DESI
2019-01-25_20h23m33s,070717_052317_30B_5,Homo sapiens,Soft tissue with endometriosis,Endometriosis,Negative,Orbitrap,DESI
2019-01-25_20h23m48s,070717_052317_301_1_fluoroimage,Homo sapiens,Soft tissue with endometriosis,Endometriosis,Negative,Orbitrap,DESI
2019-01-25_20h23m58s,070817_051617_27B,Homo sapiens,Soft tissue with endometriosis,Endometriosis,Negative,Orbitrap,DESI
2019-01-25_20h24m11s,04182017_050217_21B_6,Homo sapiens,Soft tissue with endometriosis,Endometriosis,Negative,Orbitrap,DESI
2019-01-25_20h24m22s,05182017_032117_12D_4,Homo sapiens,Soft tissue with endometriosis,Endometriosis,Negative,Orbitrap,DESI
2019-01-25_20h24m33s,05182017_040417_16B_6,Homo sapiens,Soft tissue with endometriosis,Endometriosis,Negative,Orbitrap,DESI
2019-01-25_20h24m41s,05192017_040417_16A_5,Homo sapiens,Soft tissue with endometriosis,Endometriosis,Negative,Orbitrap,DESI
2019-01-25_20h25m01s,06192018_050118_98D_4,Homo sapiens,Soft tissue with endometriosis,Endometriosis,Negative,Orbitrap,DESI
2019-01-25_20h25m15s,06202018_022718_85A_3,Homo sapiens,Soft tissue with endometriosis,Endometriosis,Negative,Orbitrap,DESI
2019-01-25_20h25m37s,06222018_050118_98B_4,Homo sapiens,Soft tissue with endometriosis,Endometriosis,Negative,Orbitrap,DESI
2019-01-25_20h26m00s,06232018_022718_85C_2,Homo sapiens,Soft tissue with endometriosis,Endometriosis,Negative,Orbitrap,DESI
2019-01-25_20h26m31s,06232018_022718_85C_2,Homo sapiens,Soft tissue with endometriosis,Endometriosis,Negative,Orbitrap,DESI
2019-01-25_20h26m43s,06232018_041018_93F_3,Homo sapiens,Soft tissue with endometriosis,Endometriosis,Negative,Orbitrap,DESI
2019-01-25_20h26m57s,06232018_050118_98F_2,Homo sapiens,Soft tissue with endometriosis,Endometriosis,Negative,Orbitrap,DESI
2019-01-25_20h27m23s,06262018_021318_82F_6,Homo sapiens,Soft tissue with endometriosis,Endometriosis,Negative,Orbitrap,DESI
2019-01-25_20h27m41s,06272018_012418_77B_6,Homo sapiens,Soft tissue with endometriosis,Endometriosis,Negative,Orbitrap,DESI
2019-01-25_20h27m55s,07032018_012418_77C_6,Homo sapiens,Soft tissue with endometriosis,Endometriosis,Negative,Orbitrap,DESI
2019-01-25_20h28m09s,07032018_013018_78A_4,Homo sapiens,Soft tissue with endometriosis,Endometriosis,Negative,Orbitrap,DESI
2019-01-25_20h28m24s,07032018_032018_87A_5,Homo sapiens,Soft tissue with endometriosis,Endometriosis,Negative,Orbitrap,DESI
2019-01-25_20h28m34s,07032018_040118_93C_2,Homo sapiens,Soft tissue with endometriosis,Endometriosis,Negative,Orbitrap,DESI
2019-01-25_20h28m53s,07032018_121517_72B_6,Homo sapiens,Soft tissue with endometriosis,Endometriosis,Negative,Orbitrap,DESI
2019-01-25_20h29m03s,07032018_122017_75A_2,Homo sapiens,Soft tissue with endometriosis,Endometriosis,Negative,Orbitrap,DESI
2019-01-25_20h29m24s,07052018_021318_82B_5,Homo sapiens,Soft tissue with endometriosis,Endometriosis,Negative,Orbitrap,DESI
2019-01-25_20h29m50s,07052018_021318_82E_4,Homo sapiens,Soft tissue with endometriosis,Endometriosis,Negative,Orbitrap,DESI
2019-01-25_20h30m05s,07052018_032018_88B_5,Homo sapiens,Soft tissue with endometriosis,Endometriosis,Negative,Orbitrap,DESI
2019-01-25_20h30m24s,07062018_020618_80B_6,Homo sapiens,Soft tissue with endometriosis,Endometriosis,Negative,Orbitrap,DESI
2019-01-25_20h30m43s,07062018_121917_74A_6,Homo sapiens,Soft tissue with endometriosis,Endometriosis,Negative,Orbitrap,DESI
2019-01-25_20h30m55s,07112017_36E_7,Homo sapiens,Soft tissue with endometriosis,Endometriosis,Negative,Orbitrap,DESI
2019-01-25_20h31m09s,07252017_04052017_17b_PT_4,Homo sapiens,Soft tissue with endometriosis,Endometriosis,Negative,Orbitrap,DESI
2019-01-25_20h31m26s,08132017_07192017_40C_3,Homo sapiens,Soft tissue with endometriosis,Endometriosis,Negative,Orbitrap,DESI
2019-01-25_20h31m38s,09022017_08032017_45C_5,Homo sapiens,Soft tissue with endometriosis,Endometriosis,Negative,Orbitrap,DESI
2019-01-25_20h34m15s,09022017_08032017_45E_3,Homo sapiens,Soft tissue with endometriosis,Endometriosis,Negative,Orbitrap,DESI
2019-01-25_20h34m36s,09072017_03222017_13C_5,Homo sapiens,Soft tissue with endometriosis,Endometriosis,Negative,Orbitrap,DESI
2019-01-25_20h34m52s,09082017_04052017_17B_4,Homo sapiens,Soft tissue with endometriosis,Endometriosis,Negative,Orbitrap,DESI
2019-01-25_20h35m11s,09082017_05232017_30A_PT_1,Homo sapiens,Soft tissue with endometriosis,Endometriosis,Negative,Orbitrap,DESI
2019-01-25_20h35m39s,09082017_07112017_36B_6,Homo sapiens,Soft tissue with endometriosis,Endometriosis,Negative,Orbitrap,DESI
2019-01-25_20h35m57s,09082017_07182017_38D_5,Homo sapiens,Soft tissue with endometriosis,Endometriosis,Negative,Orbitrap,DESI
2019-01-25_20h36m15s,09102017_04052017_17C_3,Homo sapiens,Soft tissue with endometriosis,Endometriosis,Negative,Orbitrap,DESI
2019-01-25_20h36m42s,09102017_08292017_50B_4,Homo sapiens,Soft tissue with endometriosis,Endometriosis,Negative,Orbitrap,DESI
2019-01-25_20h37m00s,09122017_07112017_36E_2_6,Homo sapiens,Soft tissue with endometriosis,Endometriosis,Negative,Orbitrap,DESI
2019-01-25_20h37m16s,09132017_021417_4a_6,Homo sapiens,Soft tissue with endometriosis,Endometriosis,Negative,Orbitrap,DESI
2019-01-25_20h37m37s,09132017_09052017_51B_6,Homo sapiens,Soft tissue with endometriosis,Endometriosis,Negative,Orbitrap,DESI
2019-01-25_20h37m56s,09132017_09052017_51c_5,Homo sapiens,Soft tissue with endometriosis,Endometriosis,Negative,Orbitrap,DESI
2019-01-25_20h38m15s,09182017_07252017_42a_3,Homo sapiens,Soft tissue with endometriosis,Endometriosis,Negative,Orbitrap,DESI
2019-01-25_20h38m30s,09182017_09122017_52A_5,Homo sapiens,Soft tissue with endometriosis,Endometriosis,Negative,Orbitrap,DESI
2019-01-25_20h38m45s,09182017_09122017_54B_3,Homo sapiens,Soft tissue with endometriosis,Endometriosis,Negative,Orbitrap,DESI
2019-01-25_20h39m03s,09182017_09122017_54E_5,Homo sapiens,Soft tissue with endometriosis,Endometriosis,Negative,Orbitrap,DESI
2019-01-25_20h39m19s,09192017_07112017_36C_2_3,Homo sapiens,Soft tissue with endometriosis,Endometriosis,Negative,Orbitrap,DESI
2019-01-25_20h39m58s,09192017_09122017_54F_6,Homo sapiens,Soft tissue with endometriosis,Endometriosis,Negative,Orbitrap,DESI
2019-01-25_20h40m10s,11132017_05232017_30E_2,Homo sapiens,Soft tissue with endometriosis,Endometriosis,Negative,Orbitrap,DESI
2019-01-25_20h40m46s,11132017_07112017_36A_2_5,Homo sapiens,Soft tissue with endometriosis,Endometriosis,Negative,Orbitrap,DESI
2019-01-25_20h40m57s,11152017_05022017_23A_5,Homo sapiens,Soft tissue with endometriosis,Endometriosis,Negative,Orbitrap,DESI
2019-01-25_20h41m15s,11152017_10122017_65A_5,Homo sapiens,Soft tissue with endometriosis,Endometriosis,Negative,Orbitrap,DESI
2019-01-25_20h41m33s,12172017_09212017_56C_6,Homo sapiens,Soft tissue with endometriosis,Endometriosis,Negative,Orbitrap,DESI
2019-01-25_20h41m48s,12172017_09212017_56D_6,Homo sapiens,Soft tissue with endometriosis,Endometriosis,Negative,Orbitrap,DESI
2019-01-25_20h42m01s,12172017_10122017_67B_3,Homo sapiens,Soft tissue with endometriosis,Endometriosis,Negative,Orbitrap,DESI
2019-01-25_20h42m15s,12182017_10312017_69B_5,Homo sapiens,Soft tissue with endometriosis,Endometriosis,Negative,Orbitrap,DESI
2019-01-25_20h42m33s,12182017_11072017_71B_4,Homo sapiens,Soft tissue with endometriosis,Endometriosis,Negative,Orbitrap,DESI
2019-01-25_20h42m47s,12192017_05162017_27C_7,Homo sapiens,Soft tissue with endometriosis,Endometriosis,Negative,Orbitrap,DESI
2019-01-25_20h43m04s,12202017_36B_2_3,Homo sapiens,Soft tissue with endometriosis,Endometriosis,Negative,Orbitrap,DESI
2019-01-25_20h43m19s,12202017_07192017_40D_4,Homo sapiens,Soft tissue with endometriosis,Endometriosis,Negative,Orbitrap,DESI
2019-01-28_00h48m00s,181106_eye_3d_bpyn_30- total ion count,Mus musculus,Eye,Wildtype,Negative,FTICR,MALDI
2019-01-31_22h59m26s,yale_biopsy_slide2_tissue1,Homo sapiens,Kidney,Wildtype,Positive,FTICR,MALDI
2019-01-31_23h01m39s,yale_biopsy_slide2_tissue3,Homo sapiens,Kidney,Wildtype,Positive,FTICR,MALDI
2019-01-31_23h04m26s,yale_biopsy_slide1_tissue02,Homo sapiens,Kidney,Wildtype,Positive,FTICR,MALDI
2019-01-31_23h06m10s,yale_biopsy_slide1_tissue03,Homo sapiens,Kidney,Wildtype,Positive,FTICR,MALDI
2019-02-01_01h55m32s,yale_slide3_tissue2,Homo sapiens,Kidney,Wildtype,Negative,FTICR,MALDI
2019-02-28_22h46m23s,yale_slide3_32cycles_23lp,Homo sapiens,Kidney,Wildtype,Positive,FTICR,MALDI
2019-02-28_22h47m58s,yale_slide3_32cycles_25lp,Homo sapiens,Kidney,Wildtype,Positive,FTICR,MALDI
2019-03-06_21h42m13s,yale_slide_5_20cyc_min25lp_50um,Homo sapiens,Kidney,Wildtype,Positive,FTICR,MALDI
2019-03-06_21h52m51s,yale_slide_5_28cyc_min25lp_50um,Homo sapiens,Kidney,Wildtype,Positive,FTICR,MALDI
2019-03-06_23h29m19s,18_142_DHB_20um_S11,Homo sapiens,Kidney,,Positive,Orbitrap,MALDI
2019-03-08_11h14m48s,190307_Mouse11_biopsy1_25umPos_p4_125by47Atn20,Mus musculus,Skin,Healthy,Positive,Orbitrap,MALDI
2019-03-08_16h52m47s,MPIMM_140_QE_P_Mouse_Brain,Mus musculus,Brain,environmental,Positive,Orbitrap,AP-SMALDI
2019-03-12_10h14m51s,Hvpo379 3715#1 #14.2,Mus musculus,Breast,Cancer,Positive,Orbitrap,DESI
2019-03-12_10h33m09s,Hvpo379 3715#1 #1.1,Mus musculus,Breast,Cancer,Negative,Orbitrap,DESI
2019-03-17_22h37m16s,17_1606_DHB_20um_S3_1,Homo sapiens,Kidney,,Positive,Orbitrap,MALDI
2019-03-17_22h44m20s,17_1606_DHB_20um_S3_3,Homo sapiens,Kidney,,Positive,Orbitrap,MALDI
2019-03-18_10h55m00s,Hvpo379 3718#1 #3.1 MeOH/H2O 80/20 2.5µL/min,Mus musculus,Breast,Cancer,Positive,Orbitrap,DESI
2019-03-19_17h21m15s,kidney_test_metabolites,Mus musculus,Kidney,Wildtype,Negative,Orbitrap,MALDI
2019-03-20_11h21m07s,Hvpo379 3718#1 #4.1 MeOH/H2O 90/10 2.5µL/min,Mus musculus,Breast,Cancer,Positive,Orbitrap,DESI
2019-03-20_12h04m16s,Hvpo379 3718#1 #4.2 ,Mus musculus,Breast,Cancer,Positive,Orbitrap,DESI
2019-03-21_14h23m01s,Hvpo379 3718#1 #5.2,Mus musculus,Breast,Cancer,Positive,Orbitrap,DESI
2019-03-26_12h54m24s,t-MALDI-2 R 280000,Mus musculus,Brain,Wildtype,Positive,Orbitrap,MALDI
2019-03-28_09h18m57s,Mouse Brain + H&E Test,Mus musculus,Brain,Wildtype,Positive,FT-ICR,MALDI
2019-03-28_18h03m06s,Mouse Kidney -Root Mean Squaree - Metaspace,Mus musculus,Kidney,Wildtype,Positive,FT-ICR,MALDI
2019-03-29_10h03m00s,Hvpo379 3718#1 #6.1,Mus musculus,Breast,Cancer,Positive,Orbitrap,DESI
2019-04-03_14h48m48s,Hvpo379 3721#1 #5.1,Mus musculus,Breast,Cancer,Positive,Orbitrap,DESI
2019-04-03_15h58m34s,Hvpo379 3718#1 #11,Mus musculus,Breast,Cancer,Positive,Orbitrap,DESI
2019-04-12_17h01m53s,Slide1_Slice7_17-635-002_20um_DHB,Homo sapiens,Kidney,,Positive,Orbitrap,MALDI
2019-04-12_20h22m31s,17-635-002_3_S3_Lip_Pos_20190412_AP,Homo sapiens,Kidney,,Positive,Orbitrap,MALDI
2019-04-13_00h14m09s,17-635-3_S6_Lip_Pos_20190412_AP,Homo sapiens,Kidney,,Positive,Orbitrap,MALDI
2019-04-15_11h41m32s,Hvpo379 3721#2 #6.1,Mus musculus,Breast,Cancer,Positive,Orbitrap,DESI
2019-04-20_00h55m20s,DB2AK_B-3_2,Mixed,Kidney,,Positive,Orbitrap,MALDI
2019-04-20_01h02m45s,DB2AK_B-1_2,Mixed,Kidney,,Positive,Orbitrap,MALDI
2019-04-22_20h23m01s,DB2AK_B-3_1_DAN_20um,Mixed,Kidney,,Negative,Orbitrap,MALDI
2019-04-23_21h23m36s,DB2AK_B-1_3_DAN_30um,Mixed,Kidney,,Negative,Orbitrap,MALDI
2019-04-23_22h26m21s,DB2AK_B-3_3_DAN_30um,Mixed,Kidney,,Negative,Orbitrap,MALDI
2019-04-25_21h04m50s,17-635-002_1_DAN_30um_C,Homo sapiens,Kidney,,Negative,Orbitrap,MALDI
2019-04-25_21h09m57s,17-635-002_2_DAN_30um,Homo sapiens,Kidney,,Negative,Orbitrap,MALDI
2019-04-25_21h12m15s,17-635-002_3_DAN_20um,Homo sapiens,Kidney,,Negative,Orbitrap,MALDI
2019-04-26_01h16m02s,17-635-002_4_DAN_20um,Homo sapiens,Kidney,,Negative,Orbitrap,MALDI
2019-04-26_11h19m22s,Hvpo379 3715#1 #9,Mus musculus,Breast,Cancer,Negative,Orbitrap,DESI
2019-04-29_17h07m02s,Hvpo379 3721#2 #8,Mus musculus,Breast,Cancer,Negative,Orbitrap,DESI
2019-04-29_17h12m19s,Hvpo379 3721#2 #9,Mus musculus,Breast,Cancer,Negative,Orbitrap,DESI
2019-04-30_17h48m44s,042919_healthy S3 1N_left upper arm_POS_250-1000,Mus musculus,Left upper arm,Healthy,Positive,Orbitrap,IR-MALDESI
2019-04-30_17h58m11s,042919_stroke S3 1LR_left upper arm_POS_250-1000,Mus musculus,Left upper arm,Stroke,Positive,Orbitrap,IR-MALDESI
2019-04-30_21h51m42s,NanoDesi_kidney_100k_2,Homo sapiens,Kidney,Biopsy,Positive,FTICR,DESI
2019-04-30_21h52m37s,NanoDesi_kidney_nosheerforce_3,Homo sapiens,Kidney,Biopsy,Positive,FTICR,DESI
2019-04-30_21h53m27s,NanoDesi_kidney_2_lowres,Homo sapiens,Kidney,Biopsy,Positive,FTICR,DESI
2019-05-01_23h06m34s,Hvpo371 3715#1 #10,Mus musculus,Breast,Cancer,Negative,Orbitrap,DESI
2019-05-01_23h14m18s,Hvpo371 3718#1 #17 ,Mus musculus,Breast,Cancer,Negative,Orbitrap,DESI
2019-05-01_23h15m19s,Hvpo371 3723#2 #1,Mus musculus,Breast,Cancer,Negative,Orbitrap,DESI
2019-05-01_23h19m11s,Hvpo371 3721#2 #10,Mus musculus,Breast,Cancer,Negative,Orbitrap,DESI
2019-05-02_22h57m40s,NanoDesi_kidney_100k_2_normalization,Homo sapiens,Kidney,Biopsy,Positive,FTICR,DESI
2019-05-03_22h56m56s,Stitch_stroke (top) and healthy (bottom),Mus musculus,Left upper arm,Healthy,Positive,Orbitrap,IR-MALDESI
2019-05-07_20h30m33s,DB2AK_B1_1_30um_05062019,Mixed,Kidney,,Negative,Orbitrap,MALDI
2019-05-07_20h38m34s,DB2AK_B3_1_30um_05062019,Mixed,Kidney,,Negative,Orbitrap,MALDI
2019-05-07_20h47m43s,DB2AK_B1_2_30um_05062019,Mixed,Kidney,,Negative,Orbitrap,MALDI
2019-05-07_20h53m36s,DB2AK_B3_2_30um_05062019,Mixed,Kidney,,Negative,Orbitrap,MALDI
2019-05-07_20h58m07s,DB2AK_B3_3_30um_05062019,Mixed,Kidney,,Negative,Orbitrap,MALDI
2019-05-07_21h07m06s,DB2AK_B3_4_30um_05072019,Mixed,Kidney,,Negative,Orbitrap,MALDI
2019-05-07_21h13m42s,slide3_30c_1st,Homo sapiens,Kidney,biopsy_18-162-2,Positive,FTICR,MALDI
2019-05-07_21h14m39s,slide3_80c_1st,Homo sapiens,Kidney,biopsy_18-162-2,Positive,FTICR,MALDI
2019-05-07_21h22m27s,slide3_80c_2nd,Homo sapiens,Kidney,biopsy_18-162-2,Positive,FTICR,MALDI
2019-05-07_21h25m51s,slide4_30c_2nd,Homo sapiens,Kidney,biopsy_18-162-2,Positive,FTICR,MALDI
2019-05-07_21h27m23s,slide4_30c_3rd,Homo sapiens,Kidney,biopsy_18-162-2,Positive,FTICR,MALDI
2019-05-07_21h28m54s,slide4_80c_3rd,Homo sapiens,Kidney,biopsy_18-162-2,Positive,FTICR,MALDI
2019-05-10_00h32m36s,17-635-002_1_S1_SM_Neg_20190509_AP,Homo sapiens,Kidney,,Negative,Orbitrap,MALDI
2019-05-10_19h06m41s,17-635-002_2_S1_SM_Neg_20190509_AP,Homo sapiens,Kidney,,Negative,Orbitrap,MALDI
2019-05-10_20h18m39s,17-635-002_1_S1-SM_Neg_20190510_AP_97%,Homo sapiens,Kidney,,Negative,Orbitrap,MALDI
2019-05-10_23h18m37s,17-635-002_4_S1_SM_Neg_20190510_AP_97%,Homo sapiens,Kidney,,Negative,Orbitrap,MALDI
2019-05-11_00h48m02s,17-635-002_3_S1_SM_Neg_20190510_AP_97%,Homo sapiens,Kidney,,Negative,Orbitrap,MALDI
2019-05-15_22h27m08s,17-635-002_2_S1_SM_Neg_20190515_AP,Homo sapiens,Kidney,,Negative,Orbitrap,MALDI
2019-05-15_23h06m40s,B11_1_30um_05152019,Mixed,Kidney,,Negative,Orbitrap,MALDI
2019-05-16_17h22m00s,17-635-002_2_S1_SM_Neg_20190515_AP,Homo sapiens,Kidney,,Negative,Orbitrap,MALDI
2019-05-16_17h44m58s,B12_2_20um_05152019,Mixed,Kidney,,Negative,Orbitrap,MALDI
2019-05-16_21h34m34s,B11_4_30um_05162019,Mixed,Kidney,,Negative,Orbitrap,MALDI
2019-05-16_21h41m18s,B12_1_30um_05152019,Mixed,Kidney,,Negative,Orbitrap,MALDI
2019-05-16_22h06m42s,B12_3_20um_05152019,Mixed,Kidney,,Negative,Orbitrap,MALDI
2019-05-21_21h45m20s,Brain_1__50um_05202019,Mixed,Kidney,,Positive,Orbitrap,MALDI
2019-05-23_01h05m58s,B11_3_20um_05222019,Mixed,Kidney,,Negative,Orbitrap,MALDI
2019-05-23_20h12m16s,B12_3_20um_05222019,Mixed,Kidney,,Negative,Orbitrap,MALDI
2019-05-23_20h21m03s,B11_4_30um_05222019,Mixed,Kidney,,Negative,Orbitrap,MALDI
2019-05-23_20h28m21s,B12_4_30um_05222019,Mixed,Kidney,,Negative,Orbitrap,MALDI
2019-05-23_20h46m30s,B11_2_20um_05222019,Mixed,Kidney,,Negative,Orbitrap,MALDI
2019-05-23_20h55m19s,B12_2_20um_05222019,Mixed,Kidney,,Negative,Orbitrap,MALDI
2019-05-23_21h01m57s,B11_1_30um_05222019,Mixed,Kidney,,Negative,Orbitrap,MALDI
2019-05-23_21h07m13s,B12_1_30um_05222019,Mixed,Kidney,,Negative,Orbitrap,MALDI
2019-05-31_20h33m44s,B5_1_30um_05242019,Mixed,Kidney,,Negative,Orbitrap,MALDI
2019-05-31_20h44m58s,B5_3_20um_05242019,Mixed,Kidney,,Negative,Orbitrap,MALDI
2019-05-31_20h52m48s,B5_4_30um_05242019,Mixed,Kidney,,Negative,Orbitrap,MALDI
2019-05-31_22h23m49s,B7_1_30um_05242019,Mixed,Kidney,,Negative,Orbitrap,MALDI
2019-05-31_22h44m54s,B7_2_20um_05242019,Mixed,Kidney,,Negative,Orbitrap,MALDI
2019-05-31_22h51m28s,B7_3_30um_05242019,Mixed,Kidney,,Negative,Orbitrap,MALDI
2019-05-31_23h00m29s,B7_4_30um_05242019,Mixed,Kidney,,Negative,Orbitrap,MALDI
2019-06-06_21h41m37s,18-312-4_1_S1_SM_Neg_20190605_AP,Homo sapiens,Kidney,,Negative,Orbitrap,MALDI
2019-06-06_21h53m08s,18-312-4_1_2_20um_06052019,Mixed,Kidney,,Negative,Orbitrap,MALDI
2019-06-07_00h02m45s,18-312-4_3_1_30um_06062019,Mixed,Kidney,,Negative,Orbitrap,MALDI
2019-06-07_00h09m51s,18-312-4_3_2_20um_06062019,Mixed,Kidney,,Negative,Orbitrap,MALDI
2019-06-07_21h05m44s,18-312-4_3_3_20um_06062019,Mixed,Kidney,,Negative,Orbitrap,MALDI
2019-06-07_21h24m32s,18-312-4_3_4_20um_06062019,Mixed,Kidney,,Negative,Orbitrap,MALDI
2019-06-11_20h15m56s,18-342-4_1_S1_SM_Neg_20190610_AP,Homo sapiens,Kidney,,Negative,Orbitrap,MALDI
2019-06-12_03h56m57s,Muscle_DHB_35um,Mus musculus,Muscle,,Positive,FTICR,MALDI
2019-06-12_04h01m43s,Muscle_DHB_50um,Mus musculus,Muscle,,Positive,FTICR,MALDI
2019-06-13_20h00m49s,t-MALDI-2 - Fig 4 iii - 1 um - cerebellum - pos,Mus musculus,Brain,Wildtype,Positive,Orbitrap,MALDI
2019-06-13_20h45m05s,t-MALDI-2 - Fig 4 ii - 0.8 um - cerebellum - pos,Mus musculus,Brain,Wildtype,Positive,Orbitrap,MALDI
2019-06-18_09h35m15s,t-MALDI-2 - Fig 4 iv - 1.5 um - cerebellum - pos,Mus musculus,Brain,Wildtype,Positive,Orbitrap,MALDI
2019-06-18_09h40m25s,t-MALDI-2 - Fig 4 v - 2 um - cerebellum - pos,Mus musculus,Brain,Wildtype,Positive,Orbitrap,MALDI
2019-06-18_10h25m45s,t-MALDI-2 - Fig 2 pos - 1 um - cerebellum,Mus musculus,Brain,Wildtype,Positive,Orbitrap,MALDI
2019-06-18_10h29m22s,t-MALDI-2 - Fig 3 i - 1 um - cerebellum - pos,Mus musculus,Brain,Wildtype,Positive,Orbitrap,MALDI
2019-06-18_11h10m10s,t-MALDI-2 - Fig S2 - 1 um - MALDI- MALDI2,Mus musculus,Brain,Wildtype,Positive,Orbitrap,MALDI
2019-06-19_11h00m35s,t-MALDI-2 - Fig 3 ii - 1 um - cerebellum - pos,Mus musculus,Brain,Wildtype,Positive,Orbitrap,MALDI
2019-06-19_11h01m04s,t-MALDI-2 - Fig 3 iii - 1 um - cerebellum - pos,Mus musculus,Brain,Wildtype,Positive,Orbitrap,MALDI
2019-06-19_11h02m15s,t-MALDI-2 - Fig 3 iv - 1 um - cerebellum - pos,Mus musculus,Brain,Wildtype,Positive,Orbitrap,MALDI
2019-06-25_21h52m46s,Brain_1_30um_06242019,Mixed,Brain,Wildtype,Negative,Orbitrap,MALDI
2019-06-25_22h19m11s,18-342-4_3_S1_SM_Neg_20190612_AP,Homo sapiens,Kidney,,Negative,Orbitrap,MALDI
2019-06-25_22h30m03s,18-342-4_3_S2_SM_Neg_20190612_AP,Homo sapiens,Kidney,,Negative,Orbitrap,MALDI
2019-06-25_22h49m14s,18-342-4_4_S3_SM_Neg_20190614_AP,Homo sapiens,Kidney,,Negative,Orbitrap,MALDI
2019-07-12_13h29m30s,unfixedrev1negRecal,Mus musculus,Kidney,Healthy,Negative,Orbitrap,MALDI
2019-07-12_13h32m14s,unfixedrev2negRecal,Mus musculus,Kidney,Healthy,Negative,Orbitrap,MALDI
2019-07-12_13h32m48s,unfixedrev3negRecal,Mus musculus,Kidney,Healthy,Negative,Orbitrap,MALDI
2019-07-12_13h33m25s,fixedrev1negRecal,Mus musculus,Kidney,Healthy,Negative,Orbitrap,MALDI
2019-07-12_13h34m00s,fixedrev2negRecal,Mus musculus,Kidney,Healthy,Negative,Orbitrap,MALDI
2019-07-12_13h34m19s,fixedrev3negRecal,Mus musculus,Kidney,Healthy,Negative,Orbitrap,MALDI
2019-07-12_23h13m13s,Control_30um_VD_07122019,Mixed,Kidney,,Negative,Orbitrap,MALDI
2019-07-12_23h23m42s,Cana_30um_VD_07122019,Mixed,Kidney,,Negative,Orbitrap,MALDI
2019-07-13_00h19m09s,HG_30um__VD_07122019,Mixed,Kidney,,Negative,Orbitrap,MALDI
2019-07-13_01h29m22s,HGCana_30um__VD_07122019,Mixed,Kidney,,Negative,Orbitrap,MALDI
2019-07-16_17h41m37s,20190715_jl_dhb_mimetic_min1,Homo sapiens,Kidney,Biopsy,Positive,FTICR,MALDI
2019-07-16_17h42m22s,20190715_jl_dhb_mimetic_min2,Homo sapiens,Kidney,Biopsy,Positive,FTICR,MALDI
2019-07-16_18h04m43s,20190715_jl_dhb_mimetic_min3,Homo sapiens,Kidney,Biopsy,Positive,FTICR,MALDI
2019-07-16_18h25m10s,20190715_jkl_dhb_mimetic_small3,Homo sapiens,Kidney,Biopsy,Positive,FTICR,MALDI
2019-07-16_18h37m54s,20190715_jkl_dhb_mimetic_small_tissue,Homo sapiens,Kidney,Biopsy,Positive,FTICR,MALDI
2019-07-16_18h50m17s,20190715_jkl_dhb_mimetic_min_tissue,Homo sapiens,Kidney,Biopsy,Positive,FTICR,MALDI
2019-07-17_18h16m01s,20190716_jl_dhb_N2_slide1_day2_1,Homo sapiens,Kidney,Biopsy,Positive,FTICR,MALDI
2019-07-17_18h17m10s,20190716_jl_dhb_N2_slide1_day2_2,Homo sapiens,Kidney,Biopsy,Positive,FTICR,MALDI
2019-07-17_18h18m20s,20190716_jl_dhb_N2_slide1_day2_3,Homo sapiens,Kidney,Biopsy,Positive,FTICR,MALDI
2019-07-17_18h19m39s,20190716_jl_dhb_mimetic_slide2_1,Homo sapiens,Kidney,Biopsy,Positive,FTICR,MALDI
2019-07-17_18h20m57s,20190716_jl_dhb_mimetic_slide2_2,Homo sapiens,Kidney,Biopsy,Positive,FTICR,MALDI
2019-07-17_18h32m43s,20190716_jl_dhb_mimetic_slide2_3,Homo sapiens,Kidney,Biopsy,Positive,FTICR,MALDI
2019-07-17_18h39m42s,20190716_dv_1day_after_mimetic_1,Homo sapiens,Kidney,Biopsy,Positive,FTICR,MALDI
2019-07-17_18h46m28s,20190716_dv_1day_after_mimetic_2,Homo sapiens,Kidney,Biopsy,Positive,FTICR,MALDI
2019-07-17_18h53m04s,20190716_dv_1day_after_mimetic_3,Homo sapiens,Kidney,Biopsy,Positive,FTICR,MALDI
2019-07-17_19h06m19s,20190716_dv_1day_after_mimetic_mimetic,Homo sapiens,Kidney,Biopsy,Positive,FTICR,MALDI
2019-07-17_22h01m46s,WT_1_SM_30um_07172019_Centroid,Mixed,Kidney,,Negative,Orbitrap,MALDI
2019-07-18_00h17m50s,20190716_jl_dhb_mimetic_slide2_mimetic,Homo sapiens,Kidney,Biopsy,Positive,FTICR,MALDI
2019-07-18_02h26m18s,WT_2_SM_20um_07172019_C,Mixed,Kidney,,Negative,Orbitrap,MALDI
2019-07-19_19h41m43s,H0265_Set2_Slice1_100um_07182019_C,Mixed,Kidney,,Positive,Orbitrap,MALDI
2019-07-19_20h47m37s,WT_4_SM_MALDIPos_30um_07182019_C,Mixed,Kidney,,Positive,Orbitrap,MALDI
2019-07-23_22h15m32s,H0265_Set2_Slice5_20um_07192019_C,Mus musculus,Kidney,,Positive,Orbitrap,MALDI
2019-07-23_22h22m30s,H0265_Set2_Slice9_100um_07192019_C,Mus musculus,Kidney,,Positive,Orbitrap,MALDI
2019-07-23_22h34m38s,H0265_Set2_Slice13_20um_07192019_C,Mus musculus,Kidney,,Positive,Orbitrap,MALDI
2019-07-23_22h38m31s,20190723_jl_day7_vac_1,Homo sapiens,Kidney,Biopsy,Positive,FTICR,MALDI
2019-07-23_22h45m54s,20190723_jl_day7_vac_2,Homo sapiens,Kidney,Biopsy,Positive,FTICR,MALDI
2019-07-23_22h53m26s,20190723_jl_day1_3,Homo sapiens,Kidney,Biopsy,Positive,FTICR,MALDI
2019-07-23_23h36m29s,H0265_Set2_Slice3_100um_07222019_C,Mus musculus,Kidney,,Positive,Orbitrap,MALDI
2019-07-23_23h51m54s,H0265_Set2_Slice7_20um_07222019_C,Mus musculus,Kidney,,Positive,Orbitrap,MALDI
2019-07-24_00h01m26s,20190723_jl_day7_vac_4,Homo sapiens,Kidney,Biopsy,Positive,FTICR,MALDI
2019-07-24_00h05m07s,H0265_Set2_Slice11_100um_07232019_C,Mus musculus,Kidney,,Positive,Orbitrap,MALDI
2019-07-24_00h11m04s,20190723_jl_day7_mimetictest_mimetic,Homo sapiens,Kidney,Biopsy,Positive,FTICR,MALDI
2019-07-24_00h20m20s,H0265_Set2_Slice15_20um_07232019_C,Mus musculus,Kidney,,Positive,Orbitrap,MALDI
2019-07-25_22h38m57s,Cana_30um_07242019,Mus musculus,Kidney,,Negative,Orbitrap,MALDI
2019-07-29_23h28m17s,La_1_ WT_97_30um_07292019,Mus musculus,Kidney,,Negative,Orbitrap,MALDI
2019-08-02_00h07m33s,H009_1_S1_SM_Pos_20190731_AP,Mus musculus,Kidney,,Positive,Orbitrap,MALDI
2019-08-02_00h10m04s,H009_9_S1_SM_Pos_20190801_AP,Mus musculus,Kidney,,Positive,Orbitrap,MALDI
2019-08-02_19h56m41s,H009_5_S1_SM_Pos_20190801_AP,Mus musculus,Kidney,,Positive,Orbitrap,MALDI
2019-08-02_22h43m20s,H009_3_S1_SM_Pos_20190802_AP,Mus musculus,Kidney,,Positive,Orbitrap,MALDI
2019-08-02_22h56m21s,H009_11_S1_SM_Pos_20190802_AP,Mus musculus,Kidney,,Positive,Orbitrap,MALDI
2019-08-03_01h09m08s,H009_7_S1_SM_Pos_20190802_AP,Mus musculus,Kidney,,Positive,Orbitrap,MALDI
2019-08-03_05h20m58s,H009_Slice15_20um_08022019_C,Mus musculus,Kidney,,Positive,Orbitrap,MALDI
2019-08-07_19h44m29s,LP_1_30um_DAN_08062019,Mus musculus,Kidney,,Negative,Orbitrap,MALDI
2019-08-07_19h58m31s,LP_2_20um_DAN_08062019,Mus musculus,Kidney,,Negative,Orbitrap,MALDI
2019-08-07_20h04m17s,LP_3_30um_08072019,Mus musculus,Kidney,,Negative,Orbitrap,MALDI
2019-08-08_00h15m10s,LP_4_20um_08072019,Mus musculus,Kidney,,Negative,Orbitrap,MALDI
2019-08-14_21h36m47s,B3_1_30um_08142019,Mus musculus,Kidney,,Negative,Orbitrap,MALDI
2019-08-14_21h39m26s,B1_1_30um_08142019,Mus musculus,Kidney,,Negative,Orbitrap,MALDI
2019-08-16_16h59m54s,Brain1_CL_30um_08152019_MP,Mus musculus,Brain,,Positive,Orbitrap,MALDI
2019-08-20_16h53m44s,17-635-001_1_S1_SM_Neg_20190819_AP,Homo sapiens,Kidney,,Negative,Orbitrap,MALDI
2019-08-20_16h59m21s,17-635-001_2_S1_SM_Neg_20190819_AP,Homo sapiens,Kidney,,Negative,Orbitrap,MALDI
2019-08-20_17h06m58s,17-635-001_3_S1_SM_Neg_20190819_AP,Homo sapiens,Kidney,,Negative,Orbitrap,MALDI
2019-08-20_17h16m04s,17-635-001_4_S1_SM_Neg_20190819_AP,Homo sapiens,Kidney,,Negative,Orbitrap,MALDI
2019-08-21_01h08m10s,17-635-001_1_S1_SM_Neg_20190820_AP,Homo sapiens,Kidney,,Negative,Orbitrap,MALDI
2019-08-21_01h16m20s,17-635-001_2_S1_SM_Neg_20190820_AP,Homo sapiens,Kidney,,Negative,Orbitrap,MALDI
2019-08-21_22h45m50s,17-635-001_3_S1_SM_Neg_20190820_AP,Homo sapiens,Kidney,,Negative,Orbitrap,MALDI
2019-08-21_22h53m49s,17-635-001_4_S1_SM_Neg_20190820_AP,Homo sapiens,Kidney,,Negative,Orbitrap,MALDI
2019-08-29_20h09m52s,20190828_jl_norhar_mimetic_day1_2_pos,Homo sapiens,Kidney,Biopsy,Positive,FTICR,MALDI
2019-08-29_20h22m07s,20190828_jl_norhar_mimetic_day1_3,Homo sapiens,Kidney,Biopsy,Positive,FTICR,MALDI
2019-08-29_21h22m42s,20190828_jl_norhar_mimetic_day1_mimetic_1,Homo sapiens,Kidney,Biopsy,Positive,FTICR,MALDI
2019-08-29_22h27m02s,20190829_jl_norhar_mimetic_day2_slide1_1,Homo sapiens,Kidney,Biopsy,Positive,FTICR,MALDI
2019-08-29_22h31m26s,20190829_jl_norhar_mimetic_day2_slide1_2,Homo sapiens,Kidney,Biopsy,Positive,FTICR,MALDI
2019-08-29_22h39m56s,20190829_jl_norhar_mimetic_day2_slide1_mimetic,Homo sapiens,Kidney,Biopsy,Positive,FTICR,MALDI
2019-08-31_00h28m11s,Brain_30um _DAN_CL_PP_08302019_C,Mixed,Brain,,Positive,Orbitrap,MALDI
2019-08-31_00h34m52s,Brain_50um _DAN_CL_PP_08302019,Mixed,Brain,,Positive,Orbitrap,MALDI
2019-08-31_21h46m14s,17-635-003_1_S1_SM_Neg_20190830_AP,Homo sapiens,Kidney,,Negative,Orbitrap,MALDI
2019-08-31_22h07m34s,17-635-003_5_S1_SM_Neg_20190830_AP,Homo sapiens,Kidney,,Negative,Orbitrap,MALDI
2019-08-31_22h28m52s,17-635-003_11_S3_SM_Neg_20190831_AP,Homo sapiens,Kidney,,Negative,Orbitrap,MALDI
2019-08-31_22h37m39s,17-635-003_13_S1_SM_Neg_20190830_AP,Homo sapiens,Kidney,,Negative,Orbitrap,MALDI
2019-09-05_21h18m10s,17-635-003_3_S3_SM_Neg_20190831_AP,Homo sapiens,Kidney,,Negative,Orbitrap,MALDI
2019-09-05_21h34m25s,17-635-003_7_S3_SM_Neg_20190831_AP,Homo sapiens,Kidney,,Negative,Orbitrap,MALDI
2019-09-05_21h58m55s,17-635-003_9_S1_SM_Neg_20190830_AP,Homo sapiens,Kidney,,Negative,Orbitrap,MALDI
2019-09-05_22h06m39s,17-635-003_15_S3_SM_Neg_20190831_AP,Homo sapiens,Kidney,,Negative,Orbitrap,MALDI
2019-09-05_22h17m40s,17-635-004_1_S1_SM_Neg_20190904_AP,Homo sapiens,Kidney,,Negative,Orbitrap,MALDI
2019-09-05_22h29m31s,17-635-004_4_S1_SM_Neg_20190904_AP,Homo sapiens,Kidney,,Negative,Orbitrap,MALDI
2019-09-05_23h29m31s,17-635-004_7_S1_SM_Neg_20190904_AP,Homo sapiens,Kidney,,Negative,Orbitrap,MALDI
2019-09-05_23h36m56s,17-635-004_10_S1_SM_Neg_20190905_AP,Homo sapiens,Kidney,,Negative,Orbitrap,MALDI
2019-09-05_23h40m57s,20190905_jl_norhar_day7_1,Homo sapiens,Kidney,Biopsy,Positive,FTICR,MALDI
2019-09-05_23h41m03s,20190905_jl_norhar_day7_2,Homo sapiens,Kidney,Biopsy,Positive,FTICR,MALDI
2019-09-06_21h31m18s,17-635-004_3_S1_SM_Neg_20190905_AP,Homo sapiens,Kidney,,Negative,Orbitrap,MALDI
2019-09-06_21h51m25s,17-635-004_6_S1_SM_Neg_20190905_AP,Homo sapiens,Kidney,,Negative,Orbitrap,MALDI
2019-09-06_22h27m11s,17-635-004_9_S1_SM_Neg_20190905_AP,Homo sapiens,Kidney,,Negative,Orbitrap,MALDI
2019-09-06_22h35m27s,17-635-004_12_S1_SM_Neg_20190905_AP,Homo sapiens,Kidney,,Negative,Orbitrap,MALDI
2019-09-10_14h25m54s,090919_SangerBrainSample1_UniMatrix_150x150_NEG.RAW,Mus musculus,Brain,Wildtype,Negative,Orbitrap,MALDI
2019-09-11_15h25m08s,090919_SangerBrainSample2_UniMatrix_100x100_NEG,Mus musculus,Brain,Wildtype,Negative,Orbitrap,MALDI
2019-09-11_23h46m54s,17-635-001_1_S1_SM_Neg_20190910_AP,Homo sapiens,Kidney,,Negative,Orbitrap,MALDI
2019-09-11_23h54m26s,17-635-001_4_S1_SM_Neg_20190910_AP,Homo sapiens,Kidney,,Negative,Orbitrap,MALDI
2019-09-12_00h13m11s,17-635-001_7_S1_SM_Neg_20190910_AP,Homo sapiens,Kidney,,Negative,Orbitrap,MALDI
2019-09-12_00h25m56s,17-635-001_10_S1_SM_Neg_20190910_AP,Homo sapiens,Kidney,,Negative,Orbitrap,MALDI
2019-09-12_00h37m23s,17-635-001_3_S1_SM_Neg_20190911_AP,Homo sapiens,Kidney,,Negative,Orbitrap,MALDI
2019-09-12_00h42m06s,17-635-001_6_S1_SM_Neg_20190911_AP,Homo sapiens,Kidney,,Negative,Orbitrap,MALDI
2019-09-12_19h43m40s,17-635-001_9_S1_SM_Neg_20190911_AP,Homo sapiens,Kidney,,Negative,Orbitrap,MALDI
2019-09-12_19h53m18s,17-635-001_12_S1_SM_Neg_20190911_AP,Homo sapiens,Kidney,,Negative,Orbitrap,MALDI
2019-09-18_15h11m07s,Fibroblast_positive_7um_DHB_50ACN_07112017,Homo sapiens,Cells,Wildtype,Positive,Orbitrap,MALDI
2019-10-01_21h13m37s,20190930_jl_dhb_1,Homo sapiens,Kidney,Biopsy,Positive,FTICR,MALDI
2019-10-01_21h33m15s,20190930_jl_dhb_mimetic_day1_2,Homo sapiens,Kidney,Biopsy,Positive,FTICR,MALDI
2019-10-01_21h34m36s,20190930_jl_dhb_2,Homo sapiens,Kidney,Biopsy,Positive,FTICR,MALDI
2019-10-01_21h35m33s,20190930_jl_dhb_3,Homo sapiens,Kidney,Biopsy,Positive,FTICR,MALDI
2019-10-01_21h36m31s,20190930_jl_dhb_mimetic_day1_1,Homo sapiens,Kidney,Biopsy,Positive,FTICR,MALDI
2019-10-02_21h48m17s,20191001_jl_stored1day_4,Homo sapiens,Kidney,Biopsy,Positive,FTICR,MALDI
2019-10-02_21h55m41s,20191001_jl_stored1day_5,Homo sapiens,Kidney,Biopsy,Positive,FTICR,MALDI
2019-10-02_23h14m03s,20191001_jl_dhbstored_1day_1,Homo sapiens,Kidney,Biopsy,Positive,FTICR,MALDI
2019-10-02_23h18m22s,20191001_jl_dhbstored_1day_2,Homo sapiens,Kidney,Biopsy,Positive,FTICR,MALDI
2019-10-02_23h29m02s,20191001_jl_dhbstored_1day_4,Homo sapiens,Kidney,Biopsy,Positive,FTICR,MALDI
2019-10-02_23h34m23s,20191001_jl_dhbstored_1day_5,Homo sapiens,Kidney,Biopsy,Positive,FTICR,MALDI
2019-10-03_17h21m22s,17-635-007_4_S1_SM_Neg_20191002_AP,Homo sapiens,Kidney,,Negative,Orbitrap,MALDI
2019-10-03_18h20m48s,17-635-007_1_S1_SM_Neg_20191002_AP,Homo sapiens,Kidney,,Negative,Orbitrap,MALDI
2019-10-03_18h25m14s,17-635-007_10_S1_SM_Neg_20191003_AP,Homo sapiens,Kidney,,Negative,Orbitrap,MALDI
2019-10-04_17h59m03s,17-635-007_3_S1_SM_Neg_20191003_AP,Homo sapiens,Kidney,,Negative,Orbitrap,MALDI
2019-10-04_18h04m43s,17-635-007_6_S1_SM_Neg_20191003_AP,Homo sapiens,Kidney,,Negative,Orbitrap,MALDI
2019-10-04_18h20m50s,17-635-007_9_S1-SM_Neg_20191003_AP,Homo sapiens,Kidney,,Negative,Orbitrap,MALDI
2019-10-04_18h30m42s,17-635-007_12_S1_SM_Neg_20191004_AP,Homo sapiens,Kidney,,Negative,Orbitrap,MALDI
2019-10-07_18h11m03s,20191006_jl_day7storage_1,Homo sapiens,Kidney,Biopsy,Positive,FTICR,MALDI
2019-10-07_18h36m18s,20191006_jl_day7storage_5,Homo sapiens,Kidney,Biopsy,Positive,FTICR,MALDI
2019-10-07_19h16m03s,20191006_jl_dhbday7_1,Homo sapiens,Kidney,Biopsy,Positive,FTICR,MALDI
2019-10-07_19h23m47s,20191006_jl_dhbday7_2,Homo sapiens,Kidney,Biopsy,Positive,FTICR,MALDI
2019-10-07_19h25m33s,20191006_jl_dhbday7_3,Homo sapiens,Kidney,Biopsy,Positive,FTICR,MALDI
2019-10-07_19h30m30s,20191006_jl_dhbday7_4,Homo sapiens,Kidney,Biopsy,Positive,FTICR,MALDI
2019-10-07_19h34m18s,20191006_jl_dhbday7_5,Homo sapiens,Kidney,Biopsy,Positive,FTICR,MALDI
2019-10-25_00h00m33s,C2_30um_10242019,Mixed,Kidney,,Negative,Orbitrap,MALDI
2019-10-25_17h25m40s,190506_Mouse328_biopsy2_35umNeg_p4_106by96_Atn0_Recal,Mus musculus,Skin,Cancer,Negative,Orbitrap,MALDI
2019-10-25_22h58m22s,F1_30um_10252019,Mixed,Kidney,,Negative,Orbitrap,MALDI
2019-10-26_00h00m03s,C3_30um_10242019,Mixed,Kidney,,Negative,Orbitrap,MALDI
2019-10-26_00h11m01s,F4_20um_10242019,Mixed,Kidney,,Negative,Orbitrap,MALDI
2019-10-26_00h15m42s,C4_20um_10242019,Mixed,Kidney,,Negative,Orbitrap,MALDI
2019-10-26_00h19m57s,F2_30um_10242019,Mixed,Kidney,,Negative,Orbitrap,MALDI
2019-10-29_15h20m11s,190416_Mouse328_biopsy1_35umNeg_p4_146by137_atn0_Recal2,Mus musculus,Skin,Cancer,Negative,Orbitrap,MALDI
2019-10-29_16h28m34s,B1_30um_10252019,Mixed,Kidney,,Negative,Orbitrap,MALDI
2019-10-29_16h33m32s,E1_30um_10252019,Mixed,Kidney,,Negative,Orbitrap,MALDI
2019-10-29_16h40m32s,B2_20um_10252019,Mixed,Kidney,,Negative,Orbitrap,MALDI
2019-10-29_16h53m33s,190627_Mouse120_Bleo_35umNeg_p3_180by100_atn0_Recal,Mus musculus,Skin,Cancer,Negative,Orbitrap,MALDI
2019-10-29_17h49m49s,E2_20um_10252019,Mixed,Kidney,,Negative,Orbitrap,MALDI
2019-10-29_21h23m43s,E3_20um_10252019,Mixed,Kidney,,Negative,Orbitrap,MALDI
2019-10-29_21h29m01s,E4_30um_10262019,Mixed,Kidney,,Negative,Orbitrap,MALDI
2019-10-29_21h37m26s,A1_30um_10282019,Mixed,Kidney,,Negative,Orbitrap,MALDI
2019-10-29_21h40m16s,D1_30um_10282019,Mixed,Kidney,,Negative,Orbitrap,MALDI
2019-10-29_21h43m57s,A2_30um_10282019,Mixed,Kidney,,Negative,Orbitrap,MALDI
2019-10-29_21h47m59s,D2_30um_10282019,Mixed,Kidney,,Negative,Orbitrap,MALDI
2019-10-29_21h53m09s,A3_20um_10282019,Mixed,Kidney,,Negative,Orbitrap,MALDI
2019-10-29_21h57m51s,D3_20um_10282019,Mixed,Kidney,,Negative,Orbitrap,MALDI
2019-11-01_13h33m19s,190506_Mouse328_biopsy2_35umNeg_p4_106by96_Atn0_Recal,Mus musculus,Skin,Cancer,Negative,Orbitrap,MALDI
2019-11-06_21h35m27s,20191105_jl_kidney_day7_nitrogen_1,Homo sapiens,Kidney,Biopsy,Positive,FTICR,MALDI
2019-11-06_21h36m56s,20191105_jl_kidney_day7_nitrogen_2,Homo sapiens,Kidney,Biopsy,Positive,FTICR,MALDI
2019-11-06_21h38m23s,20191105_jl_kidney_day7_nitrogen_3,Homo sapiens,Kidney,Biopsy,Positive,FTICR,MALDI
2019-11-06_21h41m01s,20191105_jl_kidney_day2_nitrogen_mimetic_1,Homo sapiens,Kidney,Biopsy,Positive,FTICR,MALDI
2019-11-06_21h43m15s,20191105_jl_kidney_day2_nitrogen_mimetic_2,Homo sapiens,Kidney,Biopsy,Positive,FTICR,MALDI
2019-11-07_21h00m29s,20191104_jl_kidney_day1_1,Homo sapiens,Kidney,Biopsy,Positive,FTICR,MALDI
2019-11-07_21h02m54s,20191104_jl_kidney_day1_2,Homo sapiens,Kidney,Biopsy,Positive,FTICR,MALDI
2019-11-07_21h04m45s,20191104_jl_kidney_day1_3,Homo sapiens,Kidney,Biopsy,Positive,FTICR,MALDI
2019-11-07_21h07m38s,20191104_jl_kidney_day1_mimetic_1,Homo sapiens,Kidney,Biopsy,Positive,FTICR,MALDI
2019-11-07_21h10m30s,20191104_jl_kidney_day1_mimetic_2,Homo sapiens,Kidney,Biopsy,Positive,FTICR,MALDI
2019-11-07_21h32m07s,20191105_jl_kidney_vac_1,Homo sapiens,Kidney,Biopsy,Positive,FTICR,MALDI
2019-11-07_21h33m10s,20191105_jl_kidney_vac_day2_2,Homo sapiens,Kidney,Biopsy,Positive,FTICR,MALDI
2019-11-07_21h34m15s,20191105_jl_kidney_vac_day2_3,Homo sapiens,Kidney,Biopsy,Positive,FTICR,MALDI
2019-11-07_21h36m19s,20191105_jl_kidney_rt_day2_mimetic_1,Homo sapiens,Kidney,Biopsy,Positive,FTICR,MALDI
2019-11-07_21h38m10s,20191105_jl_kidney_rt_day2_mimetic_2,Homo sapiens,Kidney,Biopsy,Positive,FTICR,MALDI
2019-11-12_17h15m55s,DESI RAT Brain SYNAPT-XS SENS-Mode,Mus musculus,Brain,,Positive,Synapt XS,DESI
2019-11-12_21h20m41s,20191111_jl_kidney_rt_day7_1,Homo sapiens,Kidney,Biopsy,Positive,FTICR,MALDI
2019-11-12_21h21m37s,20191111_jl_kidney_rt_day7_2,Homo sapiens,Kidney,Biopsy,Positive,FTICR,MALDI
2019-11-12_21h22m42s,20191111_jl_kidney_rt_day7_3,Homo sapiens,Kidney,Biopsy,Positive,FTICR,MALDI
2019-11-12_21h23m23s,20191111_jl_kidney_rt_day7_mimetic1,Homo sapiens,Kidney,Biopsy,Positive,FTICR,MALDI
2019-11-12_21h24m41s,20191111_jl_kidney_rt_day7_mimetic2,Homo sapiens,Kidney,Biopsy,Positive,FTICR,MALDI
2019-11-15_20h42m46s,17-635-002_4_S1_SM_Neg_20191114_AP,Homo sapiens,Kidney,,Negative,Orbitrap,MALDI
2019-11-15_20h49m52s,17-635-002_10_S1_SM_Neg_11142019_AP,Homo sapiens,Kidney,,Negative,Orbitrap,MALDI
2019-11-15_20h55m40s,17-635-002_7_S1_SM_Neg_20191114_AP,Homo sapiens,Kidney,,Negative,Orbitrap,MALDI
2019-11-15_22h02m57s,17-635-002_9_S1_SM_Neg_20191115_AP,Homo sapiens,Kidney,,Negative,Orbitrap,MALDI
2019-11-15_22h06m33s,17-635-002_3_S1_SM_Neg_20191115_AP,Homo sapiens,Kidney,,Negative,Orbitrap,MALDI
2019-11-18_23h58m58s,17-635-002_6_S1_SM_Neg_20191115_AP,Homo sapiens,Kidney,,Negative,Orbitrap,MALDI
2019-11-25_17h14m31s,DESI HEART SYNAPT-XS RES-MODE,Mus musculus,Brain,,Positive,Synapt XS,DESI
2019-11-26_17h40m02s,BOB_Cetuximab_all_30um_80-900_neg,Homo sapiens,Lung,Cancer,Negative,Orbitrap,DESI
2019-12-01_18h19m02s,BOB_Trail_no7_09-10-19_neg_80-900_30um,Homo sapiens,Lung,Cancer,Negative,Orbitrap,DESI
2019-12-01_19h08m56s,BOB_Dr5_noday7_09-10-19_neg_80-900_30um,Homo sapiens,Lung,Cancer,Negative,Orbitrap,DESI
2019-12-04_00h41m47s,20191202_jl_lungmap_test_12pass,Homo sapiens,Lung,Biopsy,Positive,FTICR,MALDI
2019-12-09_21h03m50s,20191206_jl_lungmap_dhb_8pass,Homo sapiens,Lung,Biopsy,Positive,FTICR,MALDI
2019-12-09_21h07m16s,20191206_jl_lungmap_dhb_10pass,Homo sapiens,Lung,Biopsy,Positive,FTICR,MALDI
2019-12-09_21h13m26s,20191206_jl_lungmap_dhb_12pass,Homo sapiens,Lung,Biopsy,Positive,FTICR,MALDI
2019-12-10_22h08m39s,20191210_jl_lungmap_10passes_test2,Homo sapiens,Lung,Biopsy,Positive,FTICR,MALDI
2019-12-26_22h37m21s,18-312-2_07_nocasi,Homo sapiens,Kidney,Biopsy,Negative,FTICR,MALDI
2019-12-27_20h38m49s,17-365-5_50um_nedc_02_importedpeaks,Homo sapiens,Kidney,Biopsy,Negative,FTICR,MALDI
2019-12-27_20h39m50s,17-365-5_50um_9aa_04_neg_importedpeaks,Homo sapiens,Kidney,Biopsy,Negative,FTICR,MALDI
2019-12-27_20h42m26s,20191226_dv_17-365-005_2_01_nedc_neg_importedpeaks,Homo sapiens,Kidney,Biopsy,Negative,FTICR,MALDI
2019-12-27_22h02m03s,17-365-5_50um_nedc_02_wholespectrum,Homo sapiens,Kidney,Biopsy,Negative,FTICR,MALDI
2020-01-06_11h21m42s,Hpv0509 all merged,Mus musculus,Breast,Cancer,Negative,Orbitrap,DESI
2020-01-06_22h02m51s,20200105_jl_kidney_day2_rt_1,Homo sapiens,Kidney,Biopsy,Positive,FTICR,MALDI
2020-01-06_22h03m31s,20200105_jl_kidney_day2_rt_2,Homo sapiens,Kidney,Biopsy,Positive,FTICR,MALDI
2020-01-06_22h04m12s,20200105_jl_kidney_day2_rt_3,Homo sapiens,Kidney,Biopsy,Positive,FTICR,MALDI
2020-01-06_23h13m06s,20200105_jl_kidney_day7_DHB_2_1,Homo sapiens,Kidney,Biopsy,Positive,FTICR,MALDI
2020-01-06_23h13m42s,20200105_jl_kidney_day7_DHB_3a_1,Homo sapiens,Kidney,Biopsy,Positive,FTICR,MALDI
2020-01-06_23h24m27s,20200105_jl_kidney_day7_DHB_3b_1,Homo sapiens,Kidney,Biopsy,Positive,FTICR,MALDI
2020-01-09_18h27m19s,20200107_jl_kidney_day2_N2_1_1,Homo sapiens,Kidney,Biopsy,Positive,FTICR,MALDI
2020-01-09_18h42m02s,20200107_jl_kidney_day2_N2_2_1,Homo sapiens,Kidney,Biopsy,Positive,FTICR,MALDI
2020-01-09_19h06m59s,20200107_jl_kidney_day2_N2_3_1,Homo sapiens,Kidney,Biopsy,Positive,FTICR,MALDI
2020-01-09_20h17m08s,20200107_jl_kidney_day7_open_1,Homo sapiens,Kidney,Biopsy,Positive,FTICR,MALDI
2020-01-09_21h03m05s,20200107_jl_kidney_day7_open_2,Homo sapiens,Kidney,Biopsy,Positive,FTICR,MALDI
2020-01-09_21h14m40s,20200107_jl_kidney_day7_open_3,Homo sapiens,Kidney,Biopsy,Positive,FTICR,MALDI
2020-01-13_22h56m28s,20200112_jl_kidney_day2_dhb_1,Homo sapiens,Kidney,Biopsy,Positive,FTICR,MALDI
2020-01-13_22h57m18s,20200112_jl_kidney_day2_dhb_2,Homo sapiens,Kidney,Biopsy,Positive,FTICR,MALDI
2020-01-13_23h01m15s,20200112_jl_kidney_day2_dhb_3,Homo sapiens,Kidney,Biopsy,Positive,FTICR,MALDI
2020-01-14_22h29m55s,20200110_jl_kidney_day7_rt_redo_1,Homo sapiens,Kidney,Biopsy,Positive,FTICR,MALDI
2020-01-14_23h33m56s,20200110_jl_kidney_day7_rt_redo_2,Homo sapiens,Kidney,Biopsy,Positive,FTICR,MALDI
2020-01-15_21h34m32s,20201012_jl_kidney_day2_vac_1,Homo sapiens,Kidney,Biopsy,Positive,FTICR,MALDI
2020-01-15_22h30m43s,20200114_dv_kidney_gb3_fungycat_casi_45lp_75um,Homo sapiens,Kidney,Biopsy,Positive,FTICR,MALDI
2020-01-15_23h06m55s,20201012_jl_kidney_day2_vac_2,Homo sapiens,Kidney,Biopsy,Positive,FTICR,MALDI
2020-01-16_00h04m19s,20201012_jl_kidney_day2_vac_3,Homo sapiens,Kidney,Biopsy,Positive,FTICR,MALDI
2020-01-16_01h54m35s,20200113_jl_kidney_day7_n2_1,Homo sapiens,Kidney,Biopsy,Positive,FTICR,MALDI
2020-01-16_02h08m03s,20200113_jl_kidney_day7_n2_3,Homo sapiens,Kidney,Biopsy,Positive,FTICR,MALDI
2020-01-16_02h57m54s,20200113_jl_kidney_day7_n2_4,Homo sapiens,Kidney,Biopsy,Positive,FTICR,MALDI
2020-01-21_21h26m03s,20200120_jl_kidney_day2_open_1,Homo sapiens,Kidney,Biopsy,Positive,FTICR,MALDI
2020-01-21_22h10m23s,20200120_jl_kidney_day2_open_2,Homo sapiens,Kidney,Biopsy,Positive,FTICR,MALDI
2020-01-21_22h56m53s,20200120_jl_kidney_day2_open_3,Homo sapiens,Kidney,Biopsy,Positive,FTICR,MALDI
2020-01-23_21h23m22s,20200122_jl_kidney_day7_vac_1,Homo sapiens,Kidney,Biopsy,Positive,FTICR,MALDI
2020-01-23_21h59m06s,20200122_jl_kidney_day7_vac_2,Homo sapiens,Kidney,Biopsy,Positive,FTICR,MALDI
2020-01-23_23h04m17s,20200122_jl_kidney_day7_vac_3,Homo sapiens,Kidney,Biopsy,Positive,FTICR,MALDI
2020-02-14_22h36m55s,20200122_jl_kidney_vac_combined,Homo sapiens,Kidney,Biopsy,Positive,FTICR,MALDI
2020-02-17_18h19m25s,20200122_jl_kidney_vac_combined_2,Homo sapiens,Kidney,Biopsy,Positive,FTICR,MALDI
2020-02-24_20h07m11s,20200221_jl_lungmap_rochester_1,Homo sapiens,Lung,Biopsy,Positive,FTICR,MALDI
2020-02-24_20h44m17s,20200221_jl_lungmap_rochester_2,Homo sapiens,Lung,Biopsy,Positive,FTICR,MALDI
2020-02-24_21h21m08s,20200221_jl_lungmap_baylor_1,Homo sapiens,Lung,Biopsy,Positive,FTICR,MALDI
2020-02-24_23h18m48s,20200221_jl_lungmap_baylor_3,Homo sapiens,Lung,Biopsy,Positive,FTICR,MALDI
2020-02-24_23h22m05s,20200221_jl_lungmap_baylor_2,Homo sapiens,Lung,Biopsy,Positive,FTICR,MALDI
2020-02-25_21h01m42s,lg705a_5_1_100to800_highres_pos_1_02.24.20 - total ion count,Mus musculus,Lung,Wildtype,Positive,FTICR,MALDI
2020-02-25_21h02m28s,lg705a_5_1_100to800_lowres_pos_1_02.24.20 - total ion count,Mus musculus,Lung,Wildtype,Positive,FTICR,MALDI
2020-02-27_10h30m32s,2020-02-26_HipReg_BrainSpOmics_nedc_neg_211x271_25UMSS_29AT,Mus musculus,Brain,Wild type,Negative,Orbitrap,MALDI
2020-02-28_20h48m03s,20200227_jl_lungmap_baylor_slide3_1,Homo sapiens,Lung,Biopsy,Positive,FTICR,MALDI
2020-03-11_16h38m34s,20201012_jl_kidney_day1_1,Homo sapiens,Kidney,Biopsy,Positive,FTICR,MALDI
2020-03-11_16h40m10s,20201012_jl_kidney_day1_2,Homo sapiens,Kidney,Biopsy,Positive,FTICR,MALDI
2020-03-11_19h05m42s,20201012_jl_kidney_day1_3,Homo sapiens,Kidney,Biopsy,Positive,FTICR,MALDI
2020-03-12_22h19m39s,20200311_jl_kidney_17635004_1,Homo sapiens,Kidney,Biopsy,Positive,FTICR,MALDI
2020-03-12_22h20m05s,20200311_jl_kidney_17635004_2,Homo sapiens,Kidney,Biopsy,Positive,FTICR,MALDI
2020-03-12_22h20m32s,20200311_jl_kidney_17635004_3,Homo sapiens,Kidney,Biopsy,Positive,FTICR,MALDI
2020-03-12_22h21m08s,20200311_jl_kidney_17635004_4,Homo sapiens,Kidney,Biopsy,Positive,FTICR,MALDI
2020-03-12_22h21m35s,20200311_jl_kidney_17635004_5,Homo sapiens,Kidney,Biopsy,Positive,FTICR,MALDI
2020-03-12_22h22m08s,20200311_jl_kidney_17635004_6,Homo sapiens,Kidney,Biopsy,Positive,FTICR,MALDI
2020-03-20_18h37m24s,20200319_jl_lungmap_slide5_1,Homo sapiens,Lung,Biopsy,Positive,FTICR,MALDI
2020-03-20_18h37m56s,20200319_jl_lungmap_slide5_2,Homo sapiens,Lung,Biopsy,Positive,FTICR,MALDI
2020-03-20_18h38m21s,20200319_jl_lungmap_slide5_3,Homo sapiens,Lung,Biopsy,Positive,FTICR,MALDI
2020-03-20_18h38m50s,20200319_jl_lungmap_slide5_4,Homo sapiens,Lung,Biopsy,Positive,FTICR,MALDI
2020-03-20_18h39m19s,20200319_jl_lungmap_slide5_5,Homo sapiens,Lung,Biopsy,Positive,FTICR,MALDI
2020-03-20_18h39m54s,20200319_jl_lungmap_slide5_6,Homo sapiens,Lung,Biopsy,Positive,FTICR,MALDI
2020-03-20_18h40m24s,20200319_jl_lungmap_slide5_7,Homo sapiens,Lung,Biopsy,Positive,FTICR,MALDI
2020-03-20_18h40m54s,20200319_jl_lungmap_slide5_8,Homo sapiens,Lung,Biopsy,Positive,FTICR,MALDI
2020-05-13_22h52m57s,hemo 1 - no normalization,Mus musculus,Lung,HemO Infected,Positive,FTICR,MALDI
2020-05-13_22h55m16s,hemoo tm 1 - no normalization,Mus musculus,Lung,HemO TM Infected,Positive,FTICR,MALDI
2020-05-15_01h59m41s,18.001F_S2_DHB_30um_ 0513202020,Homo sapiens,Brain,,Positive,Orbitrap,MALDI
2020-05-16_18h26m44s,18.001F_S2_DHB_30um,Mixed,Brain,Healthy,Positive,Orbitrap,MALDI
2020-05-17_08h59m34s,19.01_2F_DHB_30um_05132020,Homo sapiens,Brain,Healthy,Positive,Orbitrap,MALDI
2020-05-19_21h56m17s,test1,Homo sapiens,Brain,,Positive,Orbitrap,MALDI
2020-05-21_02h48m51s,20200519_dv_17-635-004_nedc_cycles_6_1,Homo sapiens,Kidney,Biopsy,Negative,FTICR,MALDI
2020-05-21_02h49m21s,20200519_dv_17-635-004_nedc_cycles_6_2,Homo sapiens,Kidney,Biopsy,Negative,FTICR,MALDI
2020-05-21_02h49m46s,20200519_dv_17-635-004_nedc_cycles_6_3,Homo sapiens,Kidney,Biopsy,Negative,FTICR,MALDI
2020-05-21_02h51m38s,20200519_dv_17-635-004_nedc_cycles_8_1,Homo sapiens,Kidney,Biopsy,Negative,FTICR,MALDI
2020-05-21_02h52m04s,20200519_dv_17-635-004_nedc_cycles_8_2,Homo sapiens,Kidney,Biopsy,Negative,FTICR,MALDI
2020-05-21_02h52m31s,20200519_dv_17-635-004_nedc_cycles_8_3,Homo sapiens,Kidney,Biopsy,Negative,FTICR,MALDI
2020-05-21_17h07m47s,20200519_dv_17-635-004_nedc_cycles_10_1,Homo sapiens,Kidney,Biopsy,Negative,FTICR,MALDI
2020-05-21_17h08m17s,20200519_dv_17-635-004_nedc_cycles_10_2,Homo sapiens,Kidney,Biopsy,Negative,FTICR,MALDI
2020-05-21_17h08m46s,20200519_dv_17-635-004_nedc_cycles_10_3,Homo sapiens,Kidney,Biopsy,Negative,FTICR,MALDI
2020-05-21_17h33m20s,20200519_dv_17-635-004_nedc_cycles_12_1,Homo sapiens,Kidney,Biopsy,Negative,FTICR,MALDI
2020-05-21_17h33m49s,20200519_dv_17-635-004_nedc_cycles_12_2,Homo sapiens,Kidney,Biopsy,Negative,FTICR,MALDI
2020-05-21_17h34m19s,20200519_dv_17-635-004_nedc_cycles_12_3,Homo sapiens,Kidney,Biopsy,Negative,FTICR,MALDI
2020-05-29_20h35m53s,20200527_dv_kpmp_temp_test_80c_1,Homo sapiens,Kidney,Biopsy,Negative,FTICR,MALDI
2020-05-29_20h39m56s,20200527_dv_kpmp_temp_test_80c_2,Homo sapiens,Kidney,Biopsy,Negative,FTICR,MALDI
2020-05-29_20h44m07s,20200527_dv_kpmp_temp_test_80c_4,Homo sapiens,Kidney,Biopsy,Negative,FTICR,MALDI
2020-05-29_22h03m55s,20200527_dv_kpmp_temp_test_75c_1,Homo sapiens,Kidney,Biopsy,Negative,FTICR,MALDI
2020-05-29_22h04m18s,20200527_dv_kpmp_temp_test_75c_2,Homo sapiens,Kidney,Biopsy,Negative,FTICR,MALDI
2020-05-29_22h04m44s,20200527_dv_kpmp_temp_test_75c_3,Homo sapiens,Kidney,Biopsy,Negative,FTICR,MALDI
2020-06-03_14h00m15s,D9_naive_notfixed_5um_150x150px_A33_pos_rep1,Homo sapiens,Cells,,Positive,Orbitrap,Prototype
2020-06-03_14h08m51s,D9_naive_notfixed_3um_250x250px_A34_pos_rep1,Homo sapiens,Cells,,Positive,Orbitrap,Prototype
2020-06-04_12h18m19s,D9_LPS_notfixed_3um_250x250px_A34_pos_rep1,Homo sapiens,Cells,,Positive,Orbitrap,Prototype
2020-06-04_12h18m53s,D9_LPS_notfixed_5um_150x150px_A33_pos_rep1,Homo sapiens,Cells,,Positive,Orbitrap,Prototype
2020-06-05_00h52m35s,20200603_dv_nedc_80c_test_cycles_10_1,Homo sapiens,Kidney,Biopsy,Negative,FTICR,MALDI
2020-06-05_00h55m17s,20200603_dv_nedc_80c_test_cycles_10_2,Homo sapiens,Kidney,Biopsy,Negative,FTICR,MALDI
2020-06-05_00h59m29s,20200603_dv_nedc_80c_test_cycles_10_3,Homo sapiens,Kidney,Biopsy,Negative,FTICR,MALDI
2020-06-05_01h14m10s,20200603_dv_nedc_80c_test_cycles_12_1,Homo sapiens,Kidney,Biopsy,Negative,FTICR,MALDI
2020-06-05_01h17m54s,20200603_dv_nedc_80c_test_cycles_12_2,Homo sapiens,Kidney,Biopsy,Negative,FTICR,MALDI
2020-06-05_01h19m50s,20200603_dv_nedc_80c_test_cycles_12_3,Homo sapiens,Kidney,Biopsy,Negative,FTICR,MALDI
2020-06-05_01h33m21s,20200603_dv_nedc_80c_test_cycles_16_1,Homo sapiens,Kidney,Biopsy,Negative,FTICR,MALDI
2020-06-05_01h46m38s,20200603_dv_nedc_80c_test_cycles_16_2,Homo sapiens,Kidney,Biopsy,Negative,FTICR,MALDI
2020-06-05_01h47m05s,20200603_dv_nedc_80c_test_cycles_16_3,Homo sapiens,Kidney,Biopsy,Negative,FTICR,MALDI
2020-06-05_02h02m02s,20200603_dv_nedc_80c_test_cycles_20_1,Homo sapiens,Kidney,Biopsy,Negative,FTICR,MALDI
2020-06-05_02h02m31s,20200603_dv_nedc_80c_test_cycles_20_2,Homo sapiens,Kidney,Biopsy,Negative,FTICR,MALDI
2020-06-05_02h05m26s,20200603_dv_nedc_80c_test_cycles_20_3,Homo sapiens,Kidney,Biopsy,Negative,FTICR,MALDI
2020-06-05_13h36m40s,D9_naive_notfixed_2um_250x250px_A34_pos_rep1,Homo sapiens,Cells,,Positive,Orbitrap,MALDI
2020-06-09_15h44m32s,D9_LPS_notfixed_5um_150x150px_A33_pos_rep2,Homo sapiens,Cells,,Positive,Orbitrap,MALDI
2020-06-09_15h48m42s,D9_LPS_notfixed_1.5um_250x250px_A35_pos_rep2,Homo sapiens,Cells,,Positive,Orbitrap,MALDI
2020-06-10_16h39m53s,D9_naive_notfixed_3um_250x250px_A35_pos_rep2,Homo sapiens,Cells,,Positive,Orbitrap,Prototype
2020-06-10_16h44m30s,D9_naive_notfixed_5um_150x150px_A33_pos_rep2,Homo sapiens,Cells,,Positive,Orbitrap,Prototype
2020-06-11_10h59m01s,D9_naive_notfixed_1.5um_250x250px_A35_pos_rep2,Homo sapiens,Cells,,Positive,Orbitrap,MALDI
2020-06-12_11h31m43s,D9_LPS_notfixed_1.5um_250x250px_A35_pos_rep3,Homo sapiens,Cells,,Positive,Orbitrap,MALDI
2020-06-12_11h32m24s,D9_LPS_notfixed_5um_150x150px_A33_pos_rep3,Homo sapiens,Cells,,Positive,Orbitrap,MALDI
2020-06-13_16h57m53s,D9_naive_notfixed_5um_150x150px_A33_pos_rep3,Homo sapiens,Cells,,Positive,Orbitrap,Prototype
2020-06-15_21h42m43s,20200610_dv_17635_002_1,Homo sapiens,Kidney,Biopsy,Negative,FTICR,MALDI
2020-06-15_21h46m07s,20200610_dv_17635_002_2,Homo sapiens,Kidney,Biopsy,Negative,FTICR,MALDI
2020-06-15_22h04m19s,20200610_dv_17635_002_4,Homo sapiens,Kidney,Biopsy,Negative,FTICR,MALDI
2020-06-15_22h11m27s,20200610_dv_17635_004_1,Homo sapiens,Kidney,Biopsy,Negative,FTICR,MALDI
2020-06-15_22h11m57s,20200610_dv_17635_004_2,Homo sapiens,Kidney,Biopsy,Negative,FTICR,MALDI
2020-06-15_22h17m43s,20200610_dv_17635_004_3,Homo sapiens,Kidney,Biopsy,Negative,FTICR,MALDI
2020-06-15_22h34m40s,20200610_dv_17635_005_1,Homo sapiens,Kidney,Biopsy,Negative,FTICR,MALDI
2020-06-15_22h38m16s,20200610_dv_17635_005_2,Homo sapiens,Kidney,Biopsy,Negative,FTICR,MALDI
2020-06-15_22h44m42s,20200610_dv_17635_005_3,Homo sapiens,Kidney,Biopsy,Negative,FTICR,MALDI
2020-06-17_16h28m29s,C12_naive_notfixed_5um_150x150px_A33_pos_rep1,Homo sapiens,Cells,,Positive,Orbitrap,Prototype
2020-06-17_23h12m32s,D9_naive_notfixed_2um_250x250px_A34_pos_rep3,Homo sapiens,Cells,,Positive,Orbitrap,Prototype
2020-06-17_23h20m50s,D9_naive_notfixed_3um_250x250px_A34_pos_rep3,Homo sapiens,Cells,,Positive,Orbitrap,Prototype
2020-06-18_00h29m19s,20200610_dv_17635_002_1,Homo sapiens,Kidney,Biopsy,Negative,FTICR,MALDI
2020-06-18_00h32m12s,20200610_dv_17635_002_2,Homo sapiens,Kidney,Biopsy,Negative,FTICR,MALDI
2020-06-18_00h37m15s,20200610_dv_17635_002_3,Homo sapiens,Kidney,Biopsy,Negative,FTICR,MALDI
2020-06-18_00h53m54s,20200610_dv_17635_004_1,Homo sapiens,Kidney,Biopsy,Negative,FTICR,MALDI
2020-06-18_00h54m32s,20200610_dv_17635_004_2,Homo sapiens,Kidney,Biopsy,Negative,FTICR,MALDI
2020-06-18_00h57m17s,20200610_dv_17635_004_3,Homo sapiens,Kidney,Biopsy,Negative,FTICR,MALDI
2020-06-18_01h14m53s,20200610_dv_17635_005_1,Homo sapiens,Kidney,Biopsy,Negative,FTICR,MALDI
2020-06-18_01h19m01s,20200610_dv_17635_005_2,Homo sapiens,Kidney,Biopsy,Negative,FTICR,MALDI
2020-06-18_01h23m57s,20200610_dv_17635_005_4,Homo sapiens,Kidney,Biopsy,Negative,FTICR,MALDI
2020-06-18_09h57m09s,C12_LPS_notfixed_5um_150x150px_A33_pos_rep1,Homo sapiens,Cells,,Positive,Orbitrap,Prototype
2020-06-18_10h04m30s,C12_LPS_notfixed_3um_250x250px_A34_pos_rep1,Homo sapiens,Cells,,Positive,Orbitrap,Prototype
2020-06-19_14h25m04s,C12_LPS_notfixed_5um_150x150px_A33_pos_rep2,Homo sapiens,Cells,,Positive,Orbitrap,MALDI
2020-06-19_14h28m34s,C12_LPS_notfixed_3um_250x250px_A34_pos_rep2,Homo sapiens,Cells,,Positive,Orbitrap,MALDI
2020-06-22_11h20m19s,C12_naive_notfixed_3um_250x250px_A34_pos_rep2,Homo sapiens,Cells,,Positive,Orbitrap,Prototype
2020-06-22_11h30m55s,C12_naive_notfixed_2um_250x250px_A34_pos_rep2,Homo sapiens,Cells,,Positive,Orbitrap,Prototype
2020-06-23_15h01m43s,C12_LPS_notfixed_5um_150x150px_A33_pos_rep3,Homo sapiens,Cells,,Positive,Orbitrap,MALDI
2020-06-23_15h04m56s,C12_LPS_notfixed_3um_250x250px_A34_pos_rep3,Homo sapiens,Cells,,Positive,Orbitrap,MALDI
2020-06-23_21h06m51s,20200622_jl_17635_001_1,Homo sapiens,Kidney,Biopsy,Negative,FTICR,MALDI
2020-06-23_21h07m16s,20200622_jl_17635_001_2,Homo sapiens,Kidney,Biopsy,Negative,FTICR,MALDI
2020-06-23_21h08m46s,20200622_jl_17635_001_3,Homo sapiens,Kidney,Biopsy,Negative,FTICR,MALDI
2020-06-23_21h25m37s,20200622_jl_17635_002_2,Homo sapiens,Kidney,Biopsy,Negative,FTICR,MALDI
2020-06-23_21h30m35s,20200622_jl_17635_002_4,Homo sapiens,Kidney,Biopsy,Negative,FTICR,MALDI
2020-06-23_22h07m14s,20200622_jl_17635_005_1,Homo sapiens,Kidney,Biopsy,Negative,FTICR,MALDI
2020-06-23_22h14m56s,20200622_jl_17635_005_2,Homo sapiens,Kidney,Biopsy,Negative,FTICR,MALDI
2020-06-23_22h16m27s,20200622_jl_17635_005_3,Homo sapiens,Kidney,Biopsy,Negative,FTICR,MALDI
2020-06-24_13h06m58s,C12_naive_notfixed_5um_150x150px_A33_pos_rep3,Homo sapiens,Cells,,Positive,Orbitrap,Prototype
2020-06-24_13h07m45s,C12_naive_notfixed_2um_250x250px_A34_pos_rep3,Homo sapiens,Cells,,Positive,Orbitrap,Prototype
2020-06-26_12h21m52s,E2_naive_notfixed_3um_250x250px_A34_pos_rep1,Homo sapiens,Cells,,Positive,Orbitrap,Prototype
2020-06-26_12h26m08s,E2_LPS_notfixed_2um_250x250px_A34_pos_rep1,Homo sapiens,Cells,,Positive,Orbitrap,Prototype
2020-06-26_14h37m59s,E2_LPS_notfixed_5um_150x150px_A33_pos_rep1,Homo sapiens,Cells,,Positive,Orbitrap,Prototype
2020-06-26_20h24m51s,05142018_neg_mouseembryo_WT_238_5_left,Mus musculus,Embryo,Wildtype,Negative,Orbitrap,DESI
2020-06-26_20h30m48s,Embryo-null-295-28,Mus musculus,Embryo,Null,Negative,Orbitrap,DESI
2020-06-29_09h25m03s,E2_naive_notfixed_2um_250x250px_A34_pos,Homo sapiens,Cells,,Positive,Orbitrap,MALDI
2020-06-30_09h06m36s,E2_naive_notfixed_1.5um_250x250px_A35_pos,Homo sapiens,Cells,,Positive,Orbitrap,MALDI
2020-07-01_11h31m40s,E2_LPS_notfixed_2um_250x250px_A34_pos_rep2,Homo sapiens,Cells,,Positive,Orbitrap,MALDI
2020-07-02_09h39m51s,E2_naive_notfixed_5um_150x150px_A33_pos_rep2,Homo sapiens,Cells,,Positive,Orbitrap,Prototype
2020-07-02_09h43m33s,E2_naive_notfixed_2um_250x250px_A34_pos_rep2,Homo sapiens,Cells,,Positive,Orbitrap,Prototype
2020-07-02_13h38m50s,E2_LPS_notfixed_5um_150x150px_A33_pos_rep2,Homo sapiens,Cells,,Positive,Orbitrap,Prototype
2020-07-03_13h31m36s,E2_LPS_notfixed_3um_250x250px_A33_pos_rep3,Homo sapiens,Cells,,Positive,Orbitrap,Prototype
2020-07-03_14h04m22s,E2_LPS_notfixed_5um_150x150px_A33_pos_rep3,Homo sapiens,Cells,,Positive,Orbitrap,Prototype
2020-07-07_11h19m57s,D9_naive-and-LPS_5um_stitched_6xrep_each_150x150px_A33_pos,Homo sapiens,Cells,,Positive,Orbitrap,Prototype
2020-07-07_22h44m09s,20200706_jl_kidney_nedc_negmode_001_1,Homo sapiens,Kidney,Biopsy,Negative,FTICR,MALDI
2020-07-07_22h48m44s,20200706_jl_kidney_nedc_negmode_001_2,Homo sapiens,Kidney,Biopsy,Negative,FTICR,MALDI
2020-07-07_22h56m20s,20200706_jl_kidney_nedc_negmode_001_3,Homo sapiens,Kidney,Biopsy,Negative,FTICR,MALDI
2020-07-07_23h15m15s,20200706_jl_kidney_nedc_negmode_002_1,Homo sapiens,Kidney,Biopsy,Negative,FTICR,MALDI
2020-07-07_23h15m33s,20200706_jl_kidney_nedc_negmode_002_2,Homo sapiens,Kidney,Biopsy,Negative,FTICR,MALDI
2020-07-07_23h15m53s,20200706_jl_kidney_nedc_negmode_002_3,Homo sapiens,Kidney,Biopsy,Negative,FTICR,MALDI
2020-07-07_23h29m46s,20200706_jl_kidney_nedc_negmode_004_1,Homo sapiens,Kidney,Biopsy,Negative,FTICR,MALDI
2020-07-07_23h30m35s,20200706_jl_kidney_nedc_negmode_004_2,Homo sapiens,Kidney,Biopsy,Negative,FTICR,MALDI
2020-07-07_23h34m13s,20200706_jl_kidney_nedc_negmode_004_3,Homo sapiens,Kidney,Biopsy,Negative,FTICR,MALDI
2020-07-07_23h47m41s,20200706_jl_kidney_nedc_negmode_005_1,Homo sapiens,Kidney,Biopsy,Negative,FTICR,MALDI
2020-07-07_23h55m11s,20200706_jl_kidney_nedc_negmode_005_2,Homo sapiens,Kidney,Biopsy,Negative,FTICR,MALDI
2020-07-07_23h55m45s,20200706_jl_kidney_nedc_negmode_005_4,Homo sapiens,Kidney,Biopsy,Negative,FTICR,MALDI
2020-07-10_22h06m25s,20200709_jl_lungmap_lung_1,Homo sapiens,Lung,Biopsy,Positive,FTICR,MALDI
2020-07-10_23h05m18s,20200709_jl_lungmap_lung_2,Homo sapiens,Lung,Biopsy,Positive,FTICR,MALDI
2020-07-10_23h05m50s,20200709_jl_lungmap_lung_3,Homo sapiens,Lung,Biopsy,Positive,FTICR,MALDI
2020-07-10_23h06m21s,20200709_jl_lungmap_lung_4,Homo sapiens,Lung,Biopsy,Positive,FTICR,MALDI
2020-07-10_23h06m56s,20200709_jl_lungmap_lung_5,Homo sapiens,Lung,Biopsy,Positive,FTICR,MALDI
2020-07-15_11h42m12s,OX1_LPS_notfixed_5um_150x150px_A33_pos_rep1,Homo sapiens,Cells,,Positive,Orbitrap,Prototype
2020-07-15_11h42m50s,OX1_LPS_notfixed_3um_250x250px_A34_pos_rep1,Homo sapiens,Cells,,Positive,Orbitrap,Prototype
2020-07-15_11h43m33s,OX1_naive_notfixed_5um_150x150px_A33_pos_rep1,Homo sapiens,Cells,,Positive,Orbitrap,Prototype
2020-07-15_11h48m44s,OX1_naive_notfixed_3um_250x250px_A34_pos_rep1,Homo sapiens,Cells,,Positive,Orbitrap,Prototype
2020-07-15_16h55m05s,20200709_jl_lung_6,Homo sapiens,Lung,Biopsy,Positive,FTICR,MALDI
2020-07-15_16h55m42s,20200709_jl_lung_7,Homo sapiens,Lung,Biopsy,Positive,FTICR,MALDI
2020-07-15_16h56m26s,20200709_jl_lung_8,Homo sapiens,Lung,Biopsy,Positive,FTICR,MALDI
2020-07-15_16h57m07s,20200709_jl_lung_9,Homo sapiens,Lung,Biopsy,Positive,FTICR,MALDI
2020-07-15_16h57m51s,20200709_jl_lung_10,Homo sapiens,Lung,Biopsy,Positive,FTICR,MALDI
2020-07-15_16h58m35s,20200709_jl_lung_11,Homo sapiens,Lung,Biopsy,Positive,FTICR,MALDI
2020-07-15_16h59m27s,20200709_jl_lung_12,Homo sapiens,Lung,Biopsy,Positive,FTICR,MALDI
2020-07-17_15h42m34s,OX1_naive_notfixed_3um_250x250px_A34_pos_rep2,Homo sapiens,Cells,,Positive,Orbitrap,Prototype
2020-07-17_15h44m54s,OX1_LPS_notfixed_5um_150x150px_A33_pos_rep2,Homo sapiens,Cells,,Positive,Orbitrap,Prototype
2020-07-17_15h45m26s,OX1_LPS_notfixed_2um_250x250px_A34_pos_rep2,Homo sapiens,Cells,,Positive,Orbitrap,Prototype
2020-07-20_15h57m58s,OX1_LPS_notfixed_5um_150x150px_A33_pos_rep3,Homo sapiens,Cells,,Positive,Orbitrap,MALDI
2020-07-20_16h03m42s,OX1_LPS_notfixed_3um_250x250px_A34_pos_rep3,Homo sapiens,Cells,,Positive,Orbitrap,MALDI
2020-08-11_11h05m54s,Brain 8_24 hours_neg,Mus musculus,Brain,Wildtype,Negative,Orbitrap,DESI
2020-08-11_14h47m17s,Brain 8_24 hours_pos,Mus musculus,Brain,Wildtype,Positive,Orbitrap,DESI
2020-08-11_14h50m21s,Brain 5_2 hours_neg,Mus musculus,Brain,Wildtype,Negative,Orbitrap,DESI
2020-08-11_15h00m06s,Brain 9_2 hours_pos,Mus musculus,Brain,Wildtype,Positive,Orbitrap,DESI
2020-08-11_15h03m07s,Brain 4_6 hours_neg,Mus musculus,Brain,Wildtype,Negative,Orbitrap,DESI
2020-08-11_15h11m00s,Brain 4_6 hours_pos,Mus musculus,Brain,Wildtype,Positive,Orbitrap,DESI
2020-08-11_15h13m26s,Brain 19_ 5 days_neg,Mus musculus,Brain,Wildtype,Negative,Orbitrap,DESI
2020-08-11_15h14m21s,Brain 19_5 days_pos,Mus musculus,Brain,Wildtype,Positive,Orbitrap,DESI
2020-08-11_15h16m00s,Brain 25_20 days_neg,Mus musculus,Brain,Wildtype,Negative,Orbitrap,DESI
2020-08-11_15h16m52s,Brain 25_20 days_pos,Mus musculus,Brain,Wildtype,Positive,Orbitrap,DESI
2020-08-14_08h53m17s,Brain 8_24 hours_neg,Mus musculus,Brain,Wildtype,Negative,Orbitrap,DESI
2020-08-24_21h27m43s,Brain 5_2 hours_pos,Mus musculus,Brain,Wildtype,Positive,Orbitrap,DESI
2020-08-24_21h46m56s,Brain 21_ 20 days_pos,Mus musculus,Brain,Wildtype,Positive,Orbitrap,DESI
2020-08-24_21h51m40s,Brain7_ 24 hours_ neg,Mus musculus,Brain,Wildtype,Negative,Orbitrap,DESI
2020-08-24_21h54m48s,Brain 1_6 hours_neg,Mus musculus,Brain,Wildtype,Negative,Orbitrap,DESI
2020-08-24_21h55m49s,Brain 18_5 days_pos,Mus musculus,Brain,Wildtype,Positive,Orbitrap,DESI
2020-08-24_22h07m54s,Brain 16_5 days_neg,Mus musculus,Brain,Wildtype,Negative,Orbitrap,DESI
2020-08-25_00h12m08s,telogen_2_3_10umres_500ms_08.23.2020 - no normalization,Mus musculus,Skin,Telogen,Positive,FTICR,MALDI
2020-08-25_12h39m59s,Brain 13_24 hours_pos,Mus musculus,Brain,Wildtype,Positive,Orbitrap,DESI
2020-08-25_12h45m00s,Brain 1_6 hours_pos,Mus musculus,Brain,Wildtype,Positive,Orbitrap,DESI
2020-08-25_13h20m10s,Aim 2_ Knock out_test,Mus musculus,Brain,Wildtype,Negative,Orbitrap,DESI
2020-08-28_22h10m30s,20200826_jl_kidney_brukercomp_1,Homo sapiens,Kidney,Biopsy,Positive,FTICR,MALDI
2020-08-28_22h18m01s,20200826_jl_kidney_brukercomp_2,Homo sapiens,Kidney,Biopsy,Positive,FTICR,MALDI
2020-08-28_22h26m39s,20200826_jl_kidney_brukercomp_3,Homo sapiens,Kidney,Biopsy,Positive,FTICR,MALDI
2020-08-28_22h38m52s,20200826_jl_kidney_brukercomp_4,Homo sapiens,Kidney,Biopsy,Positive,FTICR,MALDI
2020-09-01_10h04m59s,FullBrain_Norh_neg,Mus musculus,Brain,Wtype,Negative,Orbitrap,AP-MALDI
2020-09-03_09h05m00s,20200902_FullBrain_Norh_pos,Mus musculus,Brain,Wtype,Positive,Orbitrap,AP-MALDI
2020-09-03_09h45m19s,20200902_FullBrain_Norh_pos,Mus musculus,Brain,Wtype,Positive,Orbitrap,AP-MALDI
2020-09-03_16h30m20s,FullBrain_Norh_pos_64,Mus musculus,Brain,Wtype,Positive,Orbitrap,AP-MALDI
2020-09-13_22h32m24s,2020-09-11_BrainSpOmics_M1S6_nedc_neg_501x576_10ss_29AT,Mus musculus,Brain,Wildtype,Negative,Orbitrap,MALDI
2020-09-19_00h26m26s,2 25 2020 pnnl kidney dhb slide 1,Homo sapiens,Kidney,Biopsy,Positive,TOF,MALDI
2020-09-20_00h00m38s,Epig_Slid1-CtrlVeh2-S1_30UM_09142020-Centroid,Mixed,Kidney,,Negative,Orbitrap,MALDI
2020-09-20_00h09m39s,Epig_Slid1-Epi-Epi-ZDF-Losrt-8-s1_30UM_09142020-CENTROID,Mixed,Kidney,,Negative,Orbitrap,MALDI
2020-09-20_00h41m24s,Epig_Slid1-Epi-ZDF-Veh-22-s1_30UM_09142020-CENTROID,Mixed,Kidney,,Negative,Orbitrap,MALDI
2020-09-20_01h24m25s,Epig_Slid1-CtrlVeh2-S6_20UM_09142020-CENTROID,Mixed,Kidney,,Negative,Orbitrap,MALDI
2020-09-21_14h39m02s,2020-09-18_BrainSpOmics_M1S5nedc_neg_491x653_10ss_29AT,Mus musculus,Brain,Wildtype,Negative,Orbitrap,MALDI
2020-09-21_22h18m26s,20200918_jl_lungmap_test_baylor_slide3_2,Homo sapiens,Lung,,Positive,FTICR,MALDI
2020-09-21_22h38m25s,20200918_jl_lungmap_test_baylor_slide3_2,Homo sapiens,Lung,,Positive,FTICR,MALDI
2020-09-21_23h02m25s,20200918_jl_lungmap_test_baylor_slide3_3,Homo sapiens,Lung,,Positive,FTICR,MALDI
2020-09-21_23h56m20s,20200918_jl_lungmap_test_baylor_slide3_4,Homo sapiens,Lung,,Positive,FTICR,MALDI
2020-09-24_09h18m37s,20200923_Brain_Hip_DAN_neg_i,Mus musculus,Brain,Wtype,Negative,Orbitrap,AP-MALDI
2020-09-24_14h43m10s,20200924_Brain_Cer_DAN_neg_ii,Mus musculus,Brain,Wtype,Negative,Orbitrap,AP-MALDI
2020-09-24_23h45m35s,20200923_jl_kidney_negmode_nedc_005_1,Homo sapiens,Kidney,Biopsy,Negative,FTICR,MALDI
2020-09-24_23h46m12s,20200923_jl_kidney_negmode_nedc_005_2,Homo sapiens,Kidney,Biopsy,Negative,FTICR,MALDI
2020-09-24_23h46m36s,20200923_jl_kidney_negmode_nedc_005_3,Homo sapiens,Kidney,Biopsy,Negative,FTICR,MALDI
2020-09-28_14h23m45s,20200928_Brain_Cer_DAN_w_neg_i,Homo sapiens,Brain,Wtype,Negative,Orbitrap,AP-MALDI
2020-09-29_08h10m05s,20200928_Brain_Cer_DAN_w_neg_ii,Mus musculus,Brain,Wtype,Negative,Orbitrap,AP-MALDI
2020-09-29_08h19m45s,20200928_Brain_Hip_DAN_w_neg_ii,Mus musculus,Brain,Wtype,Negative,Orbitrap,AP-MALDI
2020-09-29_10h31m00s,20200929_Brain_Cer_DAN90_pos_i,Mus musculus,Brain,Wtype,Positive,Orbitrap,AP-MALDI
2020-09-29_12h44m07s,20200929_Brain_Cer_DANtfa_pos_i,Mus musculus,Brain,Wtype,Positive,Orbitrap,AP-MALDI
2020-09-30_08h33m44s,20200929_Brain_Hip_DAN__TFA_pos_i,Mus musculus,Brain,Wtype,Positive,Orbitrap,AP-MALDI
2020-09-30_12h18m01s,20200930_Brain_Cer_DAN_TFA_pos_ii,Mus musculus,Brain,Wtype,Positive,Orbitrap,AP-MALDI
2020-10-01_08h16m14s,20200930_Brain_Hip_DAN_pos_i,Mus musculus,Brain,Wtype,Positive,Orbitrap,AP-MALDI
2020-10-02_11h04m40s,Human CEA Patient K - section 8,Homo sapiens,Artery,Diseased,Positive,12T FTICR,MALDI
2020-10-06_13h09m16s,20201006_Brain_Cer_DANw_pos_i,Mus musculus,Brain,Wtype,Positive,Orbitrap,AP-MALDI
2020-10-06_14h23m30s,20201006_Brain_Cer_THAPme_pos_i,Mus musculus,Brain,Wtype,Positive,Orbitrap,AP-MALDI
2020-10-06_16h24m45s,20201006_Brain_Cer_THAPacn_pos_i,Mus musculus,Brain,Wtype,Positive,Orbitrap,AP-MALDI
2020-10-07_08h44m10s,20201006_Brain_Hip_DAN_w_pos_i,Mus musculus,Brain,Wtype,Positive,Orbitrap,AP-MALDI
2020-10-07_14h35m23s,20200928_Brain_Cer_DAN_neg_i,Mus musculus,Brain,Wtype,Negative,Orbitrap,AP-MALDI
2020-10-07_14h37m17s,20201007_Brain_Cer_DAN70_pos_i,Mus musculus,Brain,Wtype,Positive,Orbitrap,AP-MALDI
2020-10-07_15h53m30s,20201007_Brain_Cer_DANhfba_pos_i,Mus musculus,Brain,Wtype,Positive,Orbitrap,AP-MALDI
2020-10-07_16h39m47s,20201007_Brain_Cer_THAPnS_pos_i,Mus musculus,Brain,Wtype,Positive,Orbitrap,AP-MALDI
2020-10-08_08h54m35s,20201007_Brain_Cer_DAN70_pos_i,Mus musculus,Brain,Wtype,Positive,Orbitrap,AP-MALDI
2020-10-08_17h42m05s,10 5 2020 pnnl kidney 10 micron dhb 2,Homo sapiens,Kidney,Biopsy,Positive,TOF,MALDI
2020-10-08_19h59m11s,10 5 2020 pnnl kidney 10 micron dhb 3,Homo sapiens,Kidney,Biopsy,Positive,TOF,MALDI
2020-10-08_20h37m32s,20200923_jl_kidney_negmode_nedc_004_1_redo,Homo sapiens,Kidney,Biopsy,Positive,TOF,MALDI
2020-10-09_00h27m01s,10 5 2020 pnnl kidney 10 micron dhb 4,Homo sapiens,Kidney,Biopsy,Positive,timsTOF Flex,MALDI
2020-10-15_15h44m20s,20201015_Brain_Cer_HCCA_pos_ii,Mus musculus,Brain,Wtype,Positive,Orbitrap,AP-MALDI
2020-10-15_17h41m49s,20201015_Brain_Cer_THAP_pos_i,Mus musculus,Brain,Wtype,Positive,Orbitrap,AP-MALDI
2020-10-16_08h43m25s,20201015_Brain_Hip_THAP_pos_i,Mus musculus,Brain,Wtype,Positive,Orbitrap,AP-MALDI
2020-10-19_08h32m13s,20201016_Brain_Hip_HCCA_pos_i,Mus musculus,Brain,Wtype,Positive,Orbitrap,AP-MALDI
2020-10-19_09h37m39s,20201019_Brain_CerSmall_HCCA_pos_i,Mus musculus,Brain,Wtype,Positive,Orbitrap,AP-MALDI
2020-10-19_10h34m52s,20201019_Brain_Cer_THAP_pos_ii,Mus musculus,Brain,Wtype,Positive,Orbitrap,AP-MALDI
2020-11-03_17h04m35s,2020-10_02_BrainSpOmics_M2S7_nedc_neg_538x671_10ss_29AT,Mus musculus,Brain,Wildtype,Negative,Orbitrap,MALDI
2020-11-06_21h04m07s,20201105_jl_lungmap_slide2_1_redo,Homo sapiens,Lung,Biopsy,Positive,FTICR,MALDI
2020-11-06_21h38m39s,20201105_jl_lungmap_slide2_2,Homo sapiens,Lung,Biopsy,Positive,FTICR,MALDI
2020-11-12_00h16m07s,20201110_jl_lungmap_slide1_1,Homo sapiens,Lung,Biopsy,Positive,FTICR,MALDI
2020-11-12_20h48m57s,20201110_jl_lungmap_slide1_2,Homo sapiens,Lung,Biopsy,Positive,FTICR,MALDI
2020-11-16_10h33m20s,case3-27_V1_pos,Homo sapiens,Brain,Healthy,Positive,Orbitrap,MALDI
2020-11-16_11h12m42s,case3-47_CoS_pos,Homo sapiens,Brain,Healthy,Positive,Orbitrap,MALDI
2020-11-16_11h13m38s,case3-47_V1_pos,Homo sapiens,Brain,Healthy,Positive,Orbitrap,MALDI
2020-11-16_11h15m09s,case3-37_MFS_pos,Homo sapiens,Brain,Healthy,Positive,Orbitrap,MALDI
2020-11-16_11h18m12s,case4-27_V1_pos,Homo sapiens,Brain,Healthy,Positive,Orbitrap,MALDI
2020-11-16_11h21m21s,case4-37_CoS_pos,Homo sapiens,Brain,Healthy,Positive,Orbitrap,MALDI
2020-11-16_11h23m40s,case4-47_MFS_pos,Homo sapiens,Brain,Healthy,Positive,Orbitrap,MALDI
2020-11-18_20h19m26s,20201117_jl_lungmap_agarose_1,Homo sapiens,Lung,Biopsy,Positive,FTICR,MALDI
2020-11-18_20h21m56s,20201117_jl_lungmap_agarose_2,Homo sapiens,Lung,Biopsy,Positive,FTICR,MALDI
2020-11-18_20h23m01s,20201117_jl_lungmap_agarose_3,Homo sapiens,Lung,Biopsy,Positive,FTICR,MALDI
2020-11-18_20h24m12s,20201117_jl_lungmap_agarose_4,Homo sapiens,Lung,Biopsy,Positive,FTICR,MALDI
2020-11-18_21h50m45s,20201117_jl_lungmap_hydrogel_1,Homo sapiens,Lung,Biopsy,Positive,FTICR,MALDI
2020-11-18_21h53m36s,20201117_jl_lungmap_hydrogel_2,Homo sapiens,Lung,Biopsy,Positive,FTICR,MALDI
2020-11-25_19h14m31s,S-2006-004769_1_S1_SM_Neg_20201124_AP,Homo sapiens,Kidney,Frozen,Negative,Orbitrap,MALDI
2020-11-25_19h20m21s,S-2006-004769_2_S1_SM_Neg_20201124_AP,Homo sapiens,Kidney,Frozen,Negative,Orbitrap,MALDI
2020-11-25_23h38m37s,S-2006-004769_4_S1_SM_Neg_20201124_AP,Homo sapiens,Kidney,Frozen,Negative,Orbitrap,MALDI
2020-11-25_23h45m36s,S-2006-004769_5_S1_SM_Neg_20201124_AP,Homo sapiens,Kidney,Frozen,Negative,Orbitrap,MALDI
2020-11-29_20h27m30s,1999_129T_POS,Homo sapiens,Ovary,Cancer,Positive,Orbitrap,IR-MALDESI
2020-11-29_20h32m07s,1999_129T_NEG,Homo sapiens,Ovary,Cancer,Negative,Orbitrap,IR-MALDESI
2020-12-01_20h16m05s,20201201_Brain_Cer_HCCA_pos_i,Mus musculus,Brain,Wtype,Positive,Orbitrap,AP-MALDI
2020-12-01_20h18m05s,20201201_Brain_Cer_HCCA_pos_i,Mus musculus,Brain,Wtype,Positive,Orbitrap,AP-MALDI
2020-12-01_22h59m24s,20201130_jl_lungmap_agarose_1,Homo sapiens,Lung,Wtype,Positive,FTICR,MALDI
2020-12-01_23h07m25s,20201130_jl_lungmap_agarose_2,Homo sapiens,Lung,Wtype,Positive,FTICR,MALDI
2020-12-02_00h36m31s,20201130_jl_lungmap_hpmc_3,Homo sapiens,Lung,Wtype,Positive,FTICR,MALDI
2020-12-02_21h31m00s,20201130_jl_lungmap_cmc_1,Homo sapiens,Lung,Wtype,Positive,FTICR,MALDI
2020-12-03_00h07m09s,20201130_jl_lungmap_cmc_2,Homo sapiens,Lung,Wtype,Positive,FTICR,MALDI
2020-12-03_18h35m23s,S-2006-004769-2_Sec3_S1_lip_pos_20201202_jl,Homo sapiens,Kidney,Biopsy,Positive,FTICR,MALDI
2020-12-03_18h37m09s,S-2006-004769-2_Sec5_S1_lip_pos_20201202_jl,Homo sapiens,Kidney,Biopsy,Positive,FTICR,MALDI
2020-12-03_18h45m40s,S-2006-004769-2_Sec7_S1_lip_pos_20201202_jl,Homo sapiens,Kidney,Biopsy,Positive,FTICR,MALDI
2020-12-03_19h22m16s,S-2006-004769-2_Sec1_S1_lip_pos_20201202_jl2_slide1_50um_1,Homo sapiens,Kidney,Biopsy,Positive,FTICR,MALDI
2020-12-03_19h24m24s,S-2006-004769-2_Sec2_S1_lip_pos_20201202_jl,Homo sapiens,Kidney,Biopsy,Positive,FTICR,MALDI
2020-12-04_18h37m03s,S-2006-004769_1_S1_SM_Neg_20201203_AP,Homo sapiens,Kidney,Frozen,Negative,Orbitrap,MALDI
2020-12-04_18h52m45s,S-2006-004769_2_S1_SM_Neg_20201203_AP,Homo sapiens,Kidney,Frozen,Negative,Orbitrap,MALDI
2020-12-04_19h16m17s,S-2006-004769_3_S1_SM_Neg_20201203_AP,Homo sapiens,Kidney,Frozen,Negative,Orbitrap,MALDI
2020-12-04_21h29m00s,S-2006-004769-2_Sec13_S3_lip_pos_20201203_jl,Homo sapiens,Kidney,Biopsy,Positive,FTICR,MALDI
2020-12-04_21h34m48s,S-2006-004769-2_Sec14_S3_lip_pos_20201203_jl,Homo sapiens,Kidney,Biopsy,Positive,FTICR,MALDI
2020-12-04_21h45m49s,S-2006-004769-2_Sec15_S3_lip_pos_20201203_jl,Homo sapiens,Kidney,Biopsy,Positive,FTICR,MALDI
2020-12-04_21h52m25s,S-2006-004769-2_Sec16_S3_lip_pos_20201203_jl,Homo sapiens,Kidney,Biopsy,Positive,FTICR,MALDI
2020-12-04_21h59m12s,S-2006-004769-2_Sec17_S3_lip_pos_20201203_jl,Homo sapiens,Kidney,Biopsy,Positive,FTICR,MALDI
2020-12-04_22h06m42s,S-2006-004769-2_Sec18_S3_lip_pos_20201203_jl,Homo sapiens,Kidney,Biopsy,Positive,FTICR,MALDI
2020-12-05_14h49m21s,S-2006-004769_1_S4_SM_Neg_20201204_AP,Homo sapiens,Kidney,Biopsy,Negative,Orbitrap,MALDI
2020-12-05_14h54m27s,S-2006-004769_2_S4_SM_Neg_20201204_AP,Homo sapiens,Kidney,Biopsy,Negative,Orbitrap,MALDI
2020-12-05_14h58m17s,S-2006-004769_3_S4_SM_Neg_20201204_AP,Homo sapiens,Kidney,Biopsy,Negative,Orbitrap,MALDI
2020-12-05_15h12m29s,S-2006-004769_1_S4_SM_Neg_20201125_AP,Homo sapiens,Kidney,Biopsy,Negative,Orbitrap,MALDI
2020-12-05_15h19m33s,S-2006-004769_2_S4_SM_Neg_20201125_AP,Homo sapiens,Kidney,Biopsy,Negative,Orbitrap,MALDI
2020-12-05_15h20m55s,S-2006-004769_3_S4_SM_Neg_20201125_AP,Homo sapiens,Kidney,Biopsy,Negative,Orbitrap,MALDI
2020-12-05_15h26m17s,S-2006-004769_4_S4_SM_Neg_20201125_AP,Homo sapiens,Kidney,Biopsy,Negative,Orbitrap,MALDI
2020-12-05_15h32m31s,S-2006-004769_5_S4_SM_Neg_20201125_AP,Homo sapiens,Kidney,Biopsy,Negative,Orbitrap,MALDI
2020-12-07_03h16m14s,2020-12-05_ME_X190_L1_Spotted_20umss_375x450_33at_DAN_Neg,Mus musculus,Liver,Healthy,Negative,Orbitrap,AP-SMALDI
2020-12-09_02h35m23s,S-2006-004769-2_Sec4_S2_lip_pos_20201203_dv,Homo sapiens,Kidney,biopsy _4769_#4,Positive,FTICR,MALDI
2020-12-09_02h36m29s,S-2006-004769-2_Sec6_S2_lip_pos_20201203_dv,Homo sapiens,Kidney,biopsy _4769_#6,Positive,FTICR,MALDI
2020-12-09_02h40m03s,S-2006-004769-2_Sec7_S2_lip_pos_20201203_dv,Homo sapiens,Kidney,biopsy _4769_#7,Positive,FTICR,MALDI
2020-12-09_02h41m05s,S-2006-004769-2_Sec8_S2_lip_pos_20201203_dv,Homo sapiens,Kidney,biopsy _4769_#8,Positive,FTICR,MALDI
2020-12-09_21h41m46s,S-2006-002191_1_S1_SM_Neg_20201207_AP,Homo sapiens,Kidney,,Negative,Orbitrap,MALDI
2020-12-09_21h47m14s,S-2006-002191_2_S1_SM_Neg_20201207_AP,Homo sapiens,Kidney,,Negative,Orbitrap,MALDI
2020-12-09_21h51m46s,S-2006-002191_3_S1_SM_Neg_20201207_AP,Homo sapiens,Kidney,,Negative,Orbitrap,MALDI
2020-12-09_21h57m28s,S-2006-002191_4_S1_SM_Neg_20201207_AP,Homo sapiens,Kidney,,Negative,Orbitrap,MALDI
2020-12-09_22h30m47s,S-2006-002097_2_S1_SM_Neg_20201207_AP,Homo sapiens,Kidney,,Negative,Orbitrap,MALDI
2020-12-09_22h34m32s,S-2006-002097_1_S1_SM_Neg_20201207_AP,Homo sapiens,Kidney,,Negative,Orbitrap,MALDI
2020-12-09_23h15m58s,S-2006-002191_1_S4_SM_Neg_20201208_AP,Homo sapiens,Kidney,,Negative,Orbitrap,MALDI
2020-12-09_23h20m46s,S-2006-002191_2_S4_SM_Neg_20201208_AP,Homo sapiens,Kidney,,Negative,Orbitrap,MALDI
2020-12-09_23h36m48s,S-2006-002191_3_S4_SM_Neg_20201208_AP,Homo sapiens,Kidney,,Negative,Orbitrap,MALDI
2020-12-10_20h26m38s,S-2006-004769-4_Sec1_S1_lip_pos_20201209,Homo sapiens,Kidney,Biopsy,Positive,FTICR,MALDI
2020-12-10_20h27m22s,S-2006-004769-4_Sec2_S1_lip_pos_20201209_jl,Homo sapiens,Kidney,Biopsy,Positive,FTICR,MALDI
2020-12-10_20h28m13s,S-2006-004769-4_Sec3_S1_lip_pos_20201209_jl,Homo sapiens,Kidney,Biopsy,Positive,FTICR,MALDI
2020-12-10_20h59m44s,S-2006-004769-4_Sec4_S1_lip_pos_20201209_jl,Homo sapiens,Kidney,Biopsy,Positive,FTICR,MALDI
2020-12-10_21h00m53s,S-2006-004769-4_Sec5_S1_lip_pos_20201209_jl,Homo sapiens,Kidney,Biopsy,Positive,FTICR,MALDI
2020-12-10_21h02m04s,S-2006-004769-4_Sec6_S1_lip_pos_20201209_jl,Homo sapiens,Kidney,Biopsy,Positive,FTICR,MALDI
2020-12-10_21h03m19s,S-2006-004769-4_Sec7_S1_lip_pos_20201209_jl,Homo sapiens,Kidney,Biopsy,Positive,FTICR,MALDI
2020-12-11_18h54m41s,S-2006-002191_4_S4_SM_Neg_20201208_AP,Homo sapiens,Kidney,,Negative,Orbitrap,MALDI
2020-12-11_19h22m09s,S-2006-002097_1_S4_SM_Neg_20201208_AP,Homo sapiens,Kidney,,Negative,Orbitrap,MALDI
2020-12-11_19h25m04s,S-2006-002097_2_S4_SM_Neg_20201208_AP,Homo sapiens,Kidney,,Negative,Orbitrap,MALDI
2020-12-11_19h31m26s,S-2006-002097_3_S4_SM_Neg_20201208_AP,Homo sapiens,Kidney,,Negative,Orbitrap,MALDI
2020-12-11_19h37m54s,S-2006-002097_4_S4_SM_Neg_20201208_AP,Homo sapiens,Kidney,,Negative,Orbitrap,MALDI
2020-12-13_23h08m12s,4769emb_S1_3_20um_12032020,Homo sapiens,Kidney,Frozen,Negative,Orbitrap,MALDI
2020-12-13_23h30m59s,4769emb test_PAS,Homo sapiens,Kidney,,Negative,Orbitrap,MALDI
2020-12-22_22h52m52s,20201221_jl_lung_poscomp_dhb_agarose1,Homo sapiens,Lung,Biopsy,Positive,FTICR,MALDI
2020-12-22_22h54m28s,20201221_jl_lung_poscomp_dhb_slide2_hpmc2,Homo sapiens,Lung,Biopsy,Positive,FTICR,MALDI
2020-12-22_23h01m23s,20201221_jl_lung_poscomp_dhb_slide2_agarose2,Homo sapiens,Lung,Biopsy,Positive,FTICR,MALDI
2020-12-22_23h04m28s,20201221_jl_lung_poscomp_dhb_cmc1,Homo sapiens,Lung,Biopsy,Positive,FTICR,MALDI
2020-12-22_23h09m43s,20201221_jl_lung_poscomp_dhb_slide2_cmc2,Homo sapiens,Lung,Biopsy,Positive,FTICR,MALDI
2020-12-22_23h17m29s,20201221_jl_lung_poscomp_dhb_hpmc1,Homo sapiens,Lung,Biopsy,Positive,FTICR,MALDI
2020-12-30_18h47m21s,S-2006-002191_Sec10_S2_lip_pos_20201229_jl,Homo sapiens,Kidney,Biopsy,Positive,FTICR,MALDI
2020-12-30_18h53m26s,S-2006-002191_Sec13_S2_lip_pos_20201229_jl,Homo sapiens,Kidney,Biopsy,Positive,FTICR,MALDI
2020-12-30_18h59m00s,S-2006-002191_Sec7_S2_lip_pos_20201229_jl,Homo sapiens,Kidney,Biopsy,Positive,FTICR,MALDI
2020-12-30_21h21m36s,20201230_jl_lungmap_nedc_optimization_slide3_agarose,Homo sapiens,Lung,Biopsy,Negative,FTICR,MALDI
2020-12-30_21h21m52s,20201230_jl_lungmap_nedc_optimization_slide3_cmc,Homo sapiens,Lung,Biopsy,Negative,FTICR,MALDI
2020-12-30_21h22m11s,20201230_jl_lungmap_nedc_optimization_slide3_hpmc,Homo sapiens,Lung,Biopsy,Negative,FTICR,MALDI
2021-01-04_00h06m06s,2000-75_N_POS,Homo sapiens,Bladder,Normal,Positive,Orbitrap,IR-MALDESI
2021-01-04_01h15m46s,2000-75T_POS,Homo sapiens,Bladder,Tumor,Positive,Orbitrap,IR-MALDESI
2021-01-04_01h22m59s,2000-75T_NEG,Homo sapiens,Bladder,Tumor,Negative,Orbitrap,IR-MALDESI
2021-01-04_01h31m01s,2000-75_N_NEG,Homo sapiens,Bladder,Normal,Negative,Orbitrap,IR-MALDESI
2021-01-07_21h06m23s,20210106_jl_lungmap_nedc_op_agarose_1,Homo sapiens,Lung,Biopsy,Negative,FTICR,MALDI
2021-01-07_21h06m53s,20210106_jl_lungmap_nedc_op_agarose_2,Homo sapiens,Lung,Biopsy,Negative,FTICR,MALDI
2021-01-07_21h32m02s,20210106_jl_lungmap_nedc_op_cmc,Homo sapiens,Lung,Biopsy,Negative,FTICR,MALDI
2021-01-07_21h49m14s,20210106_jl_lungmap_nedc_op_agarose2,Homo sapiens,Lung,Biopsy,Negative,FTICR,MALDI
2021-01-12_08h50m55s,20201201_Brain_Cer_THAP_pos_i,Mus musculus,Brain,Wtype,Positive,Orbitrap,AP-MALDI
2021-01-22_21h03m20s,20210121_MSLD1_section3_100K_50um_profile,Homo sapiens,Kidney,biopsy 17-635-005,Positive,FTICR,MALDI
2021-01-22_21h35m25s,20210121_MSLD1_section6_100K_20um_2nd_profile,Homo sapiens,Kidney,biopsy 17-635-005,Positive,FTICR,MALDI
2021-01-22_21h44m45s,20210121_MSLD1_section3_100K_50um_profile,Homo sapiens,Kidney,biopsy 17-635-005,Positive,FTICR,MALDI
2021-01-22_23h00m30s,kidney_50um_MALDI21T_100K_centroid,Homo sapiens,Kidney,biopsy 17-635-005,Positive,FTICR,MALDI
2021-01-22_23h48m17s,20210121_MSLD1_section6_100K_20um_2nd_centroid,Homo sapiens,Kidney,biopsy 17-635-005,Positive,FTICR,MALDI
2021-01-23_21h42m40s,Section3_50K_50um,Homo sapiens,Kidney,biopsy 17-635-005,Positive,FTICR,MALDI
2021-01-23_21h46m39s,Section6_MALDI2-100K_50um,Homo sapiens,Kidney,biopsy 17-635-005,Positive,FTICR,MALDI
2021-01-23_21h49m31s,Section8_MALDI2-100K_50um,Homo sapiens,Kidney,biopsy 17-635-005,Positive,FTICR,MALDI
2021-01-25_13h09m42s,20210123_Brain_Cer_DHB_pos_i,Mus musculus,Brain,Wtype,Positive,Orbitrap,AP-MALDI
2021-01-25_17h27m43s,20210125_Brain_Cer_DAN70_pos_i,Mus musculus,Brain,Wtype,Positive,Orbitrap,AP-MALDI
2021-02-01_09h02m00s,OX1_naive_notfixed_5um_150x150px_A33_neg_rep3,Homo sapiens,Cells,,Negative,Orbitrap,Prototype
2021-02-02_14h21m55s,20210202_Skin_DANtfa_pos_test1,Homo sapiens,Skin,Wtype,Positive,Orbitrap,AP-MALDI
2021-02-04_08h11m41s,OX1_naive_notfixed_5um_150x150px_A33_neg_rep1,Homo sapiens,Cells,,Negative,Orbitrap,Prototype
2021-02-04_14h37m14s,Brain01_Bregma1-42_01_centroid,Mus musculus,Brain,Wildtype,Positive,FTICR,MALDI
2021-02-04_17h49m19s,positive-XIII-82492-recalibrated,Homo sapiens,Brain,Glioblastoma,Positive,FTICR,MALDI
2021-02-04_21h07m50s,20210203_jl_lungmap_nedc_10cycle,Homo sapiens,Lung,Biopsy,Negative,FTICR,MALDI
2021-02-04_21h16m42s,20210203_jl_lungmap_nedc_12cycle,Homo sapiens,Lung,Biopsy,Negative,FTICR,MALDI
2021-02-04_21h50m29s,20210203_jl_lungmap_nedc_14cycle,Homo sapiens,Lung,Biopsy,Negative,FTICR,MALDI
2021-02-04_21h51m17s,20210203_jl_lungmap_nedc_14cycle_2,Homo sapiens,Lung,Biopsy,Negative,FTICR,MALDI
2021-02-04_21h51m53s,20210203_jl_lungmap_nedc_8cycle,Homo sapiens,Lung,Biopsy,Negative,FTICR,MALDI
2021-02-08_09h01m04s,OX1_LPS_notfixed_5um_150x150px_A33_neg_rep3,Homo sapiens,Cells,,Negative,Orbitrap,Prototype
2021-02-08_09h01m29s,OX1_LPS_notfixed_5um_150x150px_A33_neg_rep2,Homo sapiens,Cells,,Negative,Orbitrap,Prototype
2021-02-10_22h01m19s,20200505_HF_Att40_321x321_7um,Homo sapiens,Cells,Wildtype,Positive,Orbitrap,MALDI
2021-02-10_22h09m25s,20201805_HF_Att35_314x314_7um,Homo sapiens,Cells,Wildtype,Positive,Orbitrap,MALDI
2021-02-10_22h34m54s,20201905_HF_Att35_314x314_7um,Homo sapiens,Cells,Wildtype,Positive,Orbitrap,MALDI
2021-02-10_22h40m23s,20210203_jl_lungmap_nedc_14cycle_2,Homo sapiens,Lung,Biopsy,Negative,FTICR,MALDI
2021-02-11_10h43m26s,positive-XIV-82492-recalibrated,Homo sapiens,Brain,Glioblastoma,Positive,FTICR,MALDI
2021-02-11_17h52m24s,20200728_Correlative_Eq_Sh1_Ch_Sh2_Att20_5um_320x320,Homo sapiens,Cells,Wildtype,Positive,Orbitrap,MALDI
2021-02-11_18h35m05s,20210210_jl_lungmap_agarose_nedc_optimization_14cycles,Homo sapiens,Lung,Biopsy,Negative,FTICR,MALDI
2021-02-11_18h37m23s,20210210_jl_lungmap_agarose_nedc_optimization_16cycles,Homo sapiens,Lung,Biopsy,Negative,FTICR,MALDI
2021-02-11_18h43m21s,20210210_jl_lungmap_agarose_nedc_optimization_18cycles,Homo sapiens,Lung,Biopsy,Negative,FTICR,MALDI
2021-02-16_23h43m56s,20210121_MSLD1_section6_100K_20um_2nd_centroid_recal2,Homo sapiens,Kidney,biopsy 17-635-005,Positive,FTICR,MALDI
2021-02-17_01h27m23s,20210121_MSLD1_section6_100K_20um_2nd_centroid_recal,Homo sapiens,Kidney,biopsy 17-635-005,Positive,FTICR,MALDI
2021-02-18_00h36m58s,20210216_16gauge_newsectioning_01,Homo sapiens,Kidney,biopsy 16 gauge-test,Positive,FTICR,MALDI
2021-02-18_00h37m38s,20210216_16gauge_newsectioning_02,Homo sapiens,Kidney,biopsy 16 gauge-test,Positive,FTICR,MALDI
2021-02-18_00h38m05s,20210216_16gauge_newsectioning_03,Homo sapiens,Kidney,biopsy 16 gauge-test,Positive,FTICR,MALDI
2021-02-24_13h06m24s,E2_LPS_notfixed_5um_150x150px_A33_neg_rep2,Homo sapiens,Cells,,Negative,Orbitrap,Prototype
2021-03-04_23h29m12s,S-2006-002250_4_S1_lip_pos_20210303_jl ,Homo sapiens,Kidney,s_2006_002250,Positive,FTICR,MALDI
2021-03-04_23h29m53s,S-2006-002250_3_S1_lip_pos_20210303_jl ,Homo sapiens,Kidney,s_2006_002250,Positive,FTICR,MALDI
2021-03-04_23h30m46s,S-2006-002250_1_S1_lip_pos_20210303_jl ,Homo sapiens,Kidney,s_2006_002250,Positive,FTICR,MALDI
2021-03-04_23h31m12s,S-2006-002250_2_S1_lip_pos_20210303_jl ,Homo sapiens,Kidney,s_2006_002250,Positive,FTICR,MALDI
2021-03-12_18h37m44s,S-2006-001854_Sec1_S1_lip_pos_20210311_jl,Homo sapiens,Kidney,Biopsy,Positive,FTICR,MALDI
2021-03-12_19h10m41s,S-2006-001854_Sec2_S1_lip_pos_20210311_jl,Homo sapiens,Kidney,Biopsy,Positive,FTICR,MALDI
2021-03-12_20h00m13s,S-2006-001854_Sec7_S1_lip_pos_20210311_jl,Homo sapiens,Kidney,Biopsy,Positive,FTICR,MALDI
2021-03-22_14h42m06s,20210318_124x85_80um_mousebrain_DAN_neg_mode_200-2000mz_70K_Laser33_5p5kV_350C_Slens90_Line_centroid,Mus musculus,Brain,Wildtype,Negative,Orbitrap,MALDI
2021-03-22_15h30m15s,20210317_189x118_50um_mouse_Brain_IS_DAN_neg_mode_200-2000mz_70K_Laser38_5p5kV_350C_Slens90_Line_leftright_centroid,Mus musculus,Brain,Wildtype,Negative,Orbitrap,MALDI
2021-03-22_17h02m55s,01312020_42707_Mes_LN_SHIV+,Non-human primate (rhesus macaque),Lymph node,RT-SHIV+,Positive,Orbitrap,IR-MALDESI
2021-03-23_14h27m36s,02242020_Mes_LN_40437_Rpt,Non-human primate (rhesus macaque),Lymph node,RT-SHIV+,Positive,Orbitrap,IR-MALDESI
2021-03-24_09h46m54s,20210323_ChocFingerprint_pos Analyte 1_1,Homo sapiens,Skin,Contaminated,Positive,Xevo G2-XS,DESI
2021-03-24_15h26m36s,02042020_42971_Mes_LN,Non-human primate (rhesus macaque),Lymph node,RT-SHIV+,Positive,Orbitrap,IR-MALDESI
2021-03-24_18h07m12s,02272020_42226-Mes_LN_Rpt,Non-human primate (rhesus macaque),Lymph node,RT-SHIV+,Positive,Orbitrap,IR-MALDESI
2021-03-25_23h05m42s,S-2010-004189_Sec1_S1_lip_pos_20210416_dv,Homo sapiens,Kidney,biopsy 4189,Positive,FTICR,MALDI
2021-03-25_23h14m53s,S-2010-004189_Sec2_S1_lip_pos_20210416_dv,Homo sapiens,Kidney,biopsy 4189,Positive,FTICR,MALDI
2021-03-26_18h42m28s,S-2010-004189_Sec3_S1_lip_pos_20210416_dv,Homo sapiens,Kidney,biopsy-4189,Positive,FTICR,MALDI
2021-03-26_18h43m19s,S-2010-004189_Sec4_S1_lip_pos_20210416_dv,Homo sapiens,Kidney,biopsy-4189,Positive,FTICR,MALDI
2021-03-29_14h00m08s,12052019_SHIV+_42827_MES-LN,Non-human primate (rhesus macaque),Lymph node,RT-SHIV+,Positive,Orbitrap,IR-MALDESI
2021-03-29_16h11m02s,11262019_41380_SHIV+,Non-human primate (rhesus macaque),Lymph node,RT-SHIV+,Positive,Orbitrap,IR-MALDESI
2021-03-29_17h41m23s,12022019_42966_Mes_LN_SHIV+,Non-human primate (rhesus macaque),Lymph node,RT-SHIV+,Positive,Orbitrap,IR-MALDESI
2021-03-29_18h58m28s,11272019_42706_Mes_LN,Non-human primate (rhesus macaque),Lymph node,RT-SHIV+,Positive,Orbitrap,IR-MALDESI
2021-03-29_21h54m58s,02252020_42350_Mes_LN,Non-human primate (rhesus macaque),Lymph node,RT-SHIV+,Positive,Orbitrap,IR-MALDESI
2021-03-30_01h47m09s,12062019_42528_Mes_LN_SHIV-,Non-human primate (rhesus macaque),Lymph node,Uninfected,Positive,Orbitrap,IR-MALDESI
2021-03-30_17h37m20s,12072019_39510_Mes_LN_SHIV-,Non-human primate (rhesus macaque),Lymph node,Uninfected,Positive,Orbitrap,IR-MALDESI
2021-03-30_21h33m28s,12092019_40585_Mes_LN_SHIV-,Non-human primate (rhesus macaque),Lymph node,Uninfected,Positive,Orbitrap,IR-MALDESI
2021-03-30_23h04m24s,12092019_41735_Mes_LN_SHIV-,Non-human primate (rhesus macaque),Lymph node,Uninfected,Positive,Orbitrap,IR-MALDESI
2021-03-30_23h35m21s,12102019_41033_Mes_LN_SHIV-,Non-human primate (rhesus macaque),Lymph node,Uninfected,Positive,Orbitrap,IR-MALDESI
2021-03-31_00h28m24s,02192020_42109_Mes_LN_4,Non-human primate (rhesus macaque),Lymph node,Uninfected,Positive,Orbitrap,IR-MALDESI
2021-03-31_01h55m32s,01232020_40905_Mes_LN_SHIV-,Non-human primate (rhesus macaque),Lymph node,Uninfected,Positive,Orbitrap,IR-MALDESI
2021-03-31_04h02m33s,01242020_42474_Mes_LN_SHIV-,Non-human primate (rhesus macaque),Lymph node,Uninfected,Positive,Orbitrap,IR-MALDESI
2021-04-06_22h38m10s,20210329_HeLa_DHA_D004_SLB_W2_120x84_ss25_at32_DAN_pos_RF100,Homo sapiens,HeLa,wild-type,Positive,Orbitrap,MALDI
2021-04-12_22h13m20s,20210409_jl_lungmap_stagetemp_30_1,Homo sapiens,Lung,Biopsy,Negative,FTICR,MALDI
2021-04-12_22h21m48s,20210409_jl_lungmap_stagetemp_30_2,Homo sapiens,Lung,Biopsy,Negative,FTICR,MALDI
2021-04-12_22h55m28s,20210409_jl_lungmap_stagetemp_35_1,Homo sapiens,Lung,Biopsy,Negative,FTICR,MALDI
2021-04-12_22h56m03s,20210409_jl_lungmap_stagetemp_35_2,Homo sapiens,Lung,Biopsy,Negative,FTICR,MALDI
2021-04-12_22h56m38s,20210409_jl_lungmap_stagetemp_35_3,Homo sapiens,Lung,Biopsy,Negative,FTICR,MALDI
2021-04-14_18h06m51s,Control - BT474 Brain Met D NEg,Mus musculus,Brain,Tumor,Negative,Orbitrap,AP-SMALDI
2021-04-14_18h12m56s,13C labelled - BT474 BM C13 DAN,Mus musculus,Brain,Tumor,Negative,Orbitrap,AP-SMALDI
2021-04-15_10h29m36s,20210119_Brain_Cer_HCCA_pos_i,Mus musculus,Brain,Wtype,Positive,Orbitrap,AP-MALDI
2021-04-21_01h23m34s,S-2010-004189_Sec6_S2_lip_pos_20210416_jl,Homo sapiens,Kidney,Biopsy,Positive,FTICR,MALDI
2021-04-26_19h16m13s,20210423_jl_kidney_cancer_30_1,Homo sapiens,Kidney,Biopsy,Positive,FTICR,MALDI
2021-04-26_19h41m53s,20210423_jl_kidney_cancer_30_3,Homo sapiens,Kidney,Biopsy,Positive,FTICR,MALDI
2021-04-26_19h43m06s,20210424_jl_kidney_cancer_39_1,Homo sapiens,Kidney,Biopsy,Positive,FTICR,MALDI
2021-04-26_19h59m53s,20210425_jl_kidney_cancer_38_1,Homo sapiens,Kidney,Biopsy,Positive,FTICR,MALDI
2021-04-26_20h42m54s,20210424_jl_kidney_cancer_39_2,Homo sapiens,Kidney,Biopsy,Positive,FTICR,MALDI
2021-04-26_21h05m35s,20210425_jl_kidney_cancer_38_3,Homo sapiens,Kidney,Biopsy,Positive,FTICR,MALDI
2021-04-26_21h10m19s,220210425_jl_kidney_cancer_38_2_cancer_region,Homo sapiens,Kidney,Biopsy,Positive,FTICR,MALDI
2021-04-26_21h15m13s,220210425_jl_kidney_cancer_38_2_mid_region,Homo sapiens,Kidney,Biopsy,Positive,FTICR,MALDI
2021-04-26_21h27m54s,220210425_jl_kidney_cancer_38_2_healthy_region,Homo sapiens,Kidney,Biopsy,Positive,FTICR,MALDI
2021-04-26_21h29m11s,20210423_jl_kidney_cancer_30_2_cancer_region,Homo sapiens,Kidney,Biopsy,Positive,FTICR,MALDI
2021-04-26_21h29m55s,20210423_jl_kidney_cancer_30_2_mid_region,Homo sapiens,Kidney,Biopsy,Positive,FTICR,MALDI
2021-04-26_21h35m01s,20210423_jl_kidney_cancer_30_2_healthy_region,Homo sapiens,Kidney,Biopsy,Positive,FTICR,MALDI
2021-04-26_21h47m38s,20210424_jl_kidney_cancer_39_3_cancer_region,Homo sapiens,Kidney,Biopsy,Positive,FTICR,MALDI
2021-04-26_21h50m46s,20210424_jl_kidney_cancer_39_3_mid_region,Homo sapiens,Kidney,Biopsy,Positive,FTICR,MALDI
2021-04-26_22h00m02s,20210424_jl_kidney_cancer_39_3_healthy_region,Homo sapiens,Kidney,Biopsy,Positive,FTICR,MALDI
2021-05-03_11h34m11s,13C labelled - BT 474 BM D DAN ,Mus musculus,Brain,Tumor,Negative,Orbitrap,AP-SMALDI
2021-05-03_11h38m22s,13C labelled - BT 474 BM B C13 DAN ,Mus musculus,Brain,Tumor,Negative,Orbitrap,AP-SMALDI
2021-05-04_20h32m54s,2002-322Tumor_POS,Homo sapiens,Bladder,Tumor,Positive,Orbitrap,IR-MALDESI
2021-05-04_20h36m00s,2002-322Normal_POS,Homo sapiens,Bladder,Normal,Positive,Orbitrap,IR-MALDESI
2021-05-04_20h38m11s,2002-322Normal_NEG,Homo sapiens,Bladder,Normal,Negative,Orbitrap,IR-MALDESI
2021-05-04_20h41m28s,2002-322Tumor_NEG,Homo sapiens,Bladder,Tumor,Negative,Orbitrap,IR-MALDESI
2021-05-04_20h47m58s,2002-342Tumor-NEG,Homo sapiens,Bladder,Tumor,Negative,Orbitrap,IR-MALDESI
2021-05-04_20h49m20s,2002-342Normal-NEG,Homo sapiens,Bladder,Normal,Negative,Orbitrap,IR-MALDESI
2021-05-04_20h51m33s,2002-342Tumor-POS,Homo sapiens,Bladder,Tumor,Positive,Orbitrap,IR-MALDESI
2021-05-04_20h53m25s,2002-342Normal-POS,Homo sapiens,Bladder,Normal,Positive,Orbitrap,IR-MALDESI
2021-05-04_21h04m21s,2000-117Normal_NEG1,Homo sapiens,Bladder,Normal,Negative,Orbitrap,IR-MALDESI
2021-05-04_21h07m55s,2000-117Normal_NEG2,Homo sapiens,Bladder,Normal,Negative,Orbitrap,IR-MALDESI
2021-05-04_21h13m55s,2000-117Tumor_NEG,Homo sapiens,Bladder,Tumor,Negative,Orbitrap,IR-MALDESI
2021-05-04_21h17m03s,2000-117Tumor_POS,Homo sapiens,Bladder,Tumor,Positive,Orbitrap,IR-MALDESI
2021-05-04_21h17m41s,2000-117Normal_POS1,Homo sapiens,Bladder,Normal,Positive,Orbitrap,IR-MALDESI
2021-05-04_21h18m24s,2000-117Normal_POS2,Homo sapiens,Bladder,Normal,Positive,Orbitrap,IR-MALDESI
2021-05-04_21h19m10s,2003-192Normal-POS,Homo sapiens,Bladder,Normal,Positive,Orbitrap,IR-MALDESI
2021-05-04_21h19m54s,2003-192Tumor_NEG,Homo sapiens,Bladder,Tumor,Negative,Orbitrap,IR-MALDESI
2021-05-04_21h20m32s,2003-192Normal-NEG,Homo sapiens,Bladder,Normal,Negative,Orbitrap,IR-MALDESI
2021-05-04_21h21m03s,2003-192Tumor-POS,Homo sapiens,Bladder,Tumor,Positive,Orbitrap,IR-MALDESI
2021-05-04_21h28m32s,1999-129Normal-NEG,Homo sapiens,Bladder,Normal,Negative,Orbitrap,IR-MALDESI
2021-05-04_21h30m11s,1999-129Normal-POS,Homo sapiens,Bladder,Normal,Positive,Orbitrap,IR-MALDESI
2021-05-05_21h48m26s,S-2006-001713_Sec1_S1_lip_pos_20210504_jl,Homo sapiens,Kidney,Biopsy,Positive,FTICR,MALDI
2021-05-05_22h21m56s,S-2006-001713_Sec4_S1_lip_pos_20210504_jl,Homo sapiens,Kidney,Biopsy,Positive,FTICR,MALDI
2021-05-05_22h22m42s,S-2006-001713_Sec6_S2_lip_pos_20210504_jl,Homo sapiens,Kidney,Biopsy,Positive,FTICR,MALDI
2021-05-05_23h19m54s,S-2006-001713_Sec3_S1_lip_pos_20210504_jl,Homo sapiens,Kidney,Biopsy,Positive,FTICR,MALDI
2021-05-05_23h20m26s,S-2006-001713_Sec4_S1_lip_pos_20210504_jl,Homo sapiens,Kidney,Biopsy,Positive,FTICR,MALDI
2021-05-05_23h21m41s,S-2006-001713_Sec10_S2_lip_pos_20210504_jl,Homo sapiens,Kidney,Biopsy,Positive,FTICR,MALDI
2021-05-05_23h28m02s,S-2006-001713_Sec8_S2_lip_pos_20210504_jl,Homo sapiens,Kidney,Biopsy,Positive,FTICR,MALDI
2021-05-05_23h28m23s,S-2006-001713_Sec9_S2_lip_pos_20210504_jl,Homo sapiens,Kidney,Biopsy,Positive,FTICR,MALDI
2021-05-05_23h29m15s,S-2006-001713_Sec2_S1_lip_pos_20210504_jl,Homo sapiens,Kidney,Biopsy,Positive,FTICR,MALDI
2021-05-05_23h52m40s,S-2006-001713_Sec7_S2_lip_pos_20210504_jl,Homo sapiens,Kidney,Biopsy,Positive,FTICR,MALDI
2021-05-07_19h15m20s,S-2006-002144_Sec10_S1_lip_pos_20210506_jl,Homo sapiens,Kidney,Biopsy,Positive,FTICR,MALDI
2021-05-07_19h15m57s,S-2006-002144_Sec4_S1_lip_pos_20210506_jl,Homo sapiens,Kidney,Biopsy,Positive,FTICR,MALDI
2021-05-07_19h24m28s,S-2006-002144_Sec8_S1_lip_pos_20210506_jl,Homo sapiens,Kidney,Biopsy,Positive,FTICR,MALDI
2021-05-07_19h45m53s,S-2006-002144_Sec3_S1_lip_pos_20210506_jl,Homo sapiens,Kidney,Biopsy,Positive,FTICR,MALDI
2021-05-07_19h47m46s,S-2006-002144_Sec7_S1_lip_pos_20210506_jl,Homo sapiens,Kidney,Biopsy,Positive,FTICR,MALDI
2021-05-07_20h08m16s,S-2006-002144_Sec2_S1_lip_pos_20210506_jl,Homo sapiens,Kidney,Biopsy,Positive,FTICR,MALDI
2021-05-07_20h08m40s,S-2006-002144_Sec5_S1_lip_pos_20210506_jl,Homo sapiens,Kidney,Biopsy,Positive,FTICR,MALDI
2021-05-07_20h10m01s,S-2006-002144_Sec6_S1_lip_pos_20210506_jl,Homo sapiens,Kidney,Biopsy,Positive,FTICR,MALDI
2021-05-11_19h42m24s,20210510_jl_lung_agarose_pos_opt_12pass_1,Homo sapiens,Lung,Biopsy,Positive,FTICR,MALDI
2021-05-11_19h43m45s,20210510_jl_lung_agarose_pos_opt_12pass_2,Homo sapiens,Lung,Biopsy,Positive,FTICR,MALDI
2021-05-11_21h32m21s,20210510_jl_lung_agarose_pos_opt_10pass_1,Homo sapiens,Lung,Biopsy,Positive,FTICR,MALDI
2021-05-11_21h33m33s,20210510_jl_lung_agarose_pos_opt_10pass_2,Homo sapiens,Lung,Biopsy,Positive,FTICR,MALDI
2021-05-11_23h56m03s,20210510_jl_lung_agarose_pos_opt_8pass,Homo sapiens,Lung,Biopsy,Positive,FTICR,MALDI
2021-05-12_22h26m59s,20210511_jl_lung_dhb_optimzation_14_1,Homo sapiens,Lung,Biopsy,Positive,FTICR,MALDI
2021-05-12_22h28m32s,20210511_jl_lung_dhb_optimzation_14_2,Homo sapiens,Lung,Biopsy,Positive,FTICR,MALDI
2021-05-12_23h02m40s,20210511_jl_lung_dhb_optimzation_16_1,Homo sapiens,Lung,Biopsy,Positive,FTICR,MALDI
2021-05-12_23h26m30s,20210511_jl_lung_dhb_optimzation_16_2,Homo sapiens,Lung,Biopsy,Positive,FTICR,MALDI
2021-05-13_17h43m27s,20210511_jl_lung_dhb_optimzation_18_1,Homo sapiens,Lung,Biopsy,Positive,FTICR,MALDI
2021-05-13_17h44m25s,20210511_jl_lung_dhb_optimzation_18_2,Homo sapiens,Lung,Biopsy,Positive,FTICR,MALDI
2021-05-17_22h13m39s,20210514_jl_kidney_cancer_38_slide2_1,Homo sapiens,Kidney,Biopsy,Positive,FTICR,MALDI
2021-05-17_22h58m06s,20210514_jl_kidney_cancer_38_slide2_2,Homo sapiens,Kidney,Biopsy,Positive,FTICR,MALDI
2021-05-19_20h01m23s,30_cancer region 1,Homo sapiens,Kidney,Biopsy,Positive,FTICR,MALDI
2021-05-19_20h02m18s,30_healthy region 1,Homo sapiens,Kidney,Biopsy,Positive,FTICR,MALDI
2021-05-19_20h03m06s,30_cancer region 3,Homo sapiens,Kidney,Biopsy,Positive,FTICR,MALDI
2021-05-19_20h04m00s,30_cancer_healthy region 3,Homo sapiens,Kidney,Biopsy,Positive,FTICR,MALDI
2021-05-19_20h04m43s,39_cancer region 1,Homo sapiens,Kidney,Biopsy,Positive,FTICR,MALDI
2021-05-19_20h05m26s,39_healthy region 1,Homo sapiens,Kidney,Biopsy,Positive,FTICR,MALDI
2021-05-19_20h06m14s,39_cancer region 2,Homo sapiens,Kidney,Biopsy,Positive,FTICR,MALDI
2021-05-19_20h07m08s,39_healthy region 2,Homo sapiens,Kidney,Biopsy,Positive,FTICR,MALDI
2021-05-19_20h09m03s,20210517_jl_lung_pos_temp_test_65_1,Homo sapiens,Lung,Biopsy,Positive,FTICR,MALDI
2021-05-19_20h10m09s,20210517_jl_lung_pos_temp_test_70_1,Homo sapiens,Lung,Biopsy,Positive,FTICR,MALDI
2021-05-19_20h10m58s,20210517_jl_lung_pos_temp_test_70_2,Homo sapiens,Lung,Biopsy,Positive,FTICR,MALDI
2021-05-19_20h11m50s,20210517_jl_lung_pos_temp_test_75_1,Homo sapiens,Lung,Biopsy,Positive,FTICR,MALDI
2021-05-19_20h13m03s,20210517_jl_lung_pos_temp_test_75_2,Homo sapiens,Lung,Biopsy,Positive,FTICR,MALDI
2021-05-21_20h16m39s,S-2006-004487_Sec4_S1_lip_pos_20210520_jl,Homo sapiens,Kidney,Biopsy,Positive,FTICR,MALDI
2021-05-21_20h19m15s,S-2006-004487_Sec8_S1_lip_pos_20210520_jl,Homo sapiens,Kidney,Biopsy,Positive,FTICR,MALDI
2021-05-21_20h20m11s,S-2006-004487_Sec10_S1_lip_pos_20210520_jl,Homo sapiens,Kidney,Biopsy,Positive,FTICR,MALDI
2021-05-21_20h21m22s,S-2006-004487_Sec5_S1_lip_pos_20210520_jl,Homo sapiens,Kidney,Biopsy,Positive,FTICR,MALDI
2021-05-21_20h28m09s,S-2006-004487_Sec7_S1_lip_pos_20210520_jl,Homo sapiens,Kidney,Biopsy,Positive,FTICR,MALDI
2021-05-21_20h30m44s,S-2006-004487_Sec9_S1_lip_pos_20210520_jl,Homo sapiens,Kidney,Biopsy,Positive,FTICR,MALDI
2021-05-25_19h34m34s,5n - no normalization,Homo sapiens,Skin,Neosporin,Positive,FTICR,MALDI
2021-05-25_19h34m53s,6n - no normalization,Homo sapiens,Skin,Neosporin,Positive,FTICR,MALDI
2021-05-25_19h35m19s,8n - no normalization,Homo sapiens,Skin,Neosporin,Positive,FTICR,MALDI
2021-05-26_16h03m21s,5n - no normalization,Homo sapiens,Skin,Neosporin,Positive,FTICR,MALDI
2021-05-26_16h03m36s,6n - no normalization,Homo sapiens,Skin,Neosporin,Positive,FTICR,MALDI
2021-05-26_16h04m00s,8n - no normalization,Homo sapiens,Skin,Neosporin,Positive,FTICR,MALDI
2021-05-27_11h19m42s,202105025_618x490_5um_MB_subDAN_POS_mode_200-2000mz_70K_Laser37_5p5kV_350C_Slens90_Line_leftright_centroid,Mus musculus,Brain,Wildtype,Positive,Orbitrap,AP-SMALDI
2021-05-27_22h15m13s,38_healthy region_1,Homo sapiens,Kidney,Biopsy,Positive,FTICR,MALDI
2021-05-27_22h18m05s,38_cancer region 1,Homo sapiens,Kidney,Biopsy,Positive,FTICR,MALDI
2021-05-27_22h31m50s,38_healthy region_2,Homo sapiens,Kidney,Biopsy,Positive,FTICR,MALDI
2021-05-27_22h34m32s,38_cancer region 2,Homo sapiens,Kidney,Biopsy,Positive,FTICR,MALDI
2021-06-01_14h31m09s,20210531_100x166_30um_C35_5_subDAN_recryst_POS_mode_200-2000mz_70K_Laser37_5p5kV_350C_Slens90_Line_leftright_centroid,Mus musculus,Lung,CLZ,Positive,Orbitrap,AP-SMALDI
2021-06-01_14h32m18s,20210531_105x130_30um_C35_4_subDAN_POS_mode_200-2000mz_70K_Laser37_5p5kV_350C_Slens90_Line_leftright_centroid,Mus musculus,Lung,CLZ,Positive,Orbitrap,AP-SMALDI
2021-06-07_14h44m30s,20210604_813x934_5um_C35_5_subDAN_recryst_POS_mode_200-2000mz_70K_Laser37_5p5kV_350C_Slens90_Line_leftright_centroid,Mus musculus,Lung,CLZ,Positive,Orbitrap,AP-SMALDI
2021-06-08_13h08m53s,Mouse brain - cerebellum (DIUTHAME),Mus musculus,Brain,Wildtype,Positive,Orbitrap,AP-SMALDI
2021-06-08_14h39m45s,Mouse kidney,Mus musculus,Kidney,Wildtype,Positive,Orbitrap,AP-SMALDI
2021-06-14_17h15m59s,S-2006-001713_3_S1_SM_Neg_20210609_AP,Homo sapiens,Kidney,Frozen,Negative,Orbitrap,MALDI
2021-06-14_17h19m00s,S-2006-001713_2_S1_SM_Neg_20210609_AP,Homo sapiens,Kidney,Frozen,Negative,Orbitrap,MALDI
2021-06-14_17h21m01s,S-2006-001713_1_S1_SM_Neg_20210609_AP,Homo sapiens,Kidney,Frozen,Negative,Orbitrap,MALDI
2021-06-14_17h26m55s,S-2006-002144_1_S1_SM_Neg_20210609_AP,Homo sapiens,Kidney,Frozen,Negative,Orbitrap,MALDI
2021-06-14_17h42m34s,S-2006-002144_2_S1_SM_Neg_20210609_AP,Homo sapiens,Kidney,Frozen,Negative,Orbitrap,MALDI
2021-06-14_17h50m17s,S-2006-002144_3_S1_SM_Neg_20210609_AP,Homo sapiens,Kidney,Frozen,Negative,Orbitrap,MALDI
2021-06-14_18h19m03s,S-2006-001713_4_S1_SM_Neg_20210609_AP,Homo sapiens,Kidney,Frozen,Negative,Orbitrap,MALDI
2021-06-14_18h39m41s,S-2006-001713_5_S1_SM_Neg_20210609_AP,Homo sapiens,Kidney,Frozen,Negative,Orbitrap,MALDI
2021-06-14_19h34m47s,S-2006-002144_6_S1_SM_Neg_20210609_AP,Homo sapiens,Kidney,Frozen,Negative,Orbitrap,MALDI
2021-06-14_19h44m30s,S-2006-002144_7_S1_SM_Neg_20210609_AP,Homo sapiens,Kidney,Frozen,Negative,Orbitrap,MALDI
2021-06-14_20h01m21s,S-2006-001713_6_S1_SM_Neg_20210609_AP,Homo sapiens,Kidney,Frozen,Negative,Orbitrap,MALDI
2021-06-14_20h06m50s,S-2006-001713_7_S1_SM_Neg_20210609_AP,Homo sapiens,Kidney,Frozen,Negative,Orbitrap,MALDI
2021-06-14_21h18m45s,20210608_jl_lungmap_hpmc_slide2_1,Homo sapiens,Lung,Biopsy,Negative,FTICR,MALDI
2021-06-14_21h19m32s,20210608_jl_lungmap_hpmc_slide2_2,Homo sapiens,Lung,Biopsy,Negative,FTICR,MALDI
2021-06-14_21h20m59s,20210608_jl_lungmap_hpmc_slide2_3,Homo sapiens,Lung,Biopsy,Negative,FTICR,MALDI
2021-06-14_21h22m56s,20210609_jl_lungmap_hpmc_slide1_1,Homo sapiens,Lung,Biopsy,Negative,FTICR,MALDI
2021-06-14_21h23m57s,20210609_jl_lungmap_hpmc_slide1_2,Homo sapiens,Lung,Biopsy,Negative,FTICR,MALDI
2021-06-14_21h25m52s,20210609_jl_lungmap_hpmc_slide1_3,Homo sapiens,Lung,Biopsy,Negative,FTICR,MALDI
2021-06-15_09h33m26s,Liver_DHAP_4mL_2021051701,Mus musculus,Liver,Diseased,Negative,Orbitrap,AP-MALDI
2021-06-15_17h34m28s,20190424_fullscan_negative_2021-6-15T13-48-15,Mus musculus,Heart,Diseased,Negative,Orbitrap,MALDI
2021-06-15_17h41m33s,S-2006-002297_1_S1_SM_Neg_20210608_AP,Homo sapiens,Kidney,Frozen,Negative,Orbitrap,MALDI
2021-06-15_17h52m03s,S-2006-002297_2_S1_SM_Neg_20210608_AP,Homo sapiens,Kidney,Frozen,Negative,Orbitrap,MALDI
2021-06-15_18h00m01s,S-2006-002297_3_S1_SM_Neg_20210608_AP,Homo sapiens,Kidney,Frozen,Negative,Orbitrap,MALDI
2021-06-15_18h32m56s,S-2006-002297_5_S1_SM_Neg_20210608_AP,Homo sapiens,Kidney,Frozen,Negative,Orbitrap,MALDI
2021-06-15_18h49m02s,S-2006-002297_6_S1_SM_Neg_20210608_AP,Homo sapiens,Kidney,Frozen,Negative,Orbitrap,MALDI
2021-06-15_18h55m45s,S-2006-002297_7_S1_SM_Neg_20210608_AP,Homo sapiens,Kidney,Frozen,Negative,Orbitrap,MALDI
2021-06-15_18h58m49s,S-2010-004189_1_S1_SM_Neg_20210608_AP,Homo sapiens,Kidney,Frozen,Negative,Orbitrap,MALDI
2021-06-15_19h03m16s,S-2010-004189_2_S1_SM_Neg_20210608_AP,Homo sapiens,Kidney,Frozen,Negative,Orbitrap,MALDI
2021-06-15_19h26m09s,S-2010-004189_4_S1_SM_Neg_20210608_AP,Homo sapiens,Kidney,Frozen,Negative,Orbitrap,MALDI
2021-06-15_19h28m35s,S-2010-004189_5_S1_SM_Neg_20210608_AP,Homo sapiens,Kidney,Frozen,Negative,Orbitrap,MALDI
2021-06-15_19h36m41s,S-2010-004189_6_S1_SM_Neg_20210608_AP,Homo sapiens,Kidney,Frozen,Negative,Orbitrap,MALDI
2021-06-15_19h40m20s,S-2010-004189_7_S1_SM_Neg_20210608_AP,Homo sapiens,Kidney,Frozen,Negative,Orbitrap,MALDI
2021-06-15_19h43m38s,S-2006-002492_2_S1_SM_Neg_20210610_AP,Homo sapiens,Kidney,Frozen,Negative,Orbitrap,MALDI
2021-06-15_22h15m26s,Bakeoff-020_Sec5_S1_lip_pos_20210614_jl,Homo sapiens,Kidney,Biopsy,Positive,FTICR,MALDI
2021-06-15_22h25m36s,Bakeoff-020_Sec1_S1_lip_pos_20210614_jl,Homo sapiens,Kidney,Biopsy,Positive,FTICR,MALDI
2021-06-15_22h44m14s,S-2006-002492_3_S1_SM_Neg_20210610_AP,Homo sapiens,Kidney,Frozen,Negative,Orbitrap,MALDI
2021-06-15_22h49m33s,Bakeoff-020_Sec2_S1_lip_pos_20210614_jl,Homo sapiens,Kidney,Biopsy,Positive,FTICR,MALDI
2021-06-15_23h02m48s,Bakeoff-020_Sec3_S1_lip_pos_20210614_jl,Homo sapiens,Kidney,Biopsy,Positive,FTICR,MALDI
2021-06-15_23h19m43s,Bakeoff-020_Sec4_S1_lip_pos_20210614_jl,Homo sapiens,Kidney,Biopsy,Positive,FTICR,MALDI
2021-06-16_17h00m54s,S-2006-002492_2_S1_SM_Neg_20210610_AP,Homo sapiens,Kidney,Frozen,Negative,Orbitrap,MALDI
2021-06-16_17h08m43s,S-2006-002492_4_S1_SM_Neg_20210610_AP,Homo sapiens,Kidney,Frozen,Negative,Orbitrap,MALDI
2021-06-16_17h16m04s,S-2006-002492_5_S1_SM_Neg_20210610_AP,Homo sapiens,Kidney,Frozen,Negative,Orbitrap,MALDI
2021-06-16_17h24m24s,S-2006-002492_6_S1_SM_Neg_20210610_AP,Homo sapiens,Kidney,Frozen,Negative,Orbitrap,MALDI
2021-06-16_17h33m56s,S-2006-002492_7_S1_SM_Neg_20210610_AP,Homo sapiens,Kidney,Frozen,Negative,Orbitrap,MALDI
2021-06-16_17h38m05s,S-2102-003410_1_S1_SM_Neg_20210610_AP,Homo sapiens,Kidney,Frozen,Negative,Orbitrap,MALDI
2021-06-16_17h41m53s,S-2102-003410_2_S1_SM_Neg_20210610_AP,Homo sapiens,Kidney,Frozen,Negative,Orbitrap,MALDI
2021-06-16_17h47m13s,S-2102-003410_3_S1_SM_Neg_20210610_AP,Homo sapiens,Kidney,Frozen,Negative,Orbitrap,MALDI
2021-06-16_17h48m58s,S-2102-003410_4_S1_SM_Neg_20210610_AP,Homo sapiens,Kidney,Frozen,Negative,Orbitrap,MALDI
2021-06-16_17h53m00s,S-2102-003410_5_S1_SM_Neg_20210610_AP,Homo sapiens,Kidney,Frozen,Negative,Orbitrap,MALDI
2021-06-16_17h56m02s,S-2102-003410_6_S1_SM_Neg_20210610_AP,Homo sapiens,Kidney,Frozen,Negative,Orbitrap,MALDI
2021-06-16_17h59m41s,S-2102-003410_7_S1_SM_Neg_20210610_AP,Homo sapiens,Kidney,Frozen,Negative,Orbitrap,MALDI
2021-06-16_18h03m55s,S-2006-005052_1_S1_SM_Neg_20210615_AP,Homo sapiens,Kidney,Frozen,Negative,Orbitrap,MALDI
2021-06-16_18h07m38s,S-2006-005052_2_S1_SM_Neg_20210615_AP,Homo sapiens,Kidney,Frozen,Negative,Orbitrap,MALDI
2021-06-16_18h21m33s,S-2006-005052_5_S1_SM_Neg_20210615_AP,Homo sapiens,Kidney,Frozen,Negative,Orbitrap,MALDI
2021-06-16_18h25m40s,S-2006-005052_6_S1_SM_Neg_20210615_AP,Homo sapiens,Kidney,Frozen,Negative,Orbitrap,MALDI
2021-06-16_18h28m24s,8n post - no normalization,Homo sapiens,Skin,Wildtype,Positive,FTICR,MALDI
2021-06-16_18h29m26s,S-2010-012954_1_S1_SM_Neg_20210615_AP,Homo sapiens,Kidney,Frozen,Negative,Orbitrap,MALDI
2021-06-16_18h33m26s,S-2010-012954_2_S1_SM_Neg_20210615_AP,Homo sapiens,Kidney,Frozen,Negative,Orbitrap,MALDI
2021-06-16_18h48m18s,S-2010-012954_4_S1_SM_Neg_20210615_AP,Homo sapiens,Kidney,Frozen,Negative,Orbitrap,MALDI
2021-06-16_18h56m20s,S-2010-012954_5_S1_SM_Neg_20210615_AP,Homo sapiens,Kidney,Frozen,Negative,Orbitrap,MALDI
2021-06-16_20h39m30s,S-2010-012954_7_S1_SM_Neg_20210615_AP,Homo sapiens,Kidney,Frozen,Negative,Orbitrap,MALDI
2021-06-18_07h24m41s,354_l_total ion count,Mus musculus,Left upper arm,Diseased,Positive,FTICR,MALDI
2021-06-18_07h25m16s,354_r_total ion count,Mus musculus,Left upper arm,Diseased,Positive,FTICR,MALDI
2021-06-18_07h25m44s,357_c_l_total ion count,Mus musculus,Left upper arm,Diseased,Positive,FTICR,MALDI
2021-06-18_07h26m04s,357_c_r_total ion count,Mus musculus,Left upper arm,Diseased,Positive,FTICR,MALDI
2021-06-23_23h18m21s,S-2006-004864_Sec3_S1_lip_pos_20210617_jl,Homo sapiens,Kidney,Biopsy,Positive,FTICR,MALDI
2021-06-23_23h19m07s,S-2006-004864_Sec4_S1_lip_pos_20210617_jl,Homo sapiens,Kidney,Biopsy,Positive,FTICR,MALDI
2021-06-23_23h19m59s,S-2006-004864_Sec5_S1_lip_pos_20210617_jl,Homo sapiens,Kidney,Biopsy,Positive,FTICR,MALDI
2021-06-23_23h22m18s,S-2006-004864_Sec6_S1_lip_pos_20210617_jl,Homo sapiens,Kidney,Biopsy,Positive,FTICR,MALDI
2021-06-23_23h24m26s,S-2006-004864_Sec7_S1_lip_pos_20210617_jl,Homo sapiens,Kidney,Biopsy,Positive,FTICR,MALDI
2021-06-23_23h26m19s,S-2006-002492_Sec3_S1_lip_pos_20210618_jl,Homo sapiens,Kidney,Biopsy,Positive,FTICR,MALDI
2021-06-23_23h27m41s,S-2006-002492_Sec4_S1_lip_pos_20210618_jl,Homo sapiens,Kidney,Biopsy,Positive,FTICR,MALDI
2021-06-23_23h31m17s,S-2006-002492_Sec7_S1_lip_pos_20210618_jl,Homo sapiens,Kidney,Biopsy,Positive,FTICR,MALDI
2021-06-23_23h32m03s,S-2006-002492_Sec8_S1_lip_pos_20210618_jl,Homo sapiens,Kidney,Biopsy,Positive,FTICR,MALDI
2021-06-25_19h13m34s,20210624_jl_spheroid_100um_iron_1,Homo sapiens,Cells,Wtype,Positive,FTICR,MALDI
2021-06-25_19h13m58s,20210624_jl_spheroid_100um_iron_2,Homo sapiens,Cells,Wtype,Positive,FTICR,MALDI
2021-06-25_19h14m26s,20210624_jl_spheroid_100um_iron_3,Homo sapiens,Cells,Wtype,Positive,FTICR,MALDI
2021-06-25_22h03m47s,S-2006-002297_3_sec4_s1_lip_pos_20210623_jl,Homo sapiens,Kidney,Biopsy,Positive,FTICR,MALDI
2021-06-25_22h11m32s,S-2006-002297-3_Sec10_S1_lip_pos_20210623_JL,Homo sapiens,Kidney,Biopsy,Positive,FTICR,MALDI
2021-06-25_22h13m06s,S-2006-002297-3_Sec11_S1_lip_pos_20210623_JL,Homo sapiens,Kidney,Biopsy,Positive,FTICR,MALDI
2021-06-28_03h09m59s,355_l_total ion count,Mus musculus,Left upper arm,Diseased,Positive,FTICR,MALDI
2021-06-30_20h05m51s,4- 210408 rah slow ln2 - no normalization,Homo sapiens,Lymph node,Tumor,Positive,FTICR,MALDI
2021-06-30_20h06m19s,5- 210226 rah - no normalization,Homo sapiens,Lymph node,Tumor,Positive,FTICR,MALDI
2021-06-30_20h06m40s,6- 210226 rah - no normalization,Homo sapiens,Lymph node,Tumor,Positive,FTICR,MALDI
2021-06-30_20h07m00s,6- 210408 rah - no normalization,Homo sapiens,Lymph node,Tumor,Positive,FTICR,MALDI
2021-06-30_20h07m15s,7- 210420 rah - no normalization,Homo sapiens,Lymph node,Tumor,Positive,FTICR,MALDI
2021-06-30_20h07m33s,8- 210430 rah - no normalization,Homo sapiens,Lymph node,Tumor,Positive,FTICR,MALDI
2021-06-30_20h07m48s,9- 210505 rah - no normalization,Homo sapiens,Lymph node,Tumor,Positive,FTICR,MALDI
2021-06-30_20h08m03s,10- 210517 - no normalization,Homo sapiens,Lymph node,Tumor,Positive,FTICR,MALDI
2021-06-30_20h08m22s,11- 210601 lymph - no normalization,Homo sapiens,Lymph node,Tumor,Positive,FTICR,MALDI
2021-07-01_13h53m57s,20210629_AP_A1T_K8484_100x100_a30ss12_NEDC_RF50_90to450,Mus musculus,pancreatic cancer cell line - K8484,,Negative,Orbitrap,MALDI
2021-07-01_13h56m49s,20210629_AP_A2T_K8484_100x100_a30ss12_NEDC_RF50_90to450,Mus musculus,pancreatic cancer cell line - K8484,,Negative,Orbitrap,MALDI
2021-07-01_13h59m16s,20210629_AP_B1T_K8484_100x100_a30ss12_NEDC_RF50_90to450,Mus musculus,pancreatic cancer cell line - K8484,,Negative,Orbitrap,MALDI
2021-07-05_14h47m46s,ALS post-mortem brain_SMART Tutorial,Homo sapiens,Brain,,Positive,Orbitrap,IR-MALDESI
2021-07-09_19h32m27s,2021_jl_lungmap_neg_section2_1,Homo sapiens,Lung,Biopsy,Negative,FTICR,MALDI
2021-07-09_19h36m13s,2021_jl_lungmap_neg_section6_1,Homo sapiens,Lung,Biopsy,Negative,FTICR,MALDI
2021-07-09_19h36m29s,2021_jl_lungmap_neg_section6_2,Homo sapiens,Lung,Biopsy,Negative,FTICR,MALDI
2021-07-09_21h44m35s,2021_jl_lungmap_pos_section5_1,Homo sapiens,Lung,Biopsy,Positive,FTICR,MALDI
2021-07-14_15h52m11s,sample_12a_low_mass-root mean square,Mixed,Kidney,,Positive,FTICR scimaX 7T,MALDI
2021-07-14_16h28m01s,sample_12a_med_mass-root mean square,Mixed,Kidney,,Positive,FTICR scimaX 7T,MALDI
2021-07-14_18h37m54s,Bakeoff-019_Sec1_S1_lip_pos_20210629_jl,Homo sapiens,Kidney,Biopsy,Positive,FTICR,MALDI
2021-07-14_18h38m50s,Bakeoff-019_Sec2_S1_lip_pos_20210629_jl,Homo sapiens,Kidney,Biopsy,Positive,FTICR,MALDI
2021-07-14_18h39m44s,Bakeoff-019_Sec3_S1_lip_pos_20210629_jl,Homo sapiens,Kidney,Biopsy,Positive,FTICR,MALDI
2021-07-14_18h40m45s,Bakeoff-019_Sec4_S1_lip_pos_20210629_jl,Homo sapiens,Kidney,Biopsy,Positive,FTICR,MALDI
2021-07-14_18h42m21s,Bakeoff-019_Sec5_S1_lip_pos_20210629_jl,Homo sapiens,Kidney,Biopsy,Positive,FTICR,MALDI
2021-07-14_18h43m39s,Bakeoff-019_Sec6_S1_lip_pos_20210629_jl,Homo sapiens,Kidney,Biopsy,Positive,FTICR,MALDI
2021-07-14_18h48m41s,2021_jl_lungmap_pos_section5_1,Homo sapiens,Kidney,Biopsy,Positive,FTICR,MALDI
2021-07-14_18h50m49s,2021_jl_lungmap_pos_section1_1_redo,Homo sapiens,Kidney,Biopsy,Positive,FTICR,MALDI
2021-07-14_18h51m25s,2021_jl_lungmap_pos_section1_2_redo,Homo sapiens,Lung,Biopsy,Positive,FTICR,MALDI
2021-07-14_18h52m27s,2021_jl_lungmap_pos_section1_3_redo,Homo sapiens,Lung,Biopsy,Positive,FTICR,MALDI
2021-07-14_18h53m01s,2021_jl_lungmap_pos_section5_2_redo,Homo sapiens,Lung,Biopsy,Positive,FTICR,MALDI
2021-07-14_18h53m59s,2021_jl_lungmap_pos_section5_3_redo,Homo sapiens,Lung,Biopsy,Positive,FTICR,MALDI
2021-07-15_22h32m43s,2021_jl_lungmap_neg_section14_2,Homo sapiens,Lung,Biopsy,Negative,FTICR,MALDI
2021-07-15_22h33m05s,2021_jl_lungmap_neg_section10_2,Homo sapiens,Lung,Biopsy,Negative,FTICR,MALDI
2021-07-15_22h33m44s,2021_jl_lungmap_neg_section14_1,Homo sapiens,Lung,Biopsy,Negative,FTICR,MALDI
2021-07-15_22h34m34s,2021_jl_lungmap_neg_section10_1,Homo sapiens,Lung,Biopsy,Negative,FTICR,MALDI
2021-07-15_23h35m36s,210618_kidney_neg_met01,Mus musculus,Kidney,Healthy,Negative,Orbitrap,MALDI
2021-07-19_20h25m39s,20210715_jl_lungmap_6a3_pos_section_9_1,Homo sapiens,Lung,Biopsy,Positive,FTICR,MALDI
2021-07-19_20h26m20s,20210715_jl_lungmap_6a3_pos_section_9_2,Homo sapiens,Lung,Biopsy,Positive,FTICR,MALDI
2021-07-19_20h27m50s,20210715_jl_lungmap_6a3_pos_section_13_1,Homo sapiens,Lung,Biopsy,Positive,FTICR,MALDI
2021-07-19_20h29m46s,20210715_jl_lungmap_6a3_pos_section_13_2,Homo sapiens,Lung,Biopsy,Positive,FTICR,MALDI
2021-07-21_16h25m37s,6- 210226 rah sdhb - total ion count,Homo sapiens,Lymph node,Tumor,Positive,FTICR,MALDI
2021-07-21_16h26m03s,6- 210408 rah sdhb - total ion count,Homo sapiens,Lymph node,Tumor,Positive,FTICR,MALDI
2021-07-21_16h26m14s,7- 210420 rah sdhb- total ion count,Homo sapiens,Lymph node,Tumor,Positive,FTICR,MALDI
2021-07-21_16h26m23s,8- 210430 rah sdhb- total ion count,Homo sapiens,Lymph node,Tumor,Positive,FTICR,MALDI
2021-07-21_16h26m33s,9- 210505 rah sdhb - total ion count,Homo sapiens,Lymph node,Tumor,Positive,FTICR,MALDI
2021-07-21_16h26m45s,10- 210517 sdhb- total ion count,Homo sapiens,Lymph node,Tumor,Positive,FTICR,MALDI
2021-07-21_16h26m56s,11- 210601 lymph sdhb- total ion count,Homo sapiens,Lymph node,Tumor,Positive,FTICR,MALDI
2021-07-26_19h49m14s,20210722_jl_kpmp_020_dan_4pass_2,Homo sapiens,Kidney,Biopsy,Negative,FTICR,MALDI
2021-07-26_19h49m40s,20210722_jl_kpmp_020_dan_4pass_3,Homo sapiens,Kidney,Biopsy,Negative,FTICR,MALDI
2021-07-26_19h50m11s,20210722_jl_kpmp_020_dan_6pass_5,Homo sapiens,Kidney,Biopsy,Negative,FTICR,MALDI
2021-07-26_19h50m43s,20210722_jl_kpmp_020_dan_6pass_6,Homo sapiens,Kidney,Biopsy,Negative,FTICR,MALDI
2021-07-26_19h51m20s,20210722_jl_kpmp_020_dan_8pass_8,Homo sapiens,Kidney,Biopsy,Negative,FTICR,MALDI
2021-07-26_19h51m51s,20210722_jl_kpmp_020_dan_8pass_9,Homo sapiens,Kidney,Biopsy,Negative,FTICR,MALDI
2021-07-27_10h34m15s,20210422_cells_210409_c3,Homo sapiens,Kidney,Wildtype,Positive,timsTOF Flex,MALDI
2021-08-02_15h45m02s,20210802_AP_trypsineffect_NEDC_B2_75x75_ss20att30_90to540,Mus musculus,pancreatic cancer cell line - K8484,,Negative,Orbitrap,MALDI
2021-08-02_19h16m42s,20210802_AP_trypsineffect_NEDC_A3_75x75_ss20att28_90to540,Mus musculus,pancreatic cancer cell line - K8484,,Negative,Orbitrap,MALDI
2021-08-03_10h14m14s,20210802_AP_trypsineffect_NEDC_B4_75x75_ss20att28_90to540,Mus musculus,pancreatic cancer cell line - K8484,,Negative,Orbitrap,MALDI
2021-08-03_16h26m03s,20210802_AP_trypsineffect_NEDC_A4_75x75_ss20att28_90to540,Mus musculus,pancreatic cancer cell line - K8484,,Negative,Orbitrap,MALDI
2021-08-05_17h48m50s,21-020-LN2-6_1_S1_SM_Neg_20210730_AP,Homo sapiens,Kidney,Frozen,Negative,Orbitrap,MALDI
2021-08-05_17h50m44s,21-020-LN2-6_2_S1_SM_Neg_20210730_AP,Homo sapiens,Kidney,Frozen,Negative,Orbitrap,MALDI
2021-08-05_18h06m02s,21-020-LN2-6_3_S1_SM_Neg_20210730_AP,Homo sapiens,Kidney,Frozen,Negative,Orbitrap,MALDI
2021-08-05_18h11m47s,21-020-LN2-6_3_S1_SM_Neg_20210730_AP,Homo sapiens,Kidney,Frozen,Negative,Orbitrap,MALDI
2021-08-05_18h20m11s,21-020-LN2-6_4_S1_SM_Neg_20210730_AP,Homo sapiens,Kidney,Frozen,Negative,Orbitrap,MALDI
2021-08-05_18h24m46s,21-020-LN2-6_5_S1_SM_Neg_20210730_AP,Homo sapiens,Kidney,Frozen,Negative,Orbitrap,MALDI
2021-08-05_18h30m51s,21-020-LN2-6_6_S1_SM_Neg_20210730_AP,Homo sapiens,Kidney,Frozen,Negative,Orbitrap,MALDI
2021-08-06_18h13m23s,20210804_jl_lungmap_d281_lul_8a3_neg_3a,Homo sapiens,Lung,Biopsy,Negative,FTICR,MALDI
2021-08-06_18h15m16s,20210804_jl_lungmap_d281_lul_8a3_neg_3b,Homo sapiens,Lung,Biopsy,Negative,FTICR,MALDI
2021-08-06_18h19m45s,20210804_jl_lungmap_d281_lul_8a3_neg_5a,Homo sapiens,Lung,Biopsy,Negative,FTICR,MALDI
2021-08-06_18h34m41s,20210804_jl_lungmap_d281_lul_8a3_neg_5b,Homo sapiens,Lung,Biopsy,Negative,FTICR,MALDI
2021-08-09_17h33m00s,5 1000 neg - total ion count,Homo sapiens,Lymph node,Tumor,Negative,FTICR,MALDI
2021-08-09_18h34m16s,20210805_jl_lungmap_d281_lul_8a3_pos_2a,Homo sapiens,Lung,Biopsy,Positive,FTICR,MALDI
2021-08-09_18h39m16s,20210805_jl_lungmap_d281_lul_8a3_pos_2b,Homo sapiens,Lung,Biopsy,Positive,FTICR,MALDI
2021-08-09_18h40m08s,20210805_jl_lungmap_d281_lul_8a3_pos_4a,Homo sapiens,Lung,Biopsy,Positive,FTICR,MALDI
2021-08-09_18h51m36s,20210805_jl_lungmap_d281_lul_8a3_pos_4b,Homo sapiens,Lung,Biopsy,Positive,FTICR,MALDI
2021-08-16_23h18m11s,20210814_jl_lungmap_d281_8a3_pos_slide2_7a,Homo sapiens,Lung,Biopsy,Positive,FTICR,MALDI
2021-08-16_23h19m04s,20210814_jl_lungmap_d281_8a3_pos_slide2_7b,Homo sapiens,Lung,Biopsy,Positive,FTICR,MALDI
2021-08-16_23h19m40s,20210814_jl_lungmap_d281_8a3_pos_slide2_7c,Homo sapiens,Lung,Biopsy,Positive,FTICR,MALDI
2021-08-16_23h20m37s,20210813_jl_lungmap_d281_8a3_neg_slide2_section8a,Homo sapiens,Lung,Biopsy,Negative,FTICR,MALDI
2021-08-16_23h21m12s,20210813_jl_lungmap_d281_8a3_neg_slide2_section8b,Homo sapiens,Lung,Biopsy,Negative,FTICR,MALDI
2021-08-16_23h21m37s,20210813_jl_lungmap_d281_8a3_neg_slide2_section8c,Homo sapiens,Lung,Biopsy,Negative,FTICR,MALDI
2021-08-16_23h22m32s,20210813_jl_lungmap_d281_8a3_neg_slide2_section10a,Homo sapiens,Lung,Biopsy,Negative,FTICR,MALDI
2021-08-16_23h23m08s,20210813_jl_lungmap_d281_8a3_neg_slide2_section10b,Homo sapiens,Lung,Biopsy,Negative,FTICR,MALDI
2021-08-16_23h23m47s,20210813_jl_lungmap_d281_8a3_neg_slide2_section10c,Homo sapiens,Lung,Biopsy,Negative,FTICR,MALDI
2021-08-16_23h37m34s,20210814_jl_lungmap_d281_8a3_pos_slide2_9a,Homo sapiens,Lung,Biopsy,Positive,FTICR,MALDI
2021-08-16_23h52m40s,20210814_jl_lungmap_d281_8a3_pos_slide2_9b,Homo sapiens,Lung,Biopsy,Positive,FTICR,MALDI
2021-08-17_00h06m31s,20210814_jl_lungmap_d281_8a3_pos_slide2_9c,Homo sapiens,Lung,Biopsy,Positive,FTICR,MALDI
2021-08-20_21h51m18s,S-2008-000629_Sec1_S1_lip_pos_20210819_JL,Homo sapiens,Kidney,Biopsy,Positive,FTICR,MALDI
2021-08-20_21h52m24s,S-2008-000629_Sec2_S1_lip_pos_20210819_JL,Homo sapiens,Kidney,Biopsy,Positive,FTICR,MALDI
2021-08-20_21h53m03s,S-2008-000629_Sec3_S1_lip_pos_20210819_JL,Homo sapiens,Kidney,Biopsy,Positive,FTICR,MALDI
2021-08-20_21h53m32s,S-2008-000629_Sec4_S1_lip_pos_20210819_JL,Homo sapiens,Kidney,Biopsy,Positive,FTICR,MALDI
2021-08-20_21h54m18s,S-2008-000629_Sec5_S1_lip_pos_20210819_JL,Homo sapiens,Kidney,Biopsy,Positive,FTICR,MALDI
2021-08-20_21h54m58s,S-2008-000629_Sec6_S1_lip_pos_20210819_JL,Homo sapiens,Kidney,Biopsy,Positive,FTICR,MALDI
2021-08-20_21h55m45s,S-2008-000629_Sec7_S1_lip_pos_20210819_JL,Homo sapiens,Kidney,Biopsy,Positive,FTICR,MALDI
2021-08-20_21h56m33s,S-2008-000629_Sec8_S1_lip_pos_20210819_JL,Homo sapiens,Kidney,Biopsy,Positive,FTICR,MALDI
2021-08-25_22h41m28s,21-020-LN2-6_2_S5_SM_Neg_20210824_AP,Homo sapiens,Kideny,,Negative,Orbitrap,MALDI
2021-08-25_22h44m46s,21-020-LN2-6_3_S5_SM_Neg_20210824_AP,Homo sapiens,Kideny,,Negative,Orbitrap,MALDI
2021-08-25_22h51m22s,21-020-LN2-6_1_S5_SM_Neg_20210824_AP,Homo sapiens,Kideny,,Negative,Orbitrap,MALDI
2021-08-25_22h52m52s,21-020-LN2-6_4_S5_SM_Neg_20210824_AP,Homo sapiens,Kideny,,Negative,Orbitrap,MALDI
2021-08-25_22h58m45s,21-020-LN2-6_4_S5_SM_Neg_20210825_AP_offset,Homo sapiens,Kideny,,Negative,Orbitrap,MALDI
2021-08-26_23h56m49s,S-2008-000606_Sec4_S1_lip_pos_20210825_JL,Homo sapiens,Kidney,Biopsy,Positive,FTICR,MALDI
2021-08-26_23h57m14s,S-2008-000606_Sec6_S1_lip_pos_20210825_JL,Homo sapiens,Kidney,Biopsy,Positive,FTICR,MALDI
2021-08-26_23h57m42s,S-2008-000606_Sec7_S1_lip_pos_20210825_JL,Homo sapiens,Kidney,Biopsy,Positive,FTICR,MALDI
2021-08-26_23h58m12s,S-2008-000606_Sec8_S1_lip_pos_20210825_JL,Homo sapiens,Kidney,Biopsy,Positive,FTICR,MALDI
2021-08-26_23h58m54s,S-2008-000606_Sec9_S1_lip_pos_20210825_JL,Homo sapiens,Kidney,Biopsy,Positive,FTICR,MALDI
2021-08-26_23h59m30s,S-2008-000606_Sec10_S1_lip_pos_20210825_JL,Homo sapiens,Kidney,Biopsy,Positive,FTICR,MALDI
2021-08-27_00h00m15s,S-2008-000606_mimetic1_S1_lip_pos_20210825_JL,Homo sapiens,Kidney,Biopsy,Positive,FTICR,MALDI
2021-08-27_00h01m23s,S-2008-000606_mimetic2_S1_lip_pos_20210825_JL,Homo sapiens,Kidney,Biopsy,Positive,FTICR,MALDI
2021-09-07_22h46m46s,E04-34_CONTROL,Homo sapiens,Brain,Healthy,Positive,Orbitrap,IR-MALDESI
2021-09-07_22h48m16s,E05-74_CONTROL,Homo sapiens,Brain,Healthy,Positive,Orbitrap,IR-MALDESI
2021-09-07_22h49m38s,E05-130_CONTROL,Homo sapiens,Brain,Healthy,Positive,Orbitrap,IR-MALDESI
2021-09-07_22h51m34s,E06-114_CONTROL,Homo sapiens,Brain,Healthy,Positive,Orbitrap,IR-MALDESI
2021-09-07_22h52m54s,E11-33_CONTROL,Homo sapiens,Brain,Healthy,Positive,Orbitrap,IR-MALDESI
2021-09-07_22h55m45s,E10-129_sALS,Homo sapiens,Brain,sALS,Positive,Orbitrap,IR-MALDESI
2021-09-07_22h58m18s,E11-20_sALS,Homo sapiens,Brain,sALS,Positive,Orbitrap,IR-MALDESI
2021-09-07_22h59m59s,E11-59_sALS,Homo sapiens,Brain,sALS,Positive,Orbitrap,IR-MALDESI
2021-09-07_23h01m46s,E11-75_sALS,Homo sapiens,Brain,sALS,Positive,Orbitrap,IR-MALDESI
2021-09-07_23h03m21s,E11-84_sALS,Homo sapiens,Brain,sALS,Positive,Orbitrap,IR-MALDESI
2021-09-07_23h04m59s,E11-124_sALS,Homo sapiens,Brain,sALS,Positive,Orbitrap,IR-MALDESI
2021-09-07_23h05m39s,E18-37_C9,Homo sapiens,Brain,C9+ (sALS),Positive,Orbitrap,IR-MALDESI
2021-09-07_23h07m56s,E19-70_C9,Homo sapiens,Brain,C9+ (sALS),Positive,Orbitrap,IR-MALDESI
2021-09-07_23h09m13s,E19-116_C9,Homo sapiens,Brain,C9+ (sALS),Positive,Orbitrap,IR-MALDESI
2021-09-07_23h10m01s,E20-71_C9,Homo sapiens,Brain,C9+ (sALS),Positive,Orbitrap,IR-MALDESI
2021-09-07_23h10m57s,E20-72_C9,Homo sapiens,Brain,C9+ (sALS),Positive,Orbitrap,IR-MALDESI
2021-09-08_19h35m59s,21-019-LN2-6_1_S5_SM_Neg_20210831_AP,Homo sapiens,Kideny,,Negative,Orbitrap,MALDI
2021-09-08_19h40m08s,21-019-LN2-6_2_S5_SM_Neg_20210831_AP,Homo sapiens,Kideny,,Negative,Orbitrap,MALDI
2021-09-09_19h19m39s,21-019-LN2-6_6_S5_SM_Neg_20210831_AP,Homo sapiens,Kideny,,Negative,Orbitrap,MALDI
2021-09-09_19h22m15s,21-019-LN2-6_5_S5_SM_Neg_20210831_AP,Homo sapiens,Kideny,,Negative,Orbitrap,MALDI
2021-09-09_19h29m14s,21-019-LN2-6_4_S5_SM_Neg_20210831_AP,Homo sapiens,Kideny,,Negative,Orbitrap,MALDI
2021-09-09_19h38m52s,21-019-LN2-6_3_S5_SM_Neg_20210831_AP,Homo sapiens,Kideny,,Negative,Orbitrap,MALDI
2021-09-09_19h42m37s,S-2006-004487_1_S4_SM_Neg_20210908_AP,Homo sapiens,Kideny,,Negative,Orbitrap,MALDI
2021-09-09_19h48m34s,S-2006-004487_2_S4_SM_Neg_20210908_AP,Homo sapiens,Kideny,,Negative,Orbitrap,MALDI
2021-09-09_19h54m53s,S-2006-004487_3_S4_SM_Neg_20210908_AP,Homo sapiens,Kideny,,Negative,Orbitrap,MALDI
2021-09-09_20h42m55s,S-2006-004487_4_S4_SM_Neg_20210908_AP,Homo sapiens,Kideny,,Negative,Orbitrap,MALDI
2021-09-09_20h57m03s,S-2006-004487_5_S4_SM_Neg_20210908_AP,Homo sapiens,Kideny,,Negative,Orbitrap,MALDI
2021-09-09_21h09m21s,S-2006-004487_6_S4_SM_Neg_20210908_AP,Homo sapiens,Kideny,,Negative,Orbitrap,MALDI
2021-09-09_22h11m35s,S-2008-000583_1_S1_SM_Neg_20210907_AP,Homo sapiens,Kidney,,Negative,Orbitrap,MALDI
2021-09-09_22h12m14s,S-2008-000583_2_S1_SM_Neg_20210907_AP,Homo sapiens,Kidney,,Negative,Orbitrap,MALDI
2021-09-09_22h12m59s,S-2008-000583_3_S1_SM_Neg_20210907_AP,Homo sapiens,Kidney,,Negative,Orbitrap,MALDI
2021-09-09_22h13m47s,S-2008-000583_4_S1_SM_Neg_20210907_AP,Homo sapiens,Kidney,,Negative,Orbitrap,MALDI
2021-09-09_22h14m45s,S-2008-000583_5_S1_SM_Neg_20210907_AP,Homo sapiens,Kidney,,Negative,Orbitrap,MALDI
2021-09-11_19h45m01s,S-2006-002144_1_S4_SM_Neg_20210910_AP,Homo sapiens,Kidney,,Negative,Orbitrap,MALDI
2021-09-11_19h49m51s,S-2006-002144_2_S4_SM_Neg_20210910_AP,Homo sapiens,Kidney,,Negative,Orbitrap,MALDI
2021-09-11_19h53m29s,S-2006-002144_3_S4_SM_Neg_20210910_AP,Homo sapiens,Kidney,,Negative,Orbitrap,MALDI
2021-09-11_20h00m35s,S-2006-002144_4_S4_SM_Neg_20210910_AP,Homo sapiens,Kidney,,Negative,Orbitrap,MALDI
2021-09-11_20h05m06s,S-2006-002144_5_S4_SM_Neg_20210910_AP,Homo sapiens,Kidney,,Negative,Orbitrap,MALDI
2021-09-11_20h16m34s,S-2006-002144_6_S4_SM_Neg_20210910_AP,Homo sapiens,Kidney,,Negative,Orbitrap,MALDI
2021-09-11_20h26m19s,S-2006-001713_6_S4_SM_Neg_20210910_AP,Homo sapiens,Kidney,,Negative,Orbitrap,MALDI
2021-09-11_20h29m46s,S-2006-001713_5_S4_SM_Neg_20210910_AP,Homo sapiens,Kidney,,Negative,Orbitrap,MALDI
2021-09-11_20h39m45s,S-2006-001713_4_S4_SM_Neg_20210910_AP,Homo sapiens,Kidney,,Negative,Orbitrap,MALDI
2021-09-11_20h43m22s,S-2006-001713_3_S4_SM_Neg_20210910_AP,Homo sapiens,Kidney,,Negative,Orbitrap,MALDI
2021-09-11_20h45m11s,S-2006-001713_2_S4_SM_Neg_20210910_AP,Homo sapiens,Kidney,,Negative,Orbitrap,MALDI
2021-09-14_18h48m31s,S-2006-004864_1_S4_SM_Neg_20210911_AP,Homo sapiens,Kidney,,Negative,Orbitrap,MALDI
2021-09-14_18h57m03s,S-2006-004864_2_S4_SM_Neg_20210911_AP,Homo sapiens,Kidney,,Negative,Orbitrap,MALDI
2021-09-14_19h07m04s,S-2006-004864_3_S4_SM_Neg_20210911_AP,Homo sapiens,Kidney,,Negative,Orbitrap,MALDI
2021-09-14_19h08m05s,S-2006-004864_4_S4_SM_Neg_20210911_AP,Homo sapiens,Kidney,,Negative,Orbitrap,MALDI
2021-09-14_19h16m52s,S-2006-004864_5_S4_SM_Neg_20210911_AP,Homo sapiens,Kidney,,Negative,Orbitrap,MALDI
2021-09-17_22h36m14s,Salmonella_final_pos,Mus musculus,Liver,"Infected, Salmonella",Positive,Orbitrap,DESI
2021-09-24_17h50m18s,20210922_jl_lung_6a3_passtest_12pass,Homo sapiens,Lung,Biopsy,Positive,FTICR,MALDI
2021-09-24_17h51m42s,20210922_jl_lung_6a3_passtest_10pass,Homo sapiens,Lung,Biopsy,Positive,FTICR,MALDI
2021-09-24_17h52m55s,20210922_jl_lung_6a3_passtest_8pass,Homo sapiens,Lung,Biopsy,Positive,FTICR,MALDI
2021-09-24_22h15m05s,20210922_dv_lung_test,Homo sapiens,Lung,Biopsy,Positive,FTICR,MALDI
2021-09-26_18h13m53s,20210223_Labeled_Liver_01,Mus musculus,Liver,SIL-Labeled,Negative,Orbitrap,IR-MALDESI
2021-09-26_18h14m14s,20210226_ Labeled_Liver_02,Mus musculus,Liver,SIL-Labeled,Negative,Orbitrap,IR-MALDESI
2021-09-26_18h15m09s,20210226_ Unlabeled_Liver_03,Mus musculus,Liver,Healthy,Negative,Orbitrap,IR-MALDESI
2021-09-26_18h15m28s,20210226_ Unlabeled_Liver_04,Mus musculus,Liver,Healthy,Negative,Orbitrap,IR-MALDESI
2021-09-27_12h10m59s,"FW448i_330x282_FS_p0,5-2kDa_LM548_FP12_A14_R240k",Mus musculus,Lung,Wildtype,Positive,Orbitrap,MALDI
2021-09-27_18h40m48s,225_S1_1_50um_SM_09232021_c,Mus musculus,Brain,Frozen,Negative,Orbitrap,MALDI
2021-09-27_18h57m26s,225_S1_2_30um_SM_09232021_c,Mus musculus,Brain,Frozen,Negative,Orbitrap,MALDI
2021-09-27_19h07m50s,225_S1_3_30um_SM_09232021_c,Mus musculus,Brain,Frozen,Negative,Orbitrap,MALDI
2021-09-27_19h13m28s,227_S1_1_50um_SM_09232021_c,Mus musculus,Brain,Frozen,Negative,Orbitrap,MALDI
2021-09-27_19h36m01s,227_S1_3_30um_SM_09232021_c,Mus musculus,Brain,Frozen,Negative,Orbitrap,MALDI
2021-09-27_19h51m20s,409_S1_1_50um_SM_09242021_c,Mus musculus,Brain,Frozen,Negative,Orbitrap,MALDI
2021-09-27_21h27m38s,409_S1_3_30um_SM_09242021_c,Mus musculus,Brain,Frozen,Negative,Orbitrap,MALDI
2021-09-27_21h29m45s,416_S1_1_50um_SM_09242021_c,Mus musculus,Brain,Frozen,Negative,Orbitrap,MALDI
2021-09-27_21h46m14s,416_S1_2_30um_SM_09242021_c,Mus musculus,Brain,Frozen,Negative,Orbitrap,MALDI
2021-09-27_21h48m27s,416_S1_3_30um_SM_09242021_c,Mus musculus,Brain,Frozen,Negative,Orbitrap,MALDI
2021-09-27_22h03m52s,227_S1_4_30um_Lip_09232021_c,Mus musculus,Brain,Frozen,Positive,Orbitrap,MALDI
2021-09-27_22h16m04s,409_S1_5_30um_Lip_09252021_c,Mus musculus,Brain,Frozen,Positive,Orbitrap,MALDI
2021-09-27_22h23m45s,416_S1_4_30um_Lip_09252021_c,Mus musculus,Brain,Frozen,Positive,Orbitrap,MALDI
2021-09-27_22h29m13s,416_S1_5_30um_Lip_09252021_c,Mus musculus,Brain,Frozen,Positive,Orbitrap,MALDI
2021-09-28_12h41m34s,"FW449i_300x232_FS_n0,5-2kDa_LM546_FP12_A14_R240k",Mus musculus,Lung,Wildtype,Negative,Orbitrap,MALDI
2021-09-30_11h26m36s,EY_210929_EDI-27jul21_p56-Male-642-13-9-B_50um_2SE,Mus musculus,Brain,Wildtype,Positive,Orbitrap,AP-MALDI
2021-10-11_18h34m31s,20211007_jl_lungmap_dhb_optimization_scimax_test_1,Homo sapiens,Lung,Biopsy,Positive,FTICR,MALDI
2021-10-11_19h06m59s,20211007_jl_lungmap_dhb_optimization_scimax_test_2,Homo sapiens,Lung,Biopsy,Positive,FTICR,MALDI
2021-10-11_19h38m30s,20211007_jl_lungmap_dhb_optimization_scimax_test_1b,Homo sapiens,Lung,Biopsy,Positive,FTICR,MALDI
2021-10-11_21h07m40s,20211007_jl_lungmap_dhb_optimization_scimax_test_2b,Homo sapiens,Lung,Biopsy,Positive,FTICR,MALDI
2021-10-11_22h02m30s,20211007_dv_lung_15tcomparision,Homo sapiens,Lung,Biopsy,Positive,FTICR,MALDI
2021-10-12_18h59m35s,20211008_jl_lungmap_nedc_optimization_1a,Homo sapiens,Lung,Biopsy,Negative,FTICR,MALDI
2021-10-12_19h00m16s,20211008_jl_lungmap_nedc_optimization_1b,Homo sapiens,Lung,Biopsy,Negative,FTICR,MALDI
2021-10-12_19h01m15s,20211008_jl_lungmap_nedc_optimization_2a,Homo sapiens,Lung,Biopsy,Negative,FTICR,MALDI
2021-10-12_19h05m58s,20211008_jl_lungmap_nedc_optimization_2b,Homo sapiens,Lung,Biopsy,Negative,FTICR,MALDI
2021-10-22_19h09m03s,12212017_pos_mousebraintest_200um_ACN,Rattus norvegicus (rat),Brain,Wildtype,Positive,Orbitrap,DESI
2021-10-28_00h20m29s,practicemaldi_km-total ion count,Mus musculus,Ovary,Cancer,Negative,FTICR,MALDI
2021-11-04_10h59m58s,2021-10-20_atq-84-01_dhb_brain-tissue-total ion count,Mus musculus,Brain,Wildtype,Positive,FTICR,MALDI
2021-11-04_11h38m42s,2021-10-20_atq-83-01_dhb_brain-tissue-total ion count,Mus musculus,Brain,Diseased,Positive,FTICR,MALDI
2021-11-04_12h13m03s,2021-10-20_atq-84-01_chca_brain-tissue-total ion count,Mus musculus,Brain,Wildtype,Positive,FTICR,MALDI
2021-11-04_12h41m40s,2021-10-20_atq-83-01_chca_brain-tissue-total ion count,Mus musculus,Brain,Diseased,Positive,FTICR,MALDI
2021-11-04_14h12m55s,2021-11-01_atq-84-02_dhb_brain-tissue-total ion count,Mus musculus,Brain,Wildtype,Positive,FTICR,MALDI
2021-11-04_16h55m26s,both 1,Mus musculus,Skin,MC903,Positive,qTOF,MALDI
2021-11-04_16h59m15s,both 2,Mus musculus,Skin,MC903,Positive,qTOF,MALDI
2021-11-04_17h12m10s,r mucosa 1,Mus musculus,Skin,MC903,Positive,qTOF,MALDI
2021-11-05_21h01m35s,diluent 2,Mus musculus,Skin,MC903,Positive,qTOF,MALDI
2021-11-09_15h54m35s,20211029_1411x542_5um_RAte3#6_AcOH_DAN_Neg_mode_200-2000mz_70K_Laser39_4p5kV_350C_Slens90_Line_leftright_centroid_cropped,Mus musculus,Lung,norm,Negative,Orbitrap,AP-SMALDI
2021-11-11_11h49m37s,2021-10-29_atq-84-02_dhb_brain-tissue-total ion count,Mus musculus,Brain,Wildtype,Positive,FTICR,MALDI
2021-11-11_17h53m06s,20211109_jl_lungmap_alginate_1,Homo sapiens,Lung,Wildtype,Positive,FTICR scimaX 7T,MALDI
2021-11-11_19h10m54s,20211109_jl_lungmap_alginate_2,Homo sapiens,Lung,Wildtype,Positive,FTICR scimaX 7T,MALDI
2021-11-11_19h49m38s,20211109_jl_lungmap_alginate_3,Homo sapiens,Lung,Wildtype,Positive,FTICR scimaX 7T,MALDI
2021-11-18_20h09m21s,20211117_jl_cov362_1,Homo sapiens,Ovary,Cancer,Positive,FTICR scimaX 7T,MALDI
2021-11-18_20h09m36s,20211117_jl_cov362_2,Homo sapiens,Ovary,Cancer,Positive,FTICR scimaX 7T,MALDI
2021-11-18_20h09m55s,20211117_jl_cov362_3,Homo sapiens,Ovary,Cancer,Positive,FTICR scimaX 7T,MALDI
2021-11-18_20h10m13s,20211117_jl_cov362_4,Homo sapiens,Ovary,Cancer,Positive,FTICR scimaX 7T,MALDI
2021-11-18_23h17m02s,20211117_jl_cov362_fibroblast_1,Homo sapiens,Ovary,Cancer,Positive,FTICR scimaX 7T,MALDI
2021-11-18_23h17m34s,20211117_jl_cov362_fibroblast_2,Homo sapiens,Ovary,Cancer,Positive,FTICR scimaX 7T,MALDI
2021-11-18_23h17m50s,20211117_jl_cov362_fibroblast_3,Homo sapiens,Ovary,Cancer,Positive,FTICR scimaX 7T,MALDI
2021-11-18_23h18m10s,20211117_jl_cov362_fibroblast_4,Homo sapiens,Ovary,Cancer,Positive,FTICR scimaX 7T,MALDI
2021-11-19_11h35m12s,20211118_35x70_20um_rate4#23_DAN_AcOH_Neg_mode_200-2000mz_70K_Laser39_4p2kV_350C_Slens90_Line_leftright_centroid,Mus musculus,Spleen,norm,Negative,Orbitrap,AP-SMALDI
2021-11-19_23h09m34s,20211118_jl_scp_1,Homo sapiens,Ovary,Cancer,Positive,FTICR scimaX 7T,MALDI
2021-11-19_23h12m47s,20211118_jl_scp_2,Homo sapiens,Ovary,Cancer,Positive,FTICR scimaX 7T,MALDI
2021-11-19_23h17m05s,20211118_jl_scp_3,Homo sapiens,Ovary,Cancer,Positive,FTICR scimaX 7T,MALDI
2021-11-19_23h21m55s,20211118_jl_scp_4,Homo sapiens,Ovary,Cancer,Positive,FTICR scimaX 7T,MALDI
2021-11-19_23h24m54s,20211118_jl_scp_5,Homo sapiens,Ovary,Cancer,Positive,FTICR scimaX 7T,MALDI
2021-11-19_23h25m16s,20211118_jl_scp_6,Homo sapiens,Ovary,Cancer,Positive,FTICR scimaX 7T,MALDI
2021-11-19_23h36m20s,20211118_jl_hct116_1,Homo sapiens,Colon,Cancer,Positive,FTICR scimaX 7T,MALDI
2021-11-19_23h36m37s,20211118_jl_hct116_2,Homo sapiens,Colon,Cancer,Positive,FTICR scimaX 7T,MALDI
2021-11-19_23h37m04s,20211118_jl_hct116_3,Homo sapiens,Colon,Cancer,Positive,FTICR scimaX 7T,MALDI
2021-11-19_23h38m38s,20211118_jl_hct116_4,Homo sapiens,Colon,Cancer,Positive,FTICR scimaX 7T,MALDI
2021-11-22_18h04m41s,20211122_Brain_HCCA_acn70_Cer_2kHz_33pc_pos_i,Mus musculus,Brain,Wildtype,Positive,Orbitrap,AP-MALDI
2021-11-22_18h47m36s,20211122_Brain_DAN_acn70_Cer_2kHz_10pc_pos_i,Mus musculus,Brain,Wildtype,Positive,Orbitrap,AP-MALDI
2021-11-22_19h41m06s,20211122_Brain_DAN_acn70_metabo_2kHz_10pc_pos_i,Mus musculus,Brain,Wildtype,Positive,Orbitrap,AP-MALDI
2021-11-22_20h00m41s,20211118_jl_lungmap_alginate_rerun_1,Homo sapiens,Lung,,Positive,FTICR scimaX 7T,MALDI
2021-11-24_11h05m17s,20211122_Brain_HCCA_acn70_small_2kHz_10pc_pos_i,Mus musculus,Brain,Wildtype,Positive,Orbitrap,AP-MALDI
2021-11-30_17h43m09s,S-2008-006028_1_S1_SM_Neg_20211129_AP,Homo sapiens,Kidney,Frozen,Negative,Orbitrap,MALDI
2021-11-30_17h50m30s,S-2008-006028_2_S1_SM_Neg_20211129_AP,Homo sapiens,Kidney,Frozen,Negative,Orbitrap,MALDI
2021-11-30_17h58m15s,S-2008-006028_3_S1_SM_Neg_20211129_AP,Homo sapiens,Kidney,Frozen,Negative,Orbitrap,MALDI
2021-11-30_18h02m25s,S-2008-006028_4_S1_SM_Neg_20211129_AP,Homo sapiens,Kidney,Frozen,Negative,Orbitrap,MALDI
2021-11-30_18h08m54s,S-2008-006028_5_S1_SM_Neg_20211129_AP,Homo sapiens,Kidney,Frozen,Negative,Orbitrap,MALDI
2021-11-30_18h12m11s,S-2008-006028_6_S1_SM_Neg_20211129_AP,Homo sapiens,Kidney,Frozen,Negative,Orbitrap,MALDI
2021-11-30_18h15m46s,S-2008-000652_6_S1_SM_Neg_20211129_AP,Homo sapiens,Kidney,Frozen,Negative,Orbitrap,MALDI
2021-11-30_18h17m37s,S-2008-000652_5_S1_SM_Neg_20211129_AP,Homo sapiens,Kidney,Frozen,Negative,Orbitrap,MALDI
2021-11-30_18h19m37s,S-2008-000652_4_S1_SM_Neg_20211129_AP,Homo sapiens,Kidney,Frozen,Negative,Orbitrap,MALDI
2021-11-30_18h24m29s,S-2008-000652_3_S1_SM_Neg_20211129_AP,Homo sapiens,Kidney,Frozen,Negative,Orbitrap,MALDI
2021-11-30_18h26m10s,S-2008-000652_2_S1_SM_Neg_20211129_AP,Homo sapiens,Kidney,Frozen,Negative,Orbitrap,MALDI
2021-11-30_18h29m25s,S-2008-000652_1_S1_SM_Neg_20211129_AP,Homo sapiens,Kidney,Frozen,Negative,Orbitrap,MALDI
2021-12-01_13h25m50s,2021-12-01_atq-83_dhb_on-tissue-total ion count,Mus musculus,Brain,Wildtype,Positive,FTICR,MALDI
2021-12-01_18h00m04s,S-2010-004236_1_S1_SM_Neg_20211130_AP,Homo sapiens,Kidney,Frozen,Negative,Orbitrap,MALDI
2021-12-01_18h03m55s,S-2010-004236_2_S1_SM_Neg_20211130_AP,Homo sapiens,Kidney,Frozen,Negative,Orbitrap,MALDI
2021-12-01_18h08m03s,S-2010-004236_3_S1_SM_Neg_20211130_AP,Homo sapiens,Kidney,Frozen,Negative,Orbitrap,MALDI
2021-12-01_18h16m10s,S-2010-004236_4_S1_SM_Neg_20211130_AP,Homo sapiens,Kidney,Frozen,Negative,Orbitrap,MALDI
2021-12-01_18h22m22s,S-2010-004236_5_S1_SM_Neg_20211130_AP,Homo sapiens,Kidney,Frozen,Negative,Orbitrap,MALDI
2021-12-01_18h44m44s,S-2010-004236_6_S1_SM_Neg_20211130_AP,Homo sapiens,Kidney,Frozen,Negative,Orbitrap,MALDI
2021-12-01_18h47m36s,S-2006-005099_1_S1_SM_Neg_20211130_AP,Homo sapiens,Kidney,Frozen,Negative,Orbitrap,MALDI
2021-12-01_18h49m56s,S-2006-005099_2_S1_SM_Neg_20211130_AP,Homo sapiens,Kidney,Frozen,Negative,Orbitrap,MALDI
2021-12-01_18h52m36s,S-2006-005099_3_S1_SM_Neg_20211130_AP,Homo sapiens,Kidney,Frozen,Negative,Orbitrap,MALDI
2021-12-01_18h54m34s,S-2006-005099_4_S1_SM_Neg_20211130_AP,Homo sapiens,Kidney,Frozen,Negative,Orbitrap,MALDI
2021-12-01_18h57m16s,S-2006-005099_5_S1_SM_Neg_20211130_AP,Homo sapiens,Kidney,Frozen,Negative,Orbitrap,MALDI
2021-12-01_18h59m25s,S-2006-005099_6_S1_SM_Neg_20211130_AP,Homo sapiens,Kidney,Frozen,Negative,Orbitrap,MALDI
2021-12-02_00h34m13s,S-2006-002250_1_S4_SM_Neg_20210929_AP,Homo sapiens,Kidney,Frozen,Negative,Orbitrap,MALDI
2021-12-02_00h37m39s,S-2006-002250_2_S4_SM_Neg_20210929_AP,Homo sapiens,Kidney,Frozen,Negative,Orbitrap,MALDI
2021-12-02_00h38m38s,S-2006-002250_3_S4_SM_Neg_20210929_AP,Homo sapiens,Kidney,Frozen,Negative,Orbitrap,MALDI
2021-12-02_00h41m12s,S-2006-002250_4_S4_SM_Neg_20210929_AP,Homo sapiens,Kidney,Frozen,Negative,Orbitrap,MALDI
2021-12-02_15h44m19s,20211202_brain_tumour_2kHz_10pc_meta_DAN_neg_test,Mus musculus,Brain,Tumor,Negative,Orbitrap,AP-MALDI
2021-12-02_18h38m53s,S-2010-004236_Sec3_S1_lip_pos_20211201_JL,Homo sapiens,Kidney,Biopsy,Positive,FTICR,MALDI
2021-12-03_23h38m06s,20211203_dv_kpmp_mimetic_optimization,Homo sapiens,Kidney,Biopsy,Positive,FTICR,MALDI
2021-12-06_14h44m10s,t11_s8_s44_1_section3,Mus musculus,Heart,Diseased,Negative,FTICR,MALDI
2021-12-06_14h45m53s,c5_s4_s17_1_section2,Mus musculus,Heart,Healthy,Negative,FTICR,MALDI
2021-12-06_14h55m46s,t11_s8_s44_1_section3_H2O,Mus musculus,Heart,Diseased,Negative,FTICR,MALDI
2021-12-06_15h06m14s,c5_s4_s17_1_section2_H2O,Mus musculus,Heart,Healthy,Negative,FTICR,MALDI
2021-12-06_16h54m27s,5202_S4_2_12.5.2021_c,Mus musculus,Kidney,Frozen,Negative,Orbitrap,MALDI
2021-12-06_17h33m11s,5202_S4_1_12.5.2021_c,Mus musculus,Kidney,Frozen,Negative,Orbitrap,MALDI
2021-12-06_17h33m55s,5206_S4_1_12.5.2021_c,Mus musculus,Kidney,Frozen,Negative,Orbitrap,MALDI
2021-12-06_17h34m05s,5201_S4_3_12.5.2021_c,Mus musculus,Kidney,Frozen,Negative,Orbitrap,MALDI
2021-12-06_17h34m19s,5201_S4_2_12.5.2021_c,Mus musculus,Kidney,Frozen,Negative,Orbitrap,MALDI
2021-12-06_17h34m30s,5201_S4_1_12.5.2021_c,Mus musculus,Kidney,Frozen,Negative,Orbitrap,MALDI
2021-12-06_17h34m44s,591_S4_3_12.5.2021_c,Mus musculus,Kidney,Frozen,Negative,Orbitrap,MALDI
2021-12-06_17h34m59s,591_S4_2_12.5.2021_c,Mus musculus,Kidney,Frozen,Negative,Orbitrap,MALDI
2021-12-07_22h31m39s,S-2008-000652_Sec2_S1_lip_pos_20211202_DV,Homo sapiens,Kidney,Biopsy,Positive,FTICR,MALDI
2021-12-07_22h32m30s,S-2008-000652-Sec4_S1_lip_pos_20211202_DV,Homo sapiens,Kidney,Biopsy,Positive,FTICR,MALDI
2021-12-09_23h53m39s,S-2006-005052_1_S4_SM_Neg_20211206_AP,Homo sapiens,Kidney,Frozen,Negative,Orbitrap,MALDI
2021-12-10_20h27m46s,S-2006-005052_3_S4_SM_Neg_20211206_AP,Homo sapiens,Kidney,Frozen,Negative,Orbitrap,MALDI
2021-12-10_20h33m03s,S-2006-005052_4_S4_SM_Neg_20211206_AP,Homo sapiens,Kidney,Frozen,Negative,Orbitrap,MALDI
2021-12-10_20h41m09s,S-2006-005052_5_S4_SM_Neg_20211206_AP,Homo sapiens,Kidney,Frozen,Negative,Orbitrap,MALDI
2021-12-10_20h53m07s,S-2006-005052_6_S4_SM_Neg_20211206_AP,Homo sapiens,Kidney,Frozen,Negative,Orbitrap,MALDI
2021-12-10_20h57m39s,S-2010-012954_7_S4_SM_Neg_20211206_AP,Homo sapiens,Kidney,Frozen,Negative,Orbitrap,MALDI
2021-12-10_21h01m39s,S-2010-012954_6_S4_SM_Neg_20211206_AP,Homo sapiens,Kidney,Frozen,Negative,Orbitrap,MALDI
2021-12-10_21h42m23s,S-2010-012954_5_S4_SM_Neg_20211206_AP,Homo sapiens,Kidney,Frozen,Negative,Orbitrap,MALDI
2021-12-10_21h52m17s,S-2010-012954_4_S4_SM_Neg_20211206_AP,Homo sapiens,Kidney,Frozen,Negative,Orbitrap,MALDI
2021-12-10_22h01m33s,S-2010-012954_3_S4_SM_Neg_20211206_AP,Homo sapiens,Kidney,Frozen,Negative,Orbitrap,MALDI
2021-12-10_22h06m18s,S-2010-012954_2_S4_SM_Neg_20211206_AP,Homo sapiens,Kidney,Frozen,Negative,Orbitrap,MALDI
2021-12-10_22h10m20s,S-2010-012954_1_S4_SM_Neg_20211206_AP,Homo sapiens,Kidney,Frozen,Negative,Orbitrap,MALDI
2021-12-14_21h48m57s,20211213_jl_kpmp_036_pilot_neg_mode_1,Homo sapiens,Kidney,Biopsy,Negative,FTICR,MALDI
2021-12-14_22h11m44s,20211213_jl_kpmp_036_pilot_neg_mode_4,Homo sapiens,Kidney,Biopsy,Negative,FTICR,MALDI
2021-12-14_22h24m37s,20211213_jl_kpmp_036_pilot_neg_mode_5,Homo sapiens,Kidney,Biopsy,Negative,FTICR,MALDI
2021-12-15_15h43m38s,#06 _ 20211108_100x60_5um_RAte3#10_AcOH_DAN_Neg_mode_200-2000mz_70K_Laser39_4p5kV_350C_Slens90_Line_leftright_centroid,Mus musculus,Spleen,Normal,Negative,Orbitrap,AP-SMALDI
2021-12-15_22h08m56s,S-2007-003807_1_S1_SM_Neg_20211209_AP,Homo sapiens,Kidney,Frozen,Negative,Orbitrap,MALDI
2021-12-15_22h16m00s,S-2007-003807_2_S1_SM_Neg_20211209_AP,Homo sapiens,Kidney,Frozen,Negative,Orbitrap,MALDI
2021-12-15_22h31m08s,S-2007-003807_3_S1_SM_Neg_20211209_AP,Homo sapiens,Kidney,Frozen,Negative,Orbitrap,MALDI
2021-12-15_22h37m28s,S-2007-003807_4_S1_SM_Neg_20211209_AP,Homo sapiens,Kidney,Frozen,Negative,Orbitrap,MALDI
2021-12-15_22h39m54s,S-2007-003807_5_S1_SM_Neg_20211209_AP,Homo sapiens,Kidney,Frozen,Negative,Orbitrap,MALDI
2021-12-15_22h54m29s,S-2007-003948_1_S1_SM_Neg_20211209_AP,Homo sapiens,Kidney,Frozen,Negative,Orbitrap,MALDI
2021-12-15_22h57m19s,S-2007-003948_2_S1_SM_Neg_20211209_AP,Homo sapiens,Kidney,Frozen,Negative,Orbitrap,MALDI
2021-12-15_23h32m16s,S-2007-003948_4_S1_SM_Neg_20211209_AP,Homo sapiens,Kidney,Frozen,Negative,Orbitrap,MALDI
2021-12-15_23h36m19s,S-2007-003948_5_S1_SM_Neg_20211209_AP,Homo sapiens,Kidney,Frozen,Negative,Orbitrap,MALDI
2021-12-16_15h57m43s,13151_H0_01,Mus musculus,Pancreas,High Fat Diet,Negative,Orbitrap,IR-MALDESI
2021-12-16_15h58m28s,13152_H0_01,Mus musculus,Pancreas,High Fat Diet,Negative,Orbitrap,IR-MALDESI
2021-12-16_15h58m50s,13154_H0_01,Mus musculus,Pancreas,High Fat Diet,Negative,Orbitrap,IR-MALDESI
2021-12-16_15h59m51s,HFD_60,Mus musculus,Pancreas,High Fat Diet,Negative,Orbitrap,IR-MALDESI
2021-12-16_16h03m58s,H12132_60_03,Mus musculus,Pancreas,High Fat Diet,Negative,Orbitrap,IR-MALDESI
2021-12-16_16h04m35s,H12134_60_03,Mus musculus,Pancreas,High Fat Diet,Negative,Orbitrap,IR-MALDESI
2021-12-16_16h05m09s,H12135_0_01,Mus musculus,Pancreas,High Fat Diet,Negative,Orbitrap,IR-MALDESI
2021-12-16_16h05m40s,H13153_0_01,Mus musculus,Pancreas,High Fat Diet,Negative,Orbitrap,IR-MALDESI
2021-12-16_19h40m36s,13156_L0_01,Mus musculus,Pancreas,Low Fat Diet,Negative,Orbitrap,IR-MALDESI
2021-12-16_19h42m21s,13159_L0_01,Mus musculus,Pancreas,Low Fat Diet,Negative,Orbitrap,IR-MALDESI
2021-12-16_19h54m06s,13160_L0_01,Mus musculus,Pancreas,Low Fat Diet,Negative,Orbitrap,IR-MALDESI
2021-12-16_20h21m02s,L12137_60__03,Mus musculus,Pancreas,Low Fat Diet,Negative,Orbitrap,IR-MALDESI
2021-12-16_20h37m26s,L12139_60_03,Mus musculus,Pancreas,Low Fat Diet,Negative,Orbitrap,IR-MALDESI
2021-12-16_20h38m54s,L12140_60_03,Mus musculus,Pancreas,Low Fat Diet,Negative,Orbitrap,IR-MALDESI
2021-12-16_20h39m54s,L13157_L0_01,Mus musculus,Pancreas,Low Fat Diet,Negative,Orbitrap,IR-MALDESI
2021-12-17_18h08m15s,S-2108-005560_8_S1_SM_Neg_20211216_AP,Homo sapiens,Kidney,Frozen,Negative,Orbitrap,MALDI
2021-12-17_18h11m49s,S-2008-007628_1_S1_SM_Neg_20211216_AP,Homo sapiens,Kidney,Frozen,Negative,Orbitrap,MALDI
2021-12-17_18h16m21s,S-2008-007628_2_S1_SM_Neg_20211216_AP,Homo sapiens,Kidney,Frozen,Negative,Orbitrap,MALDI
2021-12-21_19h16m18s,036pilot_sec1_s1_lip_neg_20211220_JL,Homo sapiens,Kidney,Biopsy,Negative,FTICR,MALDI
2021-12-21_19h26m39s,036pilot_sec2_s1_lip_neg_20211220_JL,Homo sapiens,Kidney,Biopsy,Negative,FTICR,MALDI
2021-12-21_19h47m36s,036pilot_sec3_s1_lip_neg_20211220_JL,Homo sapiens,Kidney,Biopsy,Negative,FTICR,MALDI
2021-12-21_20h02m11s,036pilot_sec4_s1_lip_neg_20211220_JL,Homo sapiens,Kidney,Biopsy,Negative,FTICR,MALDI
2021-12-21_20h15m52s,036pilot_mimetic1_s1_lip_neg_20211220_JL,Homo sapiens,Kidney,Biopsy,Negative,FTICR,MALDI
2021-12-21_20h29m07s,036pilot_mimetic2_s1_lip_neg_20211220_JL,Homo sapiens,Kidney,Biopsy,Negative,FTICR,MALDI
2021-12-30_03h00m53s,zebrafish_Brain_no wash_20211229_neg Analyte 4_1,Mus musculus,Kidney,,Positive,qTOF,DESI
2021-12-30_03h22m53s,zebrafish_Brain_no wash_20211229_neg Analyte 4_1,Mus musculus,Kidney,,Negative,qTOF,DESI
2022-01-06_23h29m16s,S-2102-003504_Sec1_S1_lip_pos_20220105_JL,Homo sapiens,Kidney,Biopsy,Positive,FTICR,MALDI
2022-01-06_23h29m37s,S-2102-003504_Sec2_S1_lip_pos_20220105_JL,Homo sapiens,Kidney,Biopsy,Positive,FTICR,MALDI
2022-01-06_23h29m58s,S-2102-003504_Sec3_S1_lip_pos_20220105_JL,Homo sapiens,Kidney,Biopsy,Positive,FTICR,MALDI
2022-01-06_23h30m19s,S-2102-003504_Sec4_S1_lip_pos_20220105_JL,Homo sapiens,Kidney,Biopsy,Positive,FTICR,MALDI
2022-01-06_23h30m42s,S-2102-003504_Sec5_S1_lip_pos_20220105_JL,Homo sapiens,Kidney,Biopsy,Positive,FTICR,MALDI
2022-01-06_23h31m13s,S-2102-003504_Sec6_S1_lip_pos_20220105_JL,Homo sapiens,Kidney,Biopsy,Positive,FTICR,MALDI
2022-01-06_23h31m52s,S-2102-003504_Mimetic1_S1_lip_pos_20220105_JL,Homo sapiens,Kidney,Biopsy,Positive,FTICR,MALDI
2022-01-06_23h32m29s,S-2102-003504_Mimetic2_S1_lip_pos_20220105_JL,Homo sapiens,Kidney,Biopsy,Positive,FTICR,MALDI
2022-01-06_23h33m23s,20220105_jl_torti_ftt_tumor_1,Homo sapiens,Ovary,Tumor,Positive,FTICR,MALDI
2022-01-06_23h34m13s,20220105_jl_torti_ftt_tumor_2,Homo sapiens,Ovary,Tumor,Positive,FTICR,MALDI
2022-01-06_23h35m16s,20220105_jl_torti_ftt_tumor_3,Homo sapiens,Ovary,Tumor,Positive,FTICR,MALDI
2022-01-07_12h26m14s,td01_broadband_dhb,Mus musculus,Brain,Healthy,Positive,FTICR,MALDI
2022-01-07_13h33m50s,td01_broadband_9aa,Mus musculus,Brain,Healthy,Negative,FTICR,MALDI
2022-01-07_13h40m11s,td01_broadband_1-5dan,Mus musculus,Brain,Healthy,Negative,FTICR,MALDI
2022-01-10_19h24m04s,S-2008-007628_Sec1_S2_lip_pos_20220108_JL,Homo sapiens,Kidney,Biopsy,Positive,FTICR,MALDI
2022-01-10_19h24m35s,S-2008-007628_Sec2_S1_lip_pos_20220108_JL,Homo sapiens,Kidney,Biopsy,Positive,FTICR,MALDI
2022-01-10_19h24m54s,S-2008-007628_Sec3_S1_lip_pos_20220108_JL,Homo sapiens,Kidney,Biopsy,Positive,FTICR,MALDI
2022-01-10_19h25m33s,S-2008-007628_Sec4_S1_lip_pos_20220108_JL,Homo sapiens,Kidney,Biopsy,Positive,FTICR,MALDI
2022-01-10_19h25m57s,S-2008-007628_Sec6_S1_lip_pos_20220108_JL,Homo sapiens,Kidney,Biopsy,Positive,FTICR,MALDI
2022-01-10_19h33m26s,S-2008-007628_Sec7_S1_lip_pos_20220108_JL,Homo sapiens,Kidney,Biopsy,Positive,FTICR,MALDI
2022-01-10_19h40m20s,S-2008-007628_Sec8_S1_lip_pos_20220108_JL,Homo sapiens,Kidney,Biopsy,Positive,FTICR,MALDI
2022-01-10_19h47m27s,S-2008-007628_Sec9_S1_lip_pos_20220108_JL,Homo sapiens,Kidney,Biopsy,Positive,FTICR,MALDI
2022-01-10_20h48m04s,S-2008-007628_Mimetic1_S1_lip_pos_20220108_JL,Homo sapiens,Kidney,Biopsy,Positive,FTICR,MALDI
2022-01-10_21h13m17s,S-2008-007628_Mimetic2_S1_lip_pos_20220108_JL,Homo sapiens,Kidney,Biopsy,Positive,FTICR,MALDI
2022-01-12_10h42m57s,20201216_580x326_20um_Mouse_brain_DAN_Neg_mode_200-2000mz_70K_Laser38_6.0kV_400C_Slens90_linemode_centroid,Mus musculus,Brain,Normal,Negative,Orbitrap,AP-SMALDI
2022-01-13_22h49m28s,20220112_jl_torti_ftt_tumor_sims_comp,Homo sapiens,Ovary,Cancer,Positive,FTICR,MALDI
2022-01-17_22h28m27s,047pilot_sec6_s1_lip_neg_20220117_JL,Homo sapiens,Kidney,Biopsy,Negative,FTICR,MALDI
2022-01-17_22h30m20s,047pilot_sec7_s1_lip_neg_20220117_JL,Homo sapiens,Kidney,Biopsy,Negative,FTICR,MALDI
2022-01-17_22h32m10s,047pilot_sec8_s1_lip_neg_20220117_JL,Homo sapiens,Kidney,Biopsy,Negative,FTICR,MALDI
2022-01-17_22h44m46s,047pilot_mimetic1_s1_lip_neg_20220117_JL,Homo sapiens,Kidney,Biopsy,Negative,FTICR,MALDI
2022-01-17_23h04m28s,026pilot_sec5_s1_lip_neg_20220117_JL,Homo sapiens,Kidney,Biopsy,Negative,FTICR,MALDI
2022-01-17_23h21m33s,026pilot_sec4_s1_lip_neg_20220117_JL,Homo sapiens,Kidney,Biopsy,Negative,FTICR,MALDI
2022-01-17_23h33m59s,026pilot_sec3_s1_lip_neg_20220117_JL,Homo sapiens,Kidney,Biopsy,Negative,FTICR,MALDI
2022-01-17_23h48m59s,026pilot_sec2_s1_lip_neg_20220117_JL,Homo sapiens,Kidney,Biopsy,Negative,FTICR,MALDI
2022-01-18_00h17m02s,026pilot_mimetic1_s1_lip_neg_20220117_JL,Homo sapiens,Kidney,Biopsy,Negative,FTICR,MALDI
2022-01-18_00h25m47s,026pilot_mimetic2_s1_lip_neg_20220117_JL,Homo sapiens,Kidney,Biopsy,Negative,FTICR,MALDI
2022-01-19_01h21m11s,047pilot_sec1_s2_lip_neg_20220117_JL,Homo sapiens,Kidney,Biopsy,Negative,FTICR,MALDI
2022-01-19_01h41m42s,047pilot_sec2_s2_lip_neg_20220117_JL,Homo sapiens,Kidney,Biopsy,Negative,FTICR,MALDI
2022-01-19_02h06m06s,047pilot_sec3_s2_lip_neg_20220117_JL,Homo sapiens,Kidney,Biopsy,Negative,FTICR,MALDI
2022-01-19_02h30m55s,047pilot_sec4_s2_lip_neg_20220117_JL,Homo sapiens,Kidney,Biopsy,Negative,FTICR,MALDI
2022-01-19_02h46m41s,047pilot_mimetic1_s2_lip_neg_20220117_JL,Homo sapiens,Kidney,Biopsy,Negative,FTICR,MALDI
2022-01-19_03h09m11s,047pilot_mimetic2_s2_lip_neg_20220117_JL,Homo sapiens,Kidney,Biopsy,Negative,FTICR,MALDI
2022-01-25_08h08m02s,HS_5um_3_A25_200x300_5um_pixelmode_4kV_DHB_X189,Mus musculus,Cerebellum,,Positive,Orbitrap,AP-SMALDI
2022-01-25_08h09m47s,5um_highspeed,Mus musculus,Cerebellum,,Positive,Orbitrap,AP-SMALDI
2022-01-25_21h20m23s,t1_tissue-total ion count,Mus musculus,Ovary,Cancer,Negative,FTICR,MALDI
2022-01-31_08h54m51s,high speed mouse brain spot mode,Mus musculus,Brain,,Positive,Orbitrap,AP-SMALDI
2022-01-31_09h08m54s,high speed mouse brain 1.9 pixels/s,Mus musculus,Brain,,Positive,Orbitrap,AP-SMALDI
2022-01-31_09h18m06s,high speed mouse brain 3.8 pixels/s,Mus musculus,Brain,,Positive,Orbitrap,AP-SMALDI
2022-01-31_09h30m29s,high speed mouse brain 5 pixels/s,Mus musculus,Brain,,Positive,Orbitrap,AP-SMALDI
2022-01-31_09h55m03s,high speed mouse brain 18 pixels/s,Mus musculus,Brain,,Positive,Orbitrap,AP-SMALDI
2022-01-31_18h54m49s,22-01-25_HTprometex_opt_D2_A32_ss25_RF70_CT350_V3.25_20x20_DHBpos,Homo sapiens,Prostate cancer cells,Treated 2-DG,Positive,Orbitrap,AP-SMALDI
2022-01-31_18h55m13s,22-01-25_HTprometex_opt_E2_A32_ss25_RF70_CT350_V3.25_20x20_DHBpos,Homo sapiens,Prostate cancer cells,Wildtype,Positive,Orbitrap,AP-SMALDI
2022-01-31_18h56m56s,22-01-25_HTprometex_opt_G2_A26_ss25_RF70_CT250_V3.1_20x20_NEDCneg,Homo sapiens,Prostate cancer cells,Wildtype,Negative,Orbitrap,AP-SMALDI
2022-01-31_18h58m27s,22-01-25_HTprometex_opt_I1_A30_ss25_RF70_CT250_V3.25_20x20_9AAneg,Homo sapiens,Prostate cancer cells,Wildtype,Negative,Orbitrap,AP-SMALDI
2022-01-31_18h58m59s,22-01-25_HTprometex_opt_J1_A30_ss25_RF70_CT250_V3.25_20x20_9AAneg,Homo sapiens,Prostate cancer cells,Treated 2-DG,Negative,Orbitrap,AP-SMALDI
2022-01-31_21h56m23s,S-1909-007131_3_S2_glyc_pos_20220113_DV,Homo sapiens,Kidney,S-1909-007131,Positive,FTICR,MALDI
2022-02-07_17h44m17s,036_pilot_Sec1_S2_lip_neg_20220203_jl,Homo sapiens,Kidney,Biopsy,Negative,FTICR,MALDI
2022-02-07_18h03m46s,036_pilot_Sec4_S2_lip_neg_20220203_jl,Homo sapiens,Kidney,Biopsy,Negative,FTICR,MALDI
2022-02-07_18h05m58s,036_pilot_Sec3_S2_lip_neg_20220203_jl,Homo sapiens,Kidney,Biopsy,Negative,FTICR,MALDI
2022-02-07_18h06m27s,036_pilot_Mimetic1_S2_lip_neg_20220203_jl,Homo sapiens,Kidney,Biopsy,Negative,FTICR,MALDI
2022-02-07_18h14m30s, 036_pilot_Mimetic2_S2_lip_neg_20220204_jl,Homo sapiens,Kidney,Biopsy,Negative,FTICR,MALDI
2022-02-14_11h58m38s,20220211_608x860_25um_Mouse sample train bloc1#10_Dan spray_Neg_mode_200-1000mz_70K_Laser39_5.5kV_400C_Slens90_line_leftright_centroid,Mus musculus,Lung,normal -asthma,Negative,Orbitrap,AP-SMALDI
2022-02-17_14h13m03s,2022-02-16_NR_LipidTestTh0Ctrl_I2_80x80,Homo sapiens,CD4+ T cells,Wildtype,Positive,Orbitrap,MALDI
2022-02-18_19h10m18s,S-2108-005528_Sec2_S1_lip_pos_20220217_JL,Homo sapiens,Kidney,Biopsy,Positive,FTICR,MALDI
2022-02-18_19h10m35s,S-2108-005528_Sec3_S1_lip_pos_20220217_JL,Homo sapiens,Kidney,Biopsy,Positive,FTICR,MALDI
2022-02-18_19h10m52s,S-2108-005528_Sec4_S1_lip_pos_20220217_JL,Homo sapiens,Kidney,Biopsy,Positive,FTICR,MALDI
2022-02-18_19h11m07s,S-2108-005528_Sec5_S1_lip_pos_20220217_JL,Homo sapiens,Kidney,Biopsy,Positive,FTICR,MALDI
2022-02-18_19h35m00s,S-2108-005528_Mimetic1_S1_lip_pos_20220217_JL,Homo sapiens,Kidney,Biopsy,Positive,FTICR,MALDI
2022-02-18_20h13m13s,S-2108-005528_Mimetic2_S1_lip_pos_20220217_JL,Homo sapiens,Kidney,Biopsy,Positive,FTICR,MALDI
2022-02-18_20h15m12s,S-2108-005528_Sec1_S1_lip_pos_20220217_JL,Homo sapiens,Kidney,Biopsy,Positive,FTICR,MALDI
2022-02-22_11h06m11s,20220221_335x504_40um_Mouse sample train bloc1#10_Dan spray+Plamd31++_Neg_mode_200-1000mz_70K_Laser39_5.5kV_350C_Slens90_line_leftright_centroid,Mus musculus,Lung,normal -asthma,Negative,Orbitrap,AP-SMALDI
2022-02-23_19h47m30s,S-2111-008287_Sec2_S1_lip_pos_20220221_jl,Homo sapiens,Kidney,Biopsy,Positive,FTICR,MALDI
2022-02-23_19h47m48s,S-2111-008287_Sec3_S1_lip_pos_20220221_jl,Homo sapiens,Kidney,Biopsy,Positive,FTICR,MALDI
2022-02-23_19h48m04s,S-2111-008287_Sec4_S1_lip_pos_20220221_jl,Homo sapiens,Kidney,Biopsy,Positive,FTICR,MALDI
2022-02-23_19h48m23s,S-2111-008287_Sec5_S1_lip_pos_20220221_jl,Homo sapiens,Kidney,Biopsy,Positive,FTICR,MALDI
2022-02-23_19h48m42s,S-2111-008287_Sec6_S1_lip_pos_20220221_jl,Homo sapiens,Kidney,Biopsy,Positive,FTICR,MALDI
2022-02-23_19h49m15s,S-2111-008287_Sec8_S1_lip_pos_20220221_jl,Homo sapiens,Kidney,Biopsy,Positive,FTICR,MALDI
2022-02-23_19h50m08s,S-2111-008287_Mimetic1_S1_lip_pos_20220221_jl,Homo sapiens,Kidney,Biopsy,Positive,FTICR,MALDI
2022-02-23_19h52m13s,S-2111-008287_Mimetic2_S1_lip_pos_20220221_jl,Homo sapiens,Kidney,Biopsy,Positive,FTICR,MALDI
2022-02-24_20h57m29s,20220223_jl_torti_ftt_tumor_1,Homo sapiens,Ovary,Tumor,Positive,FTICR,MALDI
2022-02-24_20h58m45s,20220223_jl_torti_ftt_tumor_2,Homo sapiens,Ovary,Tumor,Positive,FTICR,MALDI
2022-02-28_11h15m58s,IR_plasma_fresh_kidney_neg_mz80-305,Mus musculus,Kidney,Wildtype,Negative,Orbitrap,MALDI
2022-02-28_12h36m26s,IR_plasma_FFPE_kidney_neg_mz80-305,Mus musculus,Kidney,Wildtype,Negative,Orbitrap,MALDI
2022-02-28_12h37m31s,20220224_440x704_25um_Mouse sample train bloc3#3_Dan spray+Plamd31++_Neg_mode_200-1000mz_70K_Laser39_5.5kV_350C_Slens90_line_leftright_centroid,Mus musculus,Lung,normal -asthma,Negative,Orbitrap,AP-SMALDI
2022-03-01_14h14m00s,IR_plasma_fresh_kidney_pos_mz80-305,Mus musculus,Kidney,Wildtype,Positive,Orbitrap,MALDI
2022-03-02_08h49m17s,IR_plasma_FFPE_kidney_pos_mz80-305,Mus musculus,Kidney,Wildtype,Positive,Orbitrap,MALDI
2022-03-02_09h12m28s,IR_plasma_FFPE_kidney_neg_mz300-1000,Mus musculus,Kidney,Wildtype,Negative,Orbitrap,MALDI
2022-03-02_09h36m24s,IR_plasma_fresh_kidney_neg_mz300-1000,Mus musculus,Kidney,Wildtype,Negative,Orbitrap,MALDI
2022-03-02_15h56m01s,20220228_564x808_25um_Mouse sample train bloc4#3_Dan spray+Plamd31++_Neg_mode_200-1000mz_70K_Laser39_5.5kV_350C_Slens90_line_leftright_centroid,Mus musculus,Lung,normal -asthma,Negative,Orbitrap,AP-SMALDI
2022-03-03_09h34m18s,IR_plasma_fresh_kidney_pos_mz300-1000,Mus musculus,Kidney,Wildtype,Positive,Orbitrap,MALDI
2022-03-04_09h19m57s,220303_irenelf_9aa_region2_metaspace,Homo sapiens,Cells,No gelatin,Negative,qTOF,MALDI
2022-03-04_10h05m05s,220303_irenelf_9aa_region1_metaspace,Homo sapiens,Cells,No gelatin,Negative,qTOF,MALDI
2022-03-04_11h13m43s,20220302_467x707_25um_Mouse sample train bloc2#3_Dan spray+Plamd31++_Neg_mode_200-1000mz_70K_Laser39_5.5kV_350C_Slens90_line_leftright_centroid,Mus musculus,Lung,normal -asthma,Negative,Orbitrap,AP-SMALDI
2022-03-04_11h20m44s,220303_irenelf_9aa_region3_metaspace,Homo sapiens,Cells,No gelatin,Negative,qTOF,MALDI
2022-03-04_11h34m22s,220303_irenelf_9aa_region4_metaspace,Homo sapiens,Cells,No gelatin,Negative,qTOF,MALDI
2022-03-04_16h56m47s,IR_plasma_FFPE_kidney_pos_mz300-1000,Mus musculus,Kidney,Wildtype,Positive,Orbitrap,MALDI
2022-03-07_11h16m23s,20220304_521x860_25um_Mouse sample train bloc1#7_Dan spray+Plamd31++_Neg_mode_200-1000mz_70K_Laser39_5.5kV_350C_Slens90_line_leftright_centroid,Mus musculus,Lung,normal -asthma,Negative,Orbitrap,AP-SMALDI
2022-03-08_08h31m54s,20220304_mt_torti_sampl_1,Homo sapiens,Ovary,Tumor,Positive,FTICR,MALDI
2022-03-08_16h44m33s,20220307_458x693_25um_Mouse sample train bloc3#4_Dan spray+Plamd31++_Neg_mode_200-1000mz_70K_Laser39_5.5kV_350C_Slens90_line_leftright_centroid,Mus musculus,Lung,normal -asthma,Negative,Orbitrap,AP-SMALDI
2022-03-08_20h56m36s,20220304_mt_torti_sampl_2,Homo sapiens,Ovary,Tumor,Positive,FTICR,MALDI
2022-03-09_19h12m43s,Kidney-right_10ppm_shortlist,Mus musculus,Kidney,Wildtype,Positive,TOF reflector,MALDI
2022-03-10_02h44m37s,kmt3 tissue-total ion count-8.22,Mus musculus,Ovary,Cancer,Negative,FTICR,MALDI
2022-03-10_02h56m21s,t2_tissues_km-total ion count-8.36,Mus musculus,Ovary,Cancer,Negative,FTICR,MALDI
2022-03-13_16h30m45s,22-03-10_Prasad_organoid__S1_s15a30_123x109_DHBpos,Homo sapiens,Glioblastoma,Wildtype,Positive,Orbitrap,MALDI
2022-03-13_16h32m25s,22-02-28_Prasad_organoid__S1_s15a28_111x84_DANneg,Homo sapiens,Glioblastoma,Wildtype,Negative,Orbitrap,MALDI
2022-03-14_17h57m51s,test_torti_35um,Homo sapiens,Spleen,Tumor,Positive,FTICR,MALDI
2022-03-14_18h29m23s,test_torti_200um,Homo sapiens,Spleen,Tumor,Positive,FTICR,MALDI
2022-03-16_18h46m57s,S-1908-000922_2_S1_glyc_pos_20220225_DV,Homo sapiens,Kidney,S-1908-000922,Positive,FTICR,MALDI
2022-03-21_13h17m35s,#12 _ 20211104_25x75_20um_RAte3#7_AcOH-Tol_DHB5mg_POS_mode_200-2000mz_70K_Laser37_4p5kV_350C_Slens90_Line_leftright_centroid,Mus musculus,Spleen,normal,Positive,Orbitrap,AP-SMALDI
2022-03-21_18h51m06s,NHP 41380 LN,Non-human primate (rhesus macaque),Lymph node,RT-SHIV+,Positive,Orbitrap,IR-MALDESI
2022-03-21_20h30m27s,NHP 40437 LN,Non-human primate (rhesus macaque),Lymph node,RT-SHIV+,Positive,Orbitrap,IR-MALDESI
2022-03-22_16h26m12s,NHP 42226 LN,Non-human primate (rhesus macaque),Lymph node,RT-SHIV+,Positive,Orbitrap,IR-MALDESI
2022-03-22_17h23m47s,NHP LN 42827,Non-human primate (rhesus macaque),Lymph node,RT-SHIV+,Positive,Orbitrap,IR-MALDESI
2022-03-28_11h48m50s,20220322_AB_DKFZHypoxia_S2_W2_DANneg_s10a33_20x20_100-400_NCE25,Mus musculus,Liver,Hypoxia,Negative,Orbitrap,AP-SMALDI
2022-03-28_11h48m54s,20220322_AB_DKFZHypoxia_S2_W1_DANneg_s10a33_20x20_100-400_NCE25,Mus musculus,Liver,Normoxia,Negative,Orbitrap,AP-SMALDI
2022-03-28_11h51m46s,20220322_AB_DKFZHypoxia_S2_W4_DANneg_s10a33_20x20_100-400_NCE25,Mus musculus,Liver,Hypoxia + Normoxia,Negative,Orbitrap,AP-SMALDI
2022-03-28_11h51m48s,20220322_AB_DKFZHypoxia_S2_W3_DANneg_s10a33_20x20_100-400_NCE25,Mus musculus,Liver,Hypoxia,Negative,Orbitrap,AP-SMALDI
2022-03-28_11h56m02s,20220322_AB_DKFZHypoxia_S2_W7_DANneg_s10a33_20x20_100-400_NCE25,Mus musculus,Liver,Normoxia,Negative,Orbitrap,AP-SMALDI
2022-03-28_11h56m04s,20220322_AB_DKFZHypoxia_S2_W8_DANneg_s10a33_20x20_100-400_NCE25,Mus musculus,Liver,Hypoxia + Normoxia,Negative,Orbitrap,AP-SMALDI
2022-03-28_11h56m06s,20220322_AB_DKFZHypoxia_S2_W6_DANneg_s10a33_20x20_100-400_NCE25,Mus musculus,Liver,Hypoxia,Negative,Orbitrap,AP-SMALDI
2022-03-28_11h56m07s,20220322_AB_DKFZHypoxia_S2_W5_DANneg_s10a33_20x20_100-400_NCE25,Mus musculus,Liver,Normoxia,Negative,Orbitrap,AP-SMALDI
2022-03-30_18h38m10s,ControlEye-1,Mus musculus,Eye,Wildtype,Positive,TOF reflector,MALDI
2022-03-30_18h56m35s,ControlEye2,Mus musculus,Eye,Wildtype,Positive,TOF reflector,MALDI
2022-03-30_19h09m25s,ControlEye-3,Mus musculus,Eye,Wildtype,Positive,TOF reflector,MALDI
2022-03-30_19h20m12s,MutantEye-01,Mus musculus,Eye,Mutant,Positive,TOF reflector,MALDI
2022-03-30_19h29m56s,MutantEye-2,Mus musculus,Eye,Mutant,Positive,TOF reflector,MALDI
2022-03-30_19h40m05s,MutantEye-3,Mus musculus,Eye,Mutant,Positive,TOF reflector,MALDI
2022-04-03_20h36m28s,183_ifn,Homo sapiens,Mesenchymal stromal cells,IFN treated,Positive,FTICR,MALDI
2022-04-04_22h54m13s,20220331_tort_cntrl_erastin_12dhb_001_a11_c_erastin_1,Homo sapiens,Ovary,Tumor,Positive,FTICR,MALDI
2022-04-05_01h59m18s,20220331_tort_cntrl_erastin_12dhb_001_a13_t_cntl_2,Homo sapiens,Ovary,Tumor,Positive,FTICR,MALDI
2022-04-07_02h40m42s,Positive mode_Norharmane Well 1_Centroid,Homo sapiens,neuron,Healthy,Positive,Orbitrap,MALDI
2022-04-07_05h30m15s,SA8 control,Homo sapiens,HaCaT cells,Healthy,Positive,timsTOF Flex,MALDI
2022-04-11_10h23m28s,2022-04-10_AB_DKFZHypoxia_S3_W1_DANneg_s10a33_100x100_100-400_NCE25,Mus musculus,Liver,Normoxia,Negative,Orbitrap,AP-SMALDI
2022-04-11_10h24m59s,2022-04-10_AB_DKFZHypoxia_S3_W2_DANneg_s10a33_100x100_100-400_NCE25,Mus musculus,Liver,Hypoxia,Negative,Orbitrap,AP-SMALDI
2022-04-11_10h26m29s,2022-04-10_AB_DKFZHypoxia_S3_W3_DANneg_s10a33_100x100_100-400_NCE25,Mus musculus,Liver,Hypoxia,Negative,Orbitrap,AP-SMALDI
2022-04-11_10h28m11s,2022-04-10_AB_DKFZHypoxia_S3_W4_DANneg_s10a33_100x100_100-400_NCE25,Mus musculus,Liver,Hypoxia + Normoxia,Negative,Orbitrap,AP-SMALDI
2022-04-11_10h31m36s,2022-04-10_AB_DKFZHypoxia_S3_W5_DANneg_s10a33_100x100_100-400_NCE25,Mus musculus,Liver,Normoxia,Negative,Orbitrap,AP-SMALDI
2022-04-11_10h35m03s,2022-04-10_AB_DKFZHypoxia_S3_W6_DANneg_s10a33_100x100_100-400_NCE25,Mus musculus,Liver,Hypoxia,Negative,Orbitrap,AP-SMALDI
2022-04-11_10h41m48s,2022-04-10_AB_DKFZHypoxia_S3_W7_DANneg_s10a33_100x100_100-400_NCE25,Mus musculus,Liver,Normoxia,Negative,Orbitrap,AP-SMALDI
2022-04-11_10h43m23s,2022-04-10_AB_DKFZHypoxia_S3_W8_DANneg_s10a33_100x100_100-400_NCE25,Mus musculus,Liver,Hypoxia + Normoxia,Negative,Orbitrap,AP-SMALDI
2022-04-14_10h46m03s,2022-04-13_ME_DKFZACLY_S1_W1_DANneg_s10a33_100x100_100-400_NCE25,Mus musculus,Liver,Wildtype,Negative,Orbitrap,AP-SMALDI
2022-04-14_10h58m32s,2022-04-13_ME_DKFZACLY_S1_W2_DANneg_s10a33_100x100_100-400_NCE25,Mus musculus,Liver,Wildtype,Negative,Orbitrap,AP-SMALDI
2022-04-14_11h08m04s,2022-04-13_ME_DKFZACLY_S1_W3_DANneg_s10a33_100x100_100-400_NCE25,Mus musculus,Liver,ACLYkd Ol.2,Negative,Orbitrap,AP-SMALDI
2022-04-14_11h11m49s,2022-04-13_ME_DKFZACLY_S1_W5_DANneg_s10a33_100x100_100-400_NCE25,Mus musculus,Liver,Wildtype,Negative,Orbitrap,AP-SMALDI
2022-04-14_11h15m05s,2022-04-13_ME_DKFZACLY_S1_W6_DANneg_s10a33_100x100_100-400_NCE25,Mus musculus,Liver,Wildtype,Negative,Orbitrap,AP-SMALDI
2022-04-14_14h44m15s,2022-04-13_ME_DKFZACLY_S1_W7_DANneg_s10a33_100x100_100-400_NCE25,Mus musculus,Liver,ACLY Ol.1,Negative,Orbitrap,AP-SMALDI
2022-04-14_14h45m46s,2022-04-13_ME_DKFZACLY_S1_W8_DANneg_s10a33_100x100_100-400_NCE25,Mus musculus,Liver,Wildtype,Negative,Orbitrap,AP-SMALDI
2022-04-14_15h07m57s,2022-04-14_ME_DKFZACLY_S1_W4_DANneg_s10a33_100x100_100-400_NCE25,Mus musculus,Liver,Wildtype,Negative,Orbitrap,AP-SMALDI
2022-04-16_08h17m46s,2022-04-14_ME_DKFZACLY_S2_W8_DANneg_s10a33_100x100_100-400_NCE25,Mus musculus,Liver,Wildtype,Negative,Orbitrap,AP-SMALDI
2022-04-16_08h17m52s,2022-04-14_ME_DKFZACLY_S2_W7_DANneg_s10a33_100x100_100-400_NCE25,Mus musculus,Liver,ACLY Ol.1,Negative,Orbitrap,AP-SMALDI
2022-04-16_08h17m59s,2022-04-14_ME_DKFZACLY_S2_W6_DANneg_s10a33_100x100_100-400_NCE25,Mus musculus,Liver,Wildtype,Negative,Orbitrap,AP-SMALDI
2022-04-16_08h18m07s,2022-04-14_ME_DKFZACLY_S2_W5_DANneg_s10a33_100x100_100-400_NCE25,Mus musculus,Liver,Wildtype,Negative,Orbitrap,AP-SMALDI
2022-04-16_08h18m19s,2022-04-14_ME_DKFZACLY_S2_W4_DANneg_s10a33_100x100_100-400_NCE25,Mus musculus,Liver,Wildtype,Negative,Orbitrap,AP-SMALDI
2022-04-16_08h18m25s,2022-04-14_ME_DKFZACLY_S2_W3_DANneg_s10a33_100x100_100-400_NCE25,Mus musculus,Liver,ACLYkd Ol.2,Negative,Orbitrap,AP-SMALDI
2022-04-16_08h18m31s,2022-04-14_ME_DKFZACLY_S2_W2_DANneg_s10a33_100x100_100-400_NCE25,Mus musculus,Liver,Wildtype,Negative,Orbitrap,AP-SMALDI
2022-04-16_08h18m39s,2022-04-14_ME_DKFZACLY_S2_W1_DANneg_s10a33_100x100_100-400_NCE25,Mus musculus,Liver,Wildtype,Negative,Orbitrap,AP-SMALDI
2022-04-16_08h21m49s,2022-04-14_ME_DKFZACLY_S3_W2_DANneg_s10a33_100x100_100-400_NCE25,Mus musculus,Liver,Wildtype,Negative,Orbitrap,AP-SMALDI
2022-04-16_08h22m12s,2022-04-14_ME_DKFZACLY_S3_W1_DANneg_s10a33_100x100_100-400_NCE25,Mus musculus,Liver,Wildtype,Negative,Orbitrap,AP-SMALDI
2022-04-16_08h22m38s,2022-04-14_ME_DKFZACLY_S3_W4_DANneg_s10a33_100x100_100-400_NCE25,Mus musculus,Liver,Wildtype,Negative,Orbitrap,AP-SMALDI
2022-04-16_08h22m39s,2022-04-14_ME_DKFZACLY_S3_W3_DANneg_s10a33_100x100_100-400_NCE25,Mus musculus,Liver,ACLYkd Ol.2,Negative,Orbitrap,AP-SMALDI
2022-04-16_08h23m12s,2022-04-14_ME_DKFZACLY_S3_W5_DANneg_s10a33_100x100_100-400_NCE25,Mus musculus,Liver,Wildtype,Negative,Orbitrap,AP-SMALDI
2022-04-16_08h23m31s,2022-04-14_ME_DKFZACLY_S3_W7_DANneg_s10a33_100x100_100-400_NCE25,Mus musculus,Liver,ACLY Ol.1,Negative,Orbitrap,AP-SMALDI
2022-04-16_08h23m36s,2022-04-14_ME_DKFZACLY_S3_W6_DANneg_s10a33_100x100_100-400_NCE25,Mus musculus,Liver,Wildtype,Negative,Orbitrap,AP-SMALDI
2022-04-16_08h23m55s,2022-04-14_ME_DKFZACLY_S3_W8_DANneg_s10a33_100x100_100-400_NCE25,Mus musculus,Liver,Wildtype,Negative,Orbitrap,AP-SMALDI
2022-04-22_13h43m51s,case4-39_V1_pos,Homo sapiens,Brain,Healthy,Positive,Orbitrap,MALDI
2022-04-22_13h50m55s,case3-49_MFS_pos,Homo sapiens,Brain,Healthy,Positive,Orbitrap,MALDI
2022-04-22_13h53m22s,case3-49_CoS_pos,Homo sapiens,Brain,Healthy,Positive,Orbitrap,MALDI
2022-04-22_13h57m25s,case3-49_V1_pos,Homo sapiens,Brain,Healthy,Positive,Orbitrap,MALDI
2022-04-22_13h58m27s,case2-49_MFS_pos,Homo sapiens,Brain,Healthy,Positive,Orbitrap,MALDI
2022-04-22_13h59m24s,case2-49_CoS_pos,Homo sapiens,Brain,Healthy,Positive,Orbitrap,MALDI
2022-04-22_14h00m05s,case2-49_V1_pos,Homo sapiens,Brain,Healthy,Positive,Orbitrap,MALDI
2022-05-06_18h26m06s,20220504_Exploris_Brain_CSR20um_6kHz_40pc_60kIT180ms_5Hz,Mus musculus,Brain,Section,Positive,Exploris 480,AP-MALDI
2022-05-06_22h55m06s,05042022_torti_c12_c13_v2_erastin,Homo sapiens,Ovary,Tumor,Positive,FTICR,MALDI
2022-05-07_01h01m45s,05042022_torti_c12_c13_v2,Mixed,Ovary,Tumor,Positive,FTICR,MALDI
2022-05-16_11h22m05s,Brain_MALDI-1_Pos_lowmz_resamp1405,Mus musculus,Brain,Wildtype,Positive,Orbitrap,MALDI
2022-05-16_11h31m22s,Brain_MALDI-2_Pos_lowmz_resamp1405,Mus musculus,Brain,Wildtype,Positive,Orbitrap,MALDI
2022-05-17_15h40m15s,20220513_1332x914_8um_TB Left Lobe#6_Mice_AcOH_AND_Neg_mode_250-2000mz_70K_Laser39_5p0kV_350C_Slens900_Line_leftright_centroid,Mus musculus,Lung,infected,Negative,Orbitrap,AP-SMALDI
2022-05-18_01h14m25s,S-1908-000922_1_S1_glyc_pos_20220512_DV,Homo sapiens,Kidney,922_50um,Positive,FTICR,MALDI
2022-05-18_01h15m37s,S-1908-000922_2_S1_glyc_pos_20220512_DV,Homo sapiens,Kidney,922_50um,Positive,FTICR,MALDI
2022-05-21_20h01m28s,S-2107-023624_3_S3_SM_Neg_20220520_GZ,Homo sapiens,Kidney,,Negative,Orbitrap,MALDI
2022-05-21_20h02m10s,S-2103-004078_5_S3_SM_Neg_20220520_GZ,Homo sapiens,Kidney,,Negative,Orbitrap,MALDI
2022-05-21_20h02m41s,S-2103-004150_5_S3_SM_Neg_20220520_GZ,Homo sapiens,Kidney,,Negative,Orbitrap,MALDI
2022-05-21_20h03m48s,S-2107-023624_4_S3_SM_Neg_20220520_GZ,Homo sapiens,Kidney,,Negative,Orbitrap,MALDI
2022-05-21_20h04m28s,S-2103-004078_11_S3_SM_Neg_20220520_GZ,Homo sapiens,Kidney,,Negative,Orbitrap,MALDI
2022-05-21_20h04m48s,S-2103-004150_10_S3_SM_Neg_20220520_GZ,Homo sapiens,Kidney,,Negative,Orbitrap,MALDI
2022-05-21_20h06m35s,S-2107-023624_15_S3_SM_Neg_20220520_GZ,Homo sapiens,Kidney,,Negative,Orbitrap,MALDI
2022-05-23_14h27m35s,RawNG_Thawed,Mus musculus,Liver,,Positive,Orbitrap,IR-MALDESI
2022-05-23_14h28m02s,RawNG_Ice,Mus musculus,Liver,,Positive,Orbitrap,IR-MALDESI
2022-05-23_14h29m06s,RawNG_Frozen,Mus musculus,Liver,,Positive,Orbitrap,IR-MALDESI
2022-05-23_14h36m21s,Obj_Frozen_,Mus musculus,Liver,,Positive,Orbitrap,IR-MALDESI
2022-05-23_14h40m53s,Obj_Ice_,Mus musculus,Liver,,Positive,Orbitrap,IR-MALDESI
2022-05-23_14h42m31s,Obj_Thawed,Mus musculus,Liver,,Positive,Orbitrap,IR-MALDESI
2022-05-23_14h46m46s,Obj_75_ice,Mus musculus,Liver,,Positive,Orbitrap,IR-MALDESI
2022-05-23_14h47m09s,Obj_65_ice,Mus musculus,Liver,,Positive,Orbitrap,IR-MALDESI
2022-05-23_14h47m32s,Obj_55_ice,Mus musculus,Liver,,Positive,Orbitrap,IR-MALDESI
2022-05-23_14h48m18s,Obj_35_ice,Mus musculus,Liver,,Positive,Orbitrap,IR-MALDESI
2022-05-23_14h49m45s,Obj_75_thaw,Mus musculus,Liver,,Positive,Orbitrap,IR-MALDESI
2022-05-23_14h50m02s,Obj_65_thaw,Mus musculus,Liver,,Positive,Orbitrap,IR-MALDESI
2022-05-23_14h50m19s,Obj_55_thaw,Mus musculus,Liver,,Positive,Orbitrap,IR-MALDESI
2022-05-23_14h50m42s,Obj_45_thaw,Mus musculus,Liver,,Positive,Orbitrap,IR-MALDESI
2022-05-23_14h50m59s,Obj_35_thaw,Mus musculus,Liver,,Positive,Orbitrap,IR-MALDESI
2022-05-23_14h51m14s,Obj_25_thaw,Mus musculus,Liver,,Positive,Orbitrap,IR-MALDESI
2022-05-28_03h10m36s,20220523_lipids_test,Mixed,tissue section,,Positive,12T FTICR,MALDI
2022-05-30_19h16m00s,5um_highspeed,Mus musculus,Brain,Frozen,Positive,Orbitrap,AP-SMALDI
2022-05-30_19h17m45s,MM_53_mousebrain_CMAF_10PS_200x200_10um_A40,Mus musculus,Brain,Frozen,Positive,Orbitrap,AP-SMALDI
2022-05-30_20h03m10s,MM_54_mousebrain_pixelAF_200x200_10um_A40,Mus musculus,Brain,Frozen,Positive,Orbitrap,AP-SMALDI
2022-05-30_20h04m48s,"MM_50_mousebrain_CMAF_1,9PS_300x300_10um_A40",Mus musculus,Brain,Frozen,Positive,Orbitrap,AP-SMALDI
2022-05-30_20h07m49s,"MM_51_mousebrain_CMAF_3,8PS_200x200_10um_A40",Mus musculus,Brain,Frozen,Positive,Orbitrap,AP-SMALDI
2022-05-30_20h09m30s,MM_52_mousebrain_CMAF_5PS_200x200_10um_A40,Mus musculus,Brain,Frozen,Positive,Orbitrap,AP-SMALDI
2022-05-30_20h18m04s,FP2_18PS_CM_cerebellum_200x200_10um_A20_3kV_1_X003,Mus musculus,Brain,Frozen,Positive,Orbitrap,AP-SMALDI
2022-05-30_20h44m19s,FullPixel4_stitch,Mus musculus,Brain,Frozen,Positive,Orbitrap,AP-SMALDI
2022-05-31_10h25m40s,HS_5um_3_A25_200x300_5um_pixelmode_4kV_DHB_X189,Mus musculus,Brain,Frozen,Positive,Orbitrap,AP-SMALDI
2022-05-31_10h25m56s,HS_5um_3_A25_300x100_5um_5PS_4kV_DHB_X186,Mus musculus,Brain,Frozen,Positive,Orbitrap,AP-SMALDI
2022-05-31_10h26m09s,HS_5um_3_A25_300x100_5um_10PS_4kV_DHB_X187,Mus musculus,Brain,Frozen,Positive,Orbitrap,AP-SMALDI
2022-05-31_10h26m26s,HS_5um_3_A25_300x100_5um_18PS_4kV_DHB_X188,Mus musculus,Brain,Frozen,Positive,Orbitrap,AP-SMALDI
2022-05-31_10h27m17s,FullPixel4_125x260_50um_fullpixel_A30_X100,Mus musculus,Brain,Frozen,Positive,Orbitrap,AP-SMALDI
2022-05-31_10h46m34s,"MM_76_mousebrain_325x226_40um_laseronoff_1,9PS_A40",Mus musculus,Brain,Frozen,Positive,Orbitrap,AP-SMALDI
2022-06-09_18h53m26s,S-2103-004042_Mimetic1_S3_SM_Neg_20220526_GZ,Homo sapiens,Kidney,,Negative,Orbitrap,MALDI
2022-06-09_18h54m23s,S-2103-004042_Mimetic2_S3_SM_Neg_20220526_GZ,Homo sapiens,Kidney,,Negative,Orbitrap,MALDI
2022-06-09_18h55m40s,S-2103-004042_3_S3_SM_Neg_20220526_GZ,Homo sapiens,Kidney,,Negative,Orbitrap,MALDI
2022-06-09_18h56m28s,S-2103-004042_7_S3_SM_Neg_20220526_GZ,Homo sapiens,Kidney,,Negative,Orbitrap,MALDI
2022-06-09_18h57m38s,S-2103-004042_9_S3_SM_Neg_20220526_GZ,Homo sapiens,Kidney,,Negative,Orbitrap,MALDI
2022-06-09_18h58m27s,S-2103-004042_10_S3_SM_Neg_20220526_GZ,Homo sapiens,Kidney,,Negative,Orbitrap,MALDI
2022-06-09_18h59m11s,S-2103-004114_3_S3_SM_Neg_20220526_GZ,Homo sapiens,Kidney,,Negative,Orbitrap,MALDI
2022-06-09_18h59m58s,S-2103-004114_7_S3_SM_Neg_20220526GZ,Homo sapiens,Kidney,,Negative,Orbitrap,MALDI
2022-06-09_19h00m35s,S-2103-004114_9_S3_SM_Neg_20220526_GZ,Homo sapiens,Kidney,,Negative,Orbitrap,MALDI
2022-06-09_19h02m47s,S-2103-004114_10_S3_SM_Neg_20220526_GZ,Homo sapiens,Kidney,,Negative,Orbitrap,MALDI
2022-06-09_19h04m03s,S-2103-004123_3_S3_SM_Neg_20220526_GZ,Homo sapiens,Kidney,,Negative,Orbitrap,MALDI
2022-06-09_19h04m59s,S-2103-004123_7_S3_SM_Neg_20220526_GZ,Homo sapiens,Kidney,,Negative,Orbitrap,MALDI
2022-06-09_19h05m42s,S-2103-004123_9_S3_SM_Neg_20220526_GZ,Homo sapiens,Kidney,,Negative,Orbitrap,MALDI
2022-06-09_19h06m46s,S-2103-004123_10_S3_SM_Neg_20220526_GZ,Homo sapiens,Kidney,,Negative,Orbitrap,MALDI
2022-06-09_20h24m10s,S-2006-002396_3_S3_SM_Neg_20220608_GZ,Homo sapiens,Kidney,,Negative,Orbitrap,MALDI
2022-06-09_20h25m24s,S-2006-002396_7_S3_SM_Neg_20220608_GZ,Homo sapiens,Kidney,,Negative,Orbitrap,MALDI
2022-06-09_20h26m30s,S-2006-002396_9_S3_SM_Neg_20220608_GZ,Homo sapiens,Kidney,,Negative,Orbitrap,MALDI
2022-06-09_20h28m07s,S-2006-002396_10_S3_SM_Neg_20220608_GZ,Homo sapiens,Kidney,,Negative,Orbitrap,MALDI
2022-06-09_20h28m59s,S-2102-003504_3_S3_SM_Neg_20220608_GZ,Homo sapiens,Kidney,,Negative,Orbitrap,MALDI
2022-06-09_20h29m27s,S-2102-003504_7_S3_SM_Neg_20220608_GZ,Homo sapiens,Kidney,,Negative,Orbitrap,MALDI
2022-06-09_20h30m14s,S-2102-003504_9_S3_SM_Neg_20220608_GZ,Homo sapiens,Kidney,,Negative,Orbitrap,MALDI
2022-06-09_20h30m53s,S-2102-003504_10_S3_SM_Neg_20220608_GZ,Homo sapiens,Kidney,,Negative,Orbitrap,MALDI
2022-06-09_20h33m39s,S-2108-005528_3_S3_SM_Neg_20220608_GZ,Homo sapiens,Kidney,,Negative,Orbitrap,MALDI
2022-06-09_20h35m35s,S-2108-005528_7_S3_SM_Neg_20220608_GZ,Homo sapiens,Kidney,,Negative,Orbitrap,MALDI
2022-06-09_20h36m24s,S-2108-005528_11_S3_SM_Neg_20220608_GZ,Homo sapiens,Kidney,,Negative,Orbitrap,MALDI
2022-06-09_20h40m16s,S-2108-005528_12_S3_SM_Neg_20220608_GZ,Homo sapiens,Kidney,,Negative,Orbitrap,MALDI
2022-06-11_22h18m44s,024_3_S3_SM_Neg_20220609_GZ,Homo sapiens,Kidney,,Negative,Orbitrap,MALDI
2022-06-11_22h21m56s,024_7_S3_SM_Neg_20220609_GZ,Homo sapiens,Kidney,,Negative,Orbitrap,MALDI
2022-06-11_22h24m24s,024_9_S3_SM_Neg_20220609_GZ,Homo sapiens,Kidney,,Negative,Orbitrap,MALDI
2022-06-11_22h26m09s,024_Mimetic1_S3_SM_Neg_20220609_GZ,Homo sapiens,Kidney,,Negative,Orbitrap,MALDI
2022-06-11_22h26m37s,024_Mimetic2_S3_SM_Neg_20220609_GZ,Homo sapiens,Kidney,,Negative,Orbitrap,MALDI
2022-06-11_22h27m57s,S-2006-001995_3_S3_SM_Neg_20220609_GZ,Homo sapiens,Kidney,,Negative,Orbitrap,MALDI
2022-06-11_22h29m46s,S-2006-001995_7_S3_SM_Neg_20220609_GZ,Homo sapiens,Kidney,,Negative,Orbitrap,MALDI
2022-06-11_22h31m01s,S-2006-001995_9_S3_SM_Neg_20220609_GZ,Homo sapiens,Kidney,,Negative,Orbitrap,MALDI
2022-06-11_22h31m21s,S-2006-001995_10_S3_SM_Neg_20220609_GZ,Homo sapiens,Kidney,,Negative,Orbitrap,MALDI
2022-06-11_22h32m54s,S-2111-008287_3_S3_SM_Neg_20220609_GZ,Homo sapiens,Kidney,,Negative,Orbitrap,MALDI
2022-06-11_22h33m32s,S-2111-008287_7_S3_SM_Neg_20220609_GZ,Homo sapiens,Kidney,,Negative,Orbitrap,MALDI
2022-06-11_22h34m57s,S-2111-008287_9_S3_SM_Neg_20220609_GZ,Homo sapiens,Kidney,,Negative,Orbitrap,MALDI
2022-06-11_22h35m32s,S-2111-008287_10_S3_SM_Neg_20220609_GZ,Homo sapiens,Kidney,,Negative,Orbitrap,MALDI
2022-06-11_22h36m21s,S-2108-005528_11_S3_SM_Neg_20220608_GZ1,Homo sapiens,Kidney,,Negative,Orbitrap,MALDI
2022-06-11_22h37m37s,S-2107-023651_Mimetic1_S3_SM_Neg_20220610_GZ,Homo sapiens,Kidney,,Negative,Orbitrap,MALDI
2022-06-11_22h38m49s,S-2107-023579_3_S3_SM_Neg_20220610_GZ,Homo sapiens,Kidney,,Negative,Orbitrap,MALDI
2022-06-11_22h41m29s,S-2107-023579_7_S3_SM_Neg_20220610_GZ,Homo sapiens,Kidney,,Negative,Orbitrap,MALDI
2022-06-11_22h42m21s,S-2107-023579_10_S3_SM_Neg_20220610_GZ,Homo sapiens,Kidney,,Negative,Orbitrap,MALDI
2022-06-11_22h42m52s,S-2107-023606_3_S3_SM_Neg_20220610_GZ,Homo sapiens,Kidney,,Negative,Orbitrap,MALDI
2022-06-11_22h44m09s,S-2107-023606_7_S3_SM_Neg_20220610_GZ,Homo sapiens,Kidney,,Negative,Orbitrap,MALDI
2022-06-11_22h45m05s,S-2107-023606_9_S3_SM_Neg_20220610_GZ,Homo sapiens,Kidney,,Negative,Orbitrap,MALDI
2022-06-11_22h46m07s,S-2107-023606_10_S3_SM_Neg_20220610_GZ,Homo sapiens,Kidney,,Negative,Orbitrap,MALDI
2022-06-11_22h46m38s,S-2107-023651_3_S3_SM_Neg_20220610_GZ,Homo sapiens,Kidney,,Negative,Orbitrap,MALDI
2022-06-11_22h48m25s,S-2107-023651_7_S3_SM_Neg_20220610_GZ,Homo sapiens,Kidney,,Negative,Orbitrap,MALDI
2022-06-11_22h49m31s,S-2107-023651_9_S3_SM_Neg_20220610_GZ,Homo sapiens,Kidney,,Negative,Orbitrap,MALDI
2022-06-11_22h53m48s,S-2107-023651_11_S3_SM_Neg_20220610_GZ,Homo sapiens,Kidney,,Negative,Orbitrap,MALDI
2022-06-12_08h07m32s,S-2108-005528_11_S3_SM_Neg_20220608_GZ1_ML,Homo sapiens,Kidney,,Negative,Orbitrap,MALDI
2022-06-20_21h10m49s,TM_Thawed5,Mus musculus,Liver,,Positive,Orbitrap,IR-MALDESI
2022-06-20_21h13m02s,TM_Glycerol6,Mus musculus,Liver,,Positive,Orbitrap,IR-MALDESI
2022-06-25_19h48m26s,S-2103-004186_3_S3_SM_Neg_20220624_GZ,Homo sapiens,Kidney,,Negative,Orbitrap,MALDI
2022-06-25_19h49m13s,S-2103-004186_7_S3_SM_Neg_20220624_GZ,Homo sapiens,Kidney,,Negative,Orbitrap,MALDI
2022-06-25_19h49m59s,S-2103-004186_9_S3_SM_Neg_20220624_GZ,Homo sapiens,Kidney,,Negative,Orbitrap,MALDI
2022-06-25_19h51m09s,S-2103-004186_10_S3_SM_Neg_20220624_GZ,Homo sapiens,Kidney,,Negative,Orbitrap,MALDI
2022-06-25_19h53m12s,S-2107-023561_3_S3_SM_Neg_20220624_GZ,Homo sapiens,Kidney,,Negative,Orbitrap,MALDI
2022-06-25_19h55m06s,S-2107-023561_7_S3_SM_Neg_20220624_GZ,Homo sapiens,Kidney,,Negative,Orbitrap,MALDI
2022-06-25_19h56m30s,S-2107-023561_9_S3_SM_Neg_20220624_GZ],Homo sapiens,Kidney,,Negative,Orbitrap,MALDI
2022-06-25_19h56m54s,S-2107-023561_11_S3_SM_Neg_20220624_GZ],Homo sapiens,Kidney,,Negative,Orbitrap,MALDI
2022-06-25_20h04m20s,S-2107-023597_3_S3_SM_Neg_20220624_GZ,Homo sapiens,Kidney,,Negative,Orbitrap,MALDI
2022-06-25_20h06m35s,S-2107-023597_7_S3_SM_Neg_20220624_GZ,Homo sapiens,Kidney,,Negative,Orbitrap,MALDI
2022-06-25_20h08m30s,S-2107-023597_9_S3_SM_Neg_20220624_GZ,Homo sapiens,Kidney,,Negative,Orbitrap,MALDI
2022-06-25_20h09m44s,S-2107-023597_10_S3_SM_Neg_20220624_GZ,Homo sapiens,Kidney,,Negative,Orbitrap,MALDI
2022-07-06_09h33m52s,MPIMM_288_QE_P,Mus musculus,Gut,Wildtype,Positive,Orbitrap,AP-SMALDI
2022-07-07_08h51m01s,MPIMM_289_QE_P,Mus musculus,Gut,Wildtype,Positive,Orbitrap,AP-SMALDI
2022-07-07_09h49m42s,DHB_matrix comparison,Mouse Brain,,Wildtype,Positive,Orbitrap,AP-SMALDI
2022-07-07_09h50m07s,DHAP_matrix comparision_positive-ion mode,Mouse Brain,,Wildtype,Positive,Orbitrap,AP-SMALDI
2022-07-07_09h50m35s,CHCA_matrix comparision,Mouse Brain,,Wildtype,Positive,Orbitrap,AP-SMALDI
2022-07-07_11h36m24s,DHAP_matrix comparision_negative-ion mode,Mouse Brain,,Wildtype,Negative,Orbitrap,AP-SMALDI
2022-07-07_11h43m24s,9-AA_matrix comparision,Mouse Brain,,Wildtype,Negative,Orbitrap,AP-SMALDI
2022-07-07_11h49m23s,DAN_matrix comparison,Mouse Brain,,Wildtype,Negative,Orbitrap,AP-SMALDI
2022-07-08_20h45m00s,whole body xenograft (1) [RMS norm]_Reuploaded,Mus musculus,Whole organism,Cancer,Positive,FTICR,MALDI
2022-07-08_21h23m44s,Row001,Mus musculus,Whole organism,Drug treated,Positive,Orbitrap,DESI
2022-07-08_21h30m40s,Servier_Ctrl_mouse_wb_media_Reuploadedn_plane_DHB,Mus musculus,Whole organism,Drug treated,Positive,FTICR,MALDI
2022-07-08_21h54m24s,20200825_Slide 1_DDA_2022-7-8T20-2-42,Mus musculus,Liver,Wildtype,Negative,Orbitrap,MALDI
2022-07-11_15h54m19s,FTICR-mouseBrain-sec1,Mus musculus,Brain,Wildtype,Negative,FTICR,MALDI
2022-07-11_16h03m35s,FTICR-mouseBrain-sec2,Mus musculus,Brain,Wildtype,Negative,FTICR,MALDI
2022-07-11_16h05m49s,FTICR-mouseBrain-sec3,Mus musculus,Brain,Wildtype,Negative,FTICR,MALDI
2022-07-11_16h07m45s,FTICR-mouseBrain-sec4,Mus musculus,Brain,Wildtype,Negative,FTICR,MALDI
2022-07-11_16h49m49s,FTICR - IDHmut vs IDHwt GB - set1,Homo sapiens,Brain,Glioblastoma,Negative,FTICR,MALDI
2022-07-11_16h50m37s,FTICR - IDHmut vs IDHwt GB - set2,Homo sapiens,Brain,Glioblastoma,Negative,FTICR,MALDI
2022-07-11_16h54m42s,FTICR - IDHmut vs IDHwt GB - set3,Homo sapiens,Brain,Glioblastoma,Negative,FTICR,MALDI
2022-07-11_17h11m07s,FTICR-GIST-Q1 imatinib dilution series-normalized to IS,Homo sapiens,Small intestine,Normal,Positive,FTICR,MALDI
2022-07-11_19h16m08s,20220709_MouseBrain_214_C_421x328_Att30_25um,Mus musculus,Brain,,Positive,Orbitrap,MALDI
2022-07-11_21h25m18s,20220710_MouseBrain_214_E_415x292_Att30_25um,Mus musculus,Brain,,Positive,Orbitrap,MALDI
2022-07-13_11h33m44s,20220711_MouseBrain_214_D_447x327_Att30_25um,Mus musculus,Brain,,Positive,Orbitrap,MALDI
2022-07-13_21h25m05s,20200825_Slide 1_t14_DDA_2022-7-12T14-53-45,Mus musculus,Liver,Diseased,Negative,Orbitrap,MALDI
2022-07-13_21h25m35s,20200825_Slide 1_t20_DDA_2022-7-12T19-20-32,Mus musculus,Liver,Diseased,Negative,Orbitrap,MALDI
2022-07-13_21h28m34s,20201029_slide 9_DDA_t14_2022-7-13T10-4-50,Mus musculus,Liver,Diseased,Negative,Orbitrap,MALDI
2022-07-13_21h29m14s,20201029_slide 9_DDA_t20_2022-7-13T12-7-27,Mus musculus,Liver,Diseased,Negative,Orbitrap,MALDI
2022-07-13_21h29m52s,20201029_slide 13_DDA_naive_2022-7-13T13-1-3,Mus musculus,Liver,Wildtype,Negative,Orbitrap,MALDI
2022-07-13_21h30m17s,20201029_slide 13_DDA_t14_2022-7-13T13-54-20,Mus musculus,Liver,Diseased,Negative,Orbitrap,MALDI
2022-07-13_21h30m44s,20201029_slide 13_DDA_t20_2022-7-13T16-7-19,Mus musculus,Liver,Diseased,Negative,Orbitrap,MALDI
2022-07-13_21h31m13s,20201029_slide 17_DDA_naive_2022-7-13T17-1-20,Mus musculus,Liver,Wildtype,Negative,Orbitrap,MALDI
2022-07-13_21h31m40s,20201029_slide 17_DDA_t14_2022-7-13T17-9-56,Mus musculus,Liver,Diseased,Negative,Orbitrap,MALDI
2022-07-13_21h32m00s,20201029_slide 17_DDA_t20_2022-7-13T17-17-50,Mus musculus,Liver,Diseased,Negative,Orbitrap,MALDI
2022-07-16_07h07m42s,S-2101-000800_Mimetic1_S3_SM_Neg_20220713_GZ,Homo sapiens,Kidney,,Negative,Orbitrap,MALDI
2022-07-16_07h14m38s,S-2101-000800_3_S3_SM_Neg_20220713_GZ,Homo sapiens,Kidney,,Negative,Orbitrap,MALDI
2022-07-16_07h15m48s,S-2102-006604_3_S3_SM_Neg_20220713_GZ,Homo sapiens,Kidney,,Negative,Orbitrap,MALDI
2022-07-16_07h21m09s,S-2106-003593_3_S3_SM_Neg_20220713_GZ,Homo sapiens,Kidney,,Negative,Orbitrap,MALDI
2022-07-16_07h22m12s,S-2101-000800_6_S3_SM_Neg_20220713_GZ,Homo sapiens,Kidney,,Negative,Orbitrap,MALDI
2022-07-16_07h24m32s,S-2102-006604_6_S3_SM_Neg_20220713_GZ,Homo sapiens,Kidney,,Negative,Orbitrap,MALDI
2022-07-16_07h29m19s,S-2106-003593_6_S3_SM_Neg_20220713_GZ,Homo sapiens,Kidney,,Negative,Orbitrap,MALDI
2022-07-16_07h31m07s,S-2101-000800_9_S3_SM_Neg_20220713_GZ,Homo sapiens,Kidney,,Negative,Orbitrap,MALDI
2022-07-16_07h35m23s,S-2102-006604_9_S3_SM_Neg_20220713_GZ,Homo sapiens,Kidney,,Negative,Orbitrap,MALDI
2022-07-16_07h37m03s,S-2106-003593_9_S3_SM_Neg_20220713_GZ,Homo sapiens,Kidney,,Negative,Orbitrap,MALDI
2022-07-16_07h38m57s,S-2101-000800_10_S3_SM_Neg_20220713_GZ,Homo sapiens,Kidney,,Negative,Orbitrap,MALDI
2022-07-16_07h41m50s,S-2102-006604_10_S3_SM_Neg_20220713_GZ,Homo sapiens,Kidney,,Negative,Orbitrap,MALDI
2022-07-16_07h42m33s,S-2101-000800_Mimetic2_S3_SM_Neg_20220713_GZ,Homo sapiens,Kidney,,Negative,Orbitrap,MALDI
2022-07-16_07h45m35s,S-1905-017743_Mimetic1_S3_SM_Neg_20220714_GZ,Homo sapiens,Kidney,,Negative,Orbitrap,MALDI
2022-07-16_07h47m31s,S-1905-017743_3_S3_SM_Neg_20220714_GZ,Homo sapiens,Kidney,,Negative,Orbitrap,MALDI
2022-07-16_07h49m38s,S-2102-006510_3_S3_SM_Neg_20220714_GZ,Homo sapiens,Kidney,,Negative,Orbitrap,MALDI
2022-07-16_07h51m15s,S-2102-006557_3_S3_SM_Neg_20220714_GZ,Homo sapiens,Kidney,,Negative,Orbitrap,MALDI
2022-07-16_07h52m47s,S-1905-017743_6_S3_SM_Neg_20220714_GZ,Homo sapiens,Kidney,,Negative,Orbitrap,MALDI
2022-07-16_07h54m08s,S-2102-006510_6_S3_SM_Neg_20220714_GZ,Homo sapiens,Kidney,,Negative,Orbitrap,MALDI
2022-07-16_07h55m41s,S-2102-006557_6_S3_SM_Neg_20220714_GZ,Homo sapiens,Kidney,,Negative,Orbitrap,MALDI
2022-07-16_07h57m12s,S-1905-017743_9_S3_SM_Neg_20220714_GZ,Homo sapiens,Kidney,,Negative,Orbitrap,MALDI
2022-07-16_07h59m11s,S-2102-006510_9_S3_SM_Neg_20220714_GZ,Homo sapiens,Kidney,,Negative,Orbitrap,MALDI
2022-07-16_08h00m45s,S-2102-006557_9_S3_SM_Neg_20220714_GZ,Homo sapiens,Kidney,,Negative,Orbitrap,MALDI
2022-07-16_08h01m50s,S-1905-017743_10_S3_SM_Neg_20220714_GZ,Homo sapiens,Kidney,,Negative,Orbitrap,MALDI
2022-07-16_08h03m42s,S-2102-006510_10_S3_SM_Neg_20220714_GZ,Homo sapiens,Kidney,,Negative,Orbitrap,MALDI
2022-07-16_08h05m26s,S-2102-006557_10_S3_SM_Neg_20220714_GZ,Homo sapiens,Kidney,,Negative,Orbitrap,MALDI
2022-07-16_08h06m25s,S-1905-017743_Mimetic2_S3_SM_Neg_20220714_GZ,Homo sapiens,Kidney,,Negative,Orbitrap,MALDI
2022-07-19_21h35m54s,Test1_20211207,Homo sapiens,Kidney,Frozen,Negative,Orbitrap,MALDI
2022-07-23_22h32m20s,S-2107-023543_4_S3_SM_Neg_20220721_GZ,Homo sapiens,Kidney,,Negative,Orbitrap,MALDI
2022-07-23_22h43m02s,S-2107-023615_5_S3_SM_Neg_20220721_GZ,Homo sapiens,Kidney,,Negative,Orbitrap,MALDI
2022-07-23_22h44m27s,S-2107-023525_3_S3_SM_Neg_20220721_GZ,Homo sapiens,Kidney,,Negative,Orbitrap,MALDI
2022-07-23_22h47m12s,S-2107-023543_7_S3_SM_Neg_20220721_GZ,Homo sapiens,Kidney,,Negative,Orbitrap,MALDI
2022-07-23_22h48m15s,S-2107-023615_8_S3_SM_Neg_20220721_GZ,Homo sapiens,Kidney,,Negative,Orbitrap,MALDI
2022-07-23_22h49m15s,S-2107-023525_6_S3_SM_Neg_20220721_GZ,Homo sapiens,Kidney,,Negative,Orbitrap,MALDI
2022-07-23_22h51m12s,S-2107-023543_10_S3_SM_Neg_20220721_GZ,Homo sapiens,Kidney,,Negative,Orbitrap,MALDI
2022-07-23_22h52m33s,S-2107-023615_11_S3_SM_Neg_20220721_GZ,Homo sapiens,Kidney,,Negative,Orbitrap,MALDI
2022-07-23_22h54m24s,S-2107-023525_9_S3_SM_Neg_20220721_GZ,Homo sapiens,Kidney,,Negative,Orbitrap,MALDI
2022-07-23_22h56m03s,S-2107-023543_11_S3_SM_Neg_20220721_GZ,Homo sapiens,Kidney,,Negative,Orbitrap,MALDI
2022-07-23_22h57m09s,S-2107-023615_12_S3_SM_Neg_20220721_GZ,Homo sapiens,Kidney,,Negative,Orbitrap,MALDI
2022-07-23_22h57m20s,S-2107-023525_10_S3_SM_Neg_20220721_GZ,Homo sapiens,Kidney,,Negative,Orbitrap,MALDI
2022-08-16_10h14m23s,MouseBrain_PlasmaPI_Pos20um,Mus musculus,Brain,Wildtype,Positive,qTOF,MALDI
2022-08-16_12h31m33s,MouseBrain_PlasmaPI_Pos_TIMS,Mus musculus,Brain,Wildtype,Positive,qTOF,MALDI
2022-08-18_14h04m18s,20191118_BCC 3_DAN_40um_259by138_atn0,Homo sapiens,Skin,,Negative,Orbitrap,AP-SMALDI
2022-08-23_23h48m59s,AD POS Aug 12 2022,Mus musculus,Brain,,Positive,Orbitrap,DESI
2022-08-24_00h20m06s,Neg Brain Aug 17,Mus musculus,Brain,,Positive,Orbitrap,DESI
2022-08-24_19h47m17s,S-2006-002492_5_S1_SM_Neg_20210610_AP,Homo sapiens,Kidney,Frozen,Negative,Orbitrap,MALDI
2022-08-25_23h56m13s,S-2102-003410_5_S1_SM_Neg_20210610_AP,Homo sapiens,Kidney,Frozen,Negative,Orbitrap,MALDI
2022-08-26_00h06m52s,S-2102-003410_4_S1_SM_Neg_20210610_AP,Homo sapiens,Kidney,Frozen,Negative,Orbitrap,MALDI
2022-08-29_21h38m19s,S-2102-003410_1_S1_SM_Neg_20210610_AP,Homo sapiens,Kidney,,Negative,Orbitrap,MALDI
2022-08-29_22h01m38s,S-2102-003410_3_S1_SM_Neg_20210610_AP,Homo sapiens,Kidney,,Negative,Orbitrap,MALDI
2022-08-29_22h13m30s,S-2102-003410_6_S1_SM_Neg_20210610_AP,Homo sapiens,Kidney,,Negative,Orbitrap,MALDI
2022-08-29_22h21m50s,S-2102-003410_7_S1_SM_Neg_20210610_AP,Homo sapiens,Kidney,,Negative,Orbitrap,MALDI
2022-08-29_23h12m52s,S-2006-002492_4_S1_SM_Neg_20210610_AP,Homo sapiens,Kidney,,Negative,Orbitrap,MALDI
2022-08-29_23h26m38s,S-2006-002492_6_S1_SM_Neg_20210610_AP,Homo sapiens,Kidney,Frozen,Negative,Orbitrap,MALDI
2022-08-30_00h07m11s,S-2006-002297_1_S1_SM_Neg_20210608_AP,Homo sapiens,Kidney,,Negative,Orbitrap,MALDI
2022-08-30_00h14m07s,S-2006-002297_3_S1_SM_Neg_20210608_AP,Homo sapiens,Kidney,,Negative,Orbitrap,MALDI
2022-08-30_00h27m19s,S-2006-002297_5_S1_SM_Neg_20210608_AP,Homo sapiens,Kidney,,Negative,Orbitrap,MALDI
2022-08-30_17h14m16s,S-2006-002297_6_S1_SM_Neg_20210608_AP,Homo sapiens,Kidney,,Negative,Orbitrap,MALDI
2022-08-30_17h51m27s,S-2010-004189_1_S1_SM_Neg_20210608_AP,Homo sapiens,Kidney,,Negative,Orbitrap,MALDI
2022-08-30_18h00m34s,S-2010-004189_2_S1_SM_Neg_20210608_AP,Homo sapiens,Kidney,,Negative,Orbitrap,MALDI
2022-08-30_18h05m31s,S-2010-004189_3_S1_SM_Neg_20210608_AP,Homo sapiens,Kidney,,Negative,Orbitrap,MALDI
2022-08-30_18h23m39s,S-2010-004189_4_S1_SM_Neg_20210608_AP,Homo sapiens,Kidney,,Negative,Orbitrap,MALDI
2022-08-30_18h26m26s,S-2010-004189_6_S1_SM_Neg_20210608_AP,Homo sapiens,Kidney,,Negative,Orbitrap,MALDI
2022-09-15_03h40m53s,no.0716-afadesi-msi-neg,Homo sapiens,gratric cancer tissue,Cancer,Negative,Orbitrap,DESI
2022-09-15_11h10m56s,no.0429-afadesi-msi-pos,Homo sapiens,gratric cancer tissue,Cancer,Positive,Orbitrap,DESI
2022-09-15_11h13m32s,no.0716-afadesi-msi-pos,Homo sapiens,gratric cancer tissue,Cancer,Positive,Orbitrap,DESI
2022-09-15_11h15m37s,no.0602-afadesi-msi-pos,Homo sapiens,gratric cancer tissue,Cancer,Positive,Orbitrap,DESI
2022-09-15_11h21m12s,no.0429-afadesi-msi-neg,Homo sapiens,gratric cancer tissue,Cancer,Negative,Orbitrap,DESI
2022-09-15_11h26m37s,no.0609-afadesi-msi-neg,Homo sapiens,gratric cancer tissue,Cancer,Negative,Orbitrap,DESI
2022-09-15_11h34m35s,no.0602-afadesi-msi-neg,Homo sapiens,gratric cancer tissue,Cancer,Negative,Orbitrap,DESI
2022-09-15_11h39m48s,no.0609-afadesi-msi-pos,Homo sapiens,gratric cancer tissue,Cancer,Positive,Orbitrap,DESI
2022-09-16_09h16m57s,no.0602-maldi-msi-pos,Homo sapiens,gratric cancer tissue,Cancer,Positive,TOF reflector,MALDI
2022-09-17_20h36m06s,15-0879 wb xenograft trp pathway vehicle- rms_corrected,Mus musculus,Whole organism,,Positive,FTICR,MALDI
2022-09-17_20h44m41s,15-0879 wb xenograft trp pathway dosed- rms_corrected,Mus musculus,Whole organism,,Positive,FTICR,MALDI
2022-09-17_20h58m32s,wb xenograft in situ metabolomics test - rms_corrected,Mus musculus,Whole organism,,Positive,FTICR,MALDI
2022-09-21_06h38m00s,20220914-brain01,Mus musculus,Brain,Wildtype,Positive,Orbitrap,DESI
2022-09-24_00h10m42s,20220921_bg_lung_pos_run02_s1,Homo sapiens,Lung,Biopsy,Positive,FTICR,MALDI
2022-09-24_00h13m14s,20220921_bg_lung_pos_run02_s2,Homo sapiens,Lung,Biopsy,Positive,FTICR,MALDI
2022-09-24_00h14m50s,20220921_bg_lung_pos_run02_s3,Homo sapiens,Lung,Biopsy,Positive,FTICR,MALDI
2022-09-24_00h16m25s,20220921_bg_lung_pos_run02_s4,Homo sapiens,Lung,Biopsy,Positive,FTICR,MALDI
2022-09-26_16h46m22s,20220920_MouseBrain_LipidAtlas_M_305_1A_406x268_Att30_25um,Mus musculus,Brain,,Positive,Orbitrap,MALDI
2022-09-26_18h40m41s,20220920_MouseBrain_LipidAtlas_M_305_1B_434x308_Att30_25um,Mus musculus,Brain,,Positive,Orbitrap,MALDI
2022-09-26_20h12m28s,20220920_MouseBrain_LipidAtlas_M_305_1C_430x325_Att30_25um,Mus musculus,Brain,,Positive,Orbitrap,MALDI
2022-09-27_08h01m14s,20220923_MouseBrain_LipidAtlas_M_305_3D_448x322_Att30_25um,Mus musculus,Brain,,Positive,Orbitrap,MALDI
2022-09-28_16h17m16s,S1_NoLockMass_04012022,Homo sapiens,Kidney,Healthy,Negative,Orbitrap,MALDI
2022-09-28_16h21m16s,S1_NoLockMass_04012022_recal,Homo sapiens,Kidney,Healthy,Negative,Orbitrap,MALDI
2022-09-28_19h10m41s,Mouse_Kidney_10um_NEDC_recal,Homo sapiens,Kidney,Healthy,Negative,Orbitrap,MALDI
2022-09-30_11h33m41s,Mouse_brain_10um_NEDC_recal,Homo sapiens,Brain,Healthy,Negative,Orbitrap,MALDI
2022-10-06_23h30m24s,15_1_S1_1_30um_07292021,Homo sapiens,Kidney,Healthy,Negative,Orbitrap,MALDI
2022-10-06_23h46m08s,15_1_S1_1_30um_07292021_recal,Homo sapiens,Kidney,Healthy,Negative,Orbitrap,MALDI
2022-10-06_23h51m53s,33_2_S1_2_30um_07292021_recal,Homo sapiens,Kidney,Healthy,Negative,Orbitrap,MALDI
2022-10-07_00h01m40s,33_2_S1_2_30um_07292021,Homo sapiens,Kidney,Healthy,Negative,Orbitrap,MALDI
2022-10-07_08h07m44s,24_single_lock_mass,Homo sapiens,Kidney,Healthy,Negative,Orbitrap,MALDI
2022-10-07_08h27m08s,24_recal,Homo sapiens,Kidney,Healthy,Negative,Orbitrap,MALDI
2022-10-12_18h01m34s,G0-198_3_S3_SM_Neg_20220908_IT,Mus musculus,Kidney,Frozen,Negative,Orbitrap,MALDI
2022-10-12_18h07m18s,G0-198_6_S3_SM_Neg_20220908_IT,Mus musculus,Kidney,Frozen,Negative,Orbitrap,MALDI
2022-10-12_18h08m35s,G0-198_G1-170_G2-186_WT-259_Mimetic1_S3_SM_Neg_20220809_IT,Mus musculus,Kidney,Frozen,Negative,Orbitrap,MALDI
2022-10-12_18h12m04s,G0-198_G1-170_G2-186_WT-259_Mimetic2_S3_SM_Neg_20220809_IT,Mus musculus,Kidney,Frozen,Negative,Orbitrap,MALDI
2022-10-12_21h32m28s,G1-170_3_S3_SM_Neg_20220908_IT,Mus musculus,Kidney,Frozen,Negative,Orbitrap,MALDI
2022-10-12_21h33m11s,G1-170_6_S3_SM_Neg_20220908_IT,Mus musculus,Kidney,Frozen,Negative,Orbitrap,MALDI
2022-10-12_21h35m36s,G2-186_3_S3_SM_Neg_20220908_IT,Mus musculus,Kidney,Frozen,Negative,Orbitrap,MALDI
2022-10-12_21h39m25s,G2-186_6_S3_SM_Neg_20220908_IT,Mus musculus,Kidney,Frozen,Negative,Orbitrap,MALDI
2022-10-12_21h41m54s,WT-259_3_S3_SM_Neg_20220908_IT,Mus musculus,Kidney,Frozen,Negative,Orbitrap,MALDI
2022-10-12_22h50m05s,WT-259_6_S3_SM_Neg_20220908_IT,Mus musculus,Kidney,Frozen,Negative,Orbitrap,MALDI
2022-10-12_22h51m24s,G0-200_3_S3_SM_Neg_20220912_IT,Mus musculus,Kidney,Frozen,Negative,Orbitrap,MALDI
2022-10-12_22h52m07s,G0-200_6_S3_SM_Neg_20220912_IT,Mus musculus,Kidney,Frozen,Negative,Orbitrap,MALDI
2022-10-12_22h52m29s,G0-200_G1-172_G2-187_WT-260_Mimetic1_S3_SM_Neg_20220912_IT,Mus musculus,Kidney,Frozen,Negative,Orbitrap,MALDI
2022-10-12_22h52m56s,G0-200_G1-172_G2-187_WT-260_Mimetic2_S3_SM_Neg_20220912_IT,Mus musculus,Kidney,Frozen,Negative,Orbitrap,MALDI
2022-10-12_22h53m20s,G1-172_3_S3_SM_Neg_20220912_IT,Mus musculus,Kidney,Frozen,Negative,Orbitrap,MALDI
2022-10-12_22h54m20s,G1-172_6_S3_SM_Neg_20220912_IT,Mus musculus,Kidney,Frozen,Negative,Orbitrap,MALDI
2022-10-12_22h55m09s,G2-187_3_S3_SM_Neg_20220912_IT,Mus musculus,Kidney,Frozen,Negative,Orbitrap,MALDI
2022-10-12_22h55m46s,WT-260_3_S3_SM_Neg_20220912_IT,Mus musculus,Kidney,Frozen,Negative,Orbitrap,MALDI
2022-10-17_15h50m33s,20221014_SC1_Slide2_HeLa_DANneg-A2_0,Homo sapiens,HeLa,Wildtype,Negative,Orbitrap,MALDI
2022-10-17_15h50m46s,20221014_SC1_Slide2_HeLa_DANneg-A4_0,Homo sapiens,HeLa,Wildtype,Negative,Orbitrap,MALDI
2022-10-17_15h51m07s,20221014_SC1_Slide2_HeLa_DANneg-B1_0,Homo sapiens,HeLa,Wildtype,Negative,Orbitrap,MALDI
2022-10-17_15h51m15s,20221014_SC1_Slide2_HeLa_DANneg-B3_0,Homo sapiens,HeLa,Wildtype,Negative,Orbitrap,MALDI
2022-10-17_15h51m20s,20221014_SC1_Slide2_HeLa_DANneg-C2_0,Homo sapiens,HeLa,Wildtype,Negative,Orbitrap,MALDI
2022-10-17_15h51m26s,20221014_SC1_Slide2_HeLa_DANneg-C4_0,Homo sapiens,HeLa,Wildtype,Negative,Orbitrap,MALDI
2022-10-17_15h51m37s,20221014_SC1_Slide2_HeLa_DANneg-D1_0,Homo sapiens,HeLa,Wildtype,Negative,Orbitrap,MALDI
2022-10-17_15h51m43s,20221014_SC1_Slide2_HeLa_DANneg-D3_0,Homo sapiens,HeLa,Wildtype,Negative,Orbitrap,MALDI
2022-10-17_15h51m54s,20221014_SC1_Slide2_HeLa_DANneg-E2_0,Homo sapiens,HeLa,Wildtype,Negative,Orbitrap,MALDI
2022-10-17_15h52m19s,20221014_SC1_Slide2_HeLa_DANneg-E4_0,Homo sapiens,HeLa,Wildtype,Negative,Orbitrap,MALDI
2022-10-17_15h52m28s,20221014_SC1_Slide2_HeLa_DANneg-F1_0,Homo sapiens,HeLa,Wildtype,Negative,Orbitrap,MALDI
2022-10-17_15h52m35s,20221014_SC1_Slide2_HeLa_DANneg-F3_0,Homo sapiens,HeLa,Wildtype,Negative,Orbitrap,MALDI
2022-10-17_15h52m44s,20221014_SC1_Slide2_HeLa_DANneg-G2_0,Homo sapiens,HeLa,Wildtype,Negative,Orbitrap,MALDI
2022-10-17_15h52m54s,20221014_SC1_Slide2_HeLa_DANneg-G4_0,Homo sapiens,HeLa,Wildtype,Negative,Orbitrap,MALDI
2022-10-17_15h53m01s,20221014_SC1_Slide2_HeLa_DANneg-H1_0,Homo sapiens,HeLa,Wildtype,Negative,Orbitrap,MALDI
2022-10-17_15h53m07s,20221014_SC1_Slide2_HeLa_DANneg-H3_0,Homo sapiens,HeLa,Wildtype,Negative,Orbitrap,MALDI
2022-10-17_15h53m16s,20221014_SC1_Slide2_HeLa_DANneg-I2_0,Homo sapiens,HeLa,Wildtype,Negative,Orbitrap,MALDI
2022-10-17_15h53m30s,20221014_SC1_Slide2_HeLa_DANneg-I4_0,Homo sapiens,HeLa,Wildtype,Negative,Orbitrap,MALDI
2022-10-17_15h53m36s,20221014_SC1_Slide2_HeLa_DANneg-J1_0,Homo sapiens,HeLa,Wildtype,Negative,Orbitrap,MALDI
2022-10-17_15h53m45s,20221014_SC1_Slide2_HeLa_DANneg-J3_0,Homo sapiens,HeLa,Wildtype,Negative,Orbitrap,MALDI
2022-10-17_15h58m05s,20221014_SC1_Slide2_NIH3T3_DANneg-A3_0,Mus musculus,NIH3T3,Wildtype,Negative,Orbitrap,MALDI
2022-10-17_15h58m17s,20221014_SC1_Slide2_NIH3T3_DANneg-B4_0,Mus musculus,NIH3T3,Wildtype,Negative,Orbitrap,MALDI
2022-10-17_15h58m25s,20221014_SC1_Slide2_NIH3T3_DANneg-C3_0,Mus musculus,NIH3T3,Wildtype,Negative,Orbitrap,MALDI
2022-10-17_15h58m32s,20221014_SC1_Slide2_NIH3T3_DANneg-D4_0,Mus musculus,NIH3T3,Wildtype,Negative,Orbitrap,MALDI
2022-10-17_15h58m41s,20221014_SC1_Slide2_NIH3T3_DANneg-E3_0,Mus musculus,NIH3T3,Wildtype,Negative,Orbitrap,MALDI
2022-10-17_15h58m48s,20221014_SC1_Slide2_NIH3T3_DANneg-F4_0,Mus musculus,NIH3T3,Wildtype,Negative,Orbitrap,MALDI
2022-10-17_15h58m57s,20221014_SC1_Slide2_NIH3T3_DANneg-G3_0,Mus musculus,NIH3T3,Wildtype,Negative,Orbitrap,MALDI
2022-10-17_15h59m07s,20221014_SC1_Slide2_NIH3T3_DANneg-H4_0,Mus musculus,NIH3T3,Wildtype,Negative,Orbitrap,MALDI
2022-10-17_15h59m14s,20221014_SC1_Slide2_NIH3T3_DANneg-I3_0,Mus musculus,NIH3T3,Wildtype,Negative,Orbitrap,MALDI
2022-10-17_15h59m26s,20221014_SC1_Slide2_NIH3T3_DANneg-J4_0,Mus musculus,NIH3T3,Wildtype,Negative,Orbitrap,MALDI
2022-10-17_15h59m39s,20221014_SC1_Slide2_NIH3T3_DANneg-B2_0,Mus musculus,NIH3T3,Wildtype,Negative,Orbitrap,MALDI
2022-10-17_15h59m46s,20221014_SC1_Slide2_NIH3T3_DANneg-D2_0,Mus musculus,NIH3T3,Wildtype,Negative,Orbitrap,MALDI
2022-10-17_15h59m58s,20221014_SC1_Slide2_NIH3T3_DANneg-F2_0,Mus musculus,NIH3T3,Wildtype,Negative,Orbitrap,MALDI
2022-10-17_16h00m06s,20221014_SC1_Slide2_NIH3T3_DANneg-H2_0,Mus musculus,NIH3T3,Wildtype,Negative,Orbitrap,MALDI
2022-10-17_16h00m13s,20221014_SC1_Slide2_NIH3T3_DANneg-J2_0,Mus musculus,NIH3T3,Wildtype,Negative,Orbitrap,MALDI
2022-10-17_16h00m26s,20221014_SC1_Slide2_NIH3T3_DANneg-C1_0,Mus musculus,NIH3T3,Wildtype,Negative,Orbitrap,MALDI
2022-10-17_16h00m33s,20221014_SC1_Slide2_NIH3T3_DANneg-G1_0,Mus musculus,NIH3T3,Wildtype,Negative,Orbitrap,MALDI
2022-10-17_16h00m41s,20221014_SC1_Slide2_NIH3T3_DANneg-A1_0,Mus musculus,NIH3T3,Wildtype,Negative,Orbitrap,MALDI
2022-10-17_16h00m47s,20221014_SC1_Slide2_NIH3T3_DANneg-I1_0,Mus musculus,NIH3T3,Wildtype,Negative,Orbitrap,MALDI
2022-10-17_16h00m53s,20221014_SC1_Slide2_NIH3T3_DANneg-E1_0,Mus musculus,NIH3T3,Wildtype,Negative,Orbitrap,MALDI
2022-10-17_20h23m36s,20221012_bg_lung_pos_02_s1,Homo sapiens,Lung,Biopsy,Positive,FTICR,MALDI
2022-10-17_20h24m34s,20221012_bg_lung_pos_02_s2,Homo sapiens,Lung,Biopsy,Positive,FTICR,MALDI
2022-10-17_20h29m14s,20221012_bg_lung_pos_02_s3,Homo sapiens,Lung,Biopsy,Positive,FTICR,MALDI
2022-10-17_20h30m37s,20221012_bg_lung_pos_02_s4,Homo sapiens,Lung,Biopsy,Positive,FTICR,MALDI
2022-10-17_22h16m11s,5um-18_S1_SM_Neg_20221014_IT,Mus musculus,Kidney,Frozen,Negative,Orbitrap,MALDI
2022-10-17_22h26m20s,5um-20_S1_SM_Neg_20221014_IT,Mus musculus,Kidney,Frozen,Negative,Orbitrap,MALDI
2022-10-17_22h28m22s,7um-18_S1_SM_Neg_20221014_IT,Mus musculus,Kidney,Frozen,Negative,Orbitrap,MALDI
2022-10-17_22h29m04s,7um-20_S1_SM_Neg_20221014_IT,Mus musculus,Kidney,Frozen,Negative,Orbitrap,MALDI
2022-10-17_22h29m30s,10um-1-_S1_SM_Neg_20221014_IT,Mus musculus,Kidney,Frozen,Negative,Orbitrap,MALDI
2022-10-17_22h30m28s,10um-20_S1_SM_Neg_20221014_IT,Mus musculus,Kidney,Frozen,Negative,Orbitrap,MALDI
2022-10-18_13h36m54s,Root of molar,Homo sapiens,Tooth,,Positive,Orbitrap,MALDI
2022-10-18_13h46m45s,Jaw bone,Homo sapiens,Bone,,Positive,Orbitrap,MALDI
2022-10-18_14h40m38s,20220914_HS-MAND-3x4mg-zol_DHB-spray_2Dlinemode_50um_273by255_Atn38_20filter,Homo sapiens,Bone,,Positive,Orbitrap,MALDI
2022-10-18_14h44m19s,20220921_7-43x4mg-zol_DHB-spray_2Dlinemode_50um_459by328_Atn38_20filter,Homo sapiens,Tooth,,Positive,Orbitrap,MALDI
2022-10-18_14h52m51s,Tooth root in jaw bone,Homo sapiens,Bone and tooth,,Positive,Orbitrap,MALDI
2022-10-18_15h28m51s,20220729_Premolar_9-AA(neg)-spray-x1(5mg-ml_70-30_Ethanol-water)_2Dlinemode_50um_473by218_Atn38_20filter,Homo sapiens,Tooth,,Negative,Orbitrap,MALDI
2022-10-18_15h32m39s,20221014_SC1_Slide1_HeLa_DANneg-A2_0,Homo sapiens,HeLa,Wildtype,Negative,Orbitrap,MALDI
2022-10-18_15h32m45s,20221014_SC1_Slide1_HeLa_DANneg-C4_0,Homo sapiens,HeLa,Wildtype,Negative,Orbitrap,MALDI
2022-10-18_15h32m51s,20221014_SC1_Slide1_HeLa_DANneg-D1_0,Homo sapiens,HeLa,Wildtype,Negative,Orbitrap,MALDI
2022-10-18_15h32m56s,20221014_SC1_Slide1_HeLa_DANneg-F3_0,Homo sapiens,HeLa,Wildtype,Negative,Orbitrap,MALDI
2022-10-18_15h33m01s,20221014_SC1_Slide1_HeLa_DANneg-H1_0,Homo sapiens,HeLa,Wildtype,Negative,Orbitrap,MALDI
2022-10-18_15h33m06s,20221014_SC1_Slide1_HeLa_DANneg-H3_0,Homo sapiens,HeLa,Wildtype,Negative,Orbitrap,MALDI
2022-10-18_15h33m11s,20221014_SC1_Slide1_HeLa_DANneg-J1_0,Homo sapiens,HeLa,Wildtype,Negative,Orbitrap,MALDI
2022-10-18_15h34m16s,20221014_SC1_Slide1_NIH3T3_DANneg-B2_0,Mus musculus,NIH3T3,Wildtype,Negative,Orbitrap,MALDI
2022-10-18_15h34m21s,20221014_SC1_Slide1_NIH3T3_DANneg-E3_0,Mus musculus,NIH3T3,Wildtype,Negative,Orbitrap,MALDI
2022-10-18_15h34m26s,20221014_SC1_Slide1_NIH3T3_DANneg-G1_0,Mus musculus,NIH3T3,Wildtype,Negative,Orbitrap,MALDI
2022-10-18_15h34m31s,20221014_SC1_Slide1_NIH3T3_DANneg-J4_0,Mus musculus,NIH3T3,Wildtype,Negative,Orbitrap,MALDI
2022-10-18_15h34m37s,20221014_SC1_Slide1_NIH3T3_DANneg-B4_0,Mus musculus,NIH3T3,Wildtype,Negative,Orbitrap,MALDI
2022-10-18_15h34m42s,20221014_SC1_Slide1_NIH3T3_DANneg-H2_0,Mus musculus,NIH3T3,Wildtype,Negative,Orbitrap,MALDI
2022-10-18_15h34m47s,20221014_SC1_Slide1_NIH3T3_DANneg-F4_0,Mus musculus,NIH3T3,Wildtype,Negative,Orbitrap,MALDI
2022-10-21_10h10m16s,20221014_SC1_Slide3_HeLa_DANneg-A2_0,Homo sapiens,HeLa,Wildtype,Negative,Orbitrap,MALDI
2022-10-21_10h10m21s,20221014_SC1_Slide3_HeLa_DANneg-C2_0,Homo sapiens,HeLa,Wildtype,Negative,Orbitrap,MALDI
2022-10-21_10h10m25s,20221014_SC1_Slide3_HeLa_DANneg-D3_0,Homo sapiens,HeLa,Wildtype,Negative,Orbitrap,MALDI
2022-10-21_10h10m29s,20221014_SC1_Slide3_HeLa_DANneg-E4_0,Homo sapiens,HeLa,Wildtype,Negative,Orbitrap,MALDI
2022-10-21_10h10m34s,20221014_SC1_Slide3_HeLa_DANneg-F1_0,Homo sapiens,HeLa,Wildtype,Negative,Orbitrap,MALDI
2022-10-21_10h10m40s,20221014_SC1_Slide3_HeLa_DANneg-G2_0,Homo sapiens,HeLa,Wildtype,Negative,Orbitrap,MALDI
2022-10-21_10h10m46s,20221014_SC1_Slide3_HeLa_DANneg-I4_0,Homo sapiens,HeLa,Wildtype,Negative,Orbitrap,MALDI
2022-10-21_10h10m51s,20221014_SC1_Slide3_HeLa_DANneg-J3_0,Homo sapiens,HeLa,Wildtype,Negative,Orbitrap,MALDI
2022-10-21_10h11m25s,20221014_SC1_Slide3_NIH3T3_DANneg-B2_0,Mus musculus,NIH3T3,Wildtype,Negative,Orbitrap,MALDI
2022-10-21_10h11m31s,20221014_SC1_Slide3_NIH3T3_DANneg-E1_0,Mus musculus,NIH3T3,Wildtype,Negative,Orbitrap,MALDI
2022-10-21_10h11m36s,20221014_SC1_Slide3_NIH3T3_DANneg-H2_0,Mus musculus,NIH3T3,Wildtype,Negative,Orbitrap,MALDI
2022-10-21_10h11m42s,20221014_SC1_Slide3_NIH3T3_DANneg-J4_0,Mus musculus,NIH3T3,Wildtype,Negative,Orbitrap,MALDI
2022-10-21_10h11m46s,20221014_SC1_Slide3_NIH3T3_DANneg-C1_0,Mus musculus,NIH3T3,Wildtype,Negative,Orbitrap,MALDI
2022-10-21_10h11m54s,20221014_SC1_Slide3_NIH3T3_DANneg-I1_0,Mus musculus,NIH3T3,Wildtype,Negative,Orbitrap,MALDI
2022-10-21_10h12m03s,20221014_SC1_Slide3_NIH3T3_DANneg-G3_0,Mus musculus,NIH3T3,Wildtype,Negative,Orbitrap,MALDI
2022-10-21_10h12m09s,20221014_SC1_Slide3_NIH3T3_DANneg-A3_0,Mus musculus,NIH3T3,Wildtype,Negative,Orbitrap,MALDI
2022-10-25_23h14m23s,Float-5_1_S1_SM_Neg_20221024_IT,Mus musculus,Kidney,Frozen,Negative,Orbitrap,MALDI
2022-10-25_23h16m04s,Float-5_3_S1_SM_Neg_20221024_IT,Mus musculus,Kidney,Frozen,Negative,Orbitrap,MALDI
2022-10-25_23h16m27s,Float-7_1_S1_SM_Neg_20221024_IT,Mus musculus,Kidney,Frozen,Negative,Orbitrap,MALDI
2022-10-25_23h17m34s,Float-7_3_S1_SM_Neg_20221024_IT,Mus musculus,Kidney,Frozen,Negative,Orbitrap,MALDI
2022-10-25_23h18m21s,Float-10_1_S1_SM_Neg_20221024_IT,Mus musculus,Kidney,Frozen,Negative,Orbitrap,MALDI
2022-10-25_23h18m52s,Float-10_3_S1_SM_Neg_20221024_IT,Mus musculus,Kidney,Frozen,Negative,Orbitrap,MALDI
2022-10-25_23h20m53s,Iso-5_1_S1_SM_Neg_20221024_IT,Mus musculus,Kidney,Frozen,Negative,Orbitrap,MALDI
2022-10-25_23h21m33s,Iso-5_3_S1_SM_Neg_20221024_IT,Mus musculus,Kidney,Frozen,Negative,Orbitrap,MALDI
2022-10-25_23h22m08s,Iso-7_1_S1_SM_Neg_20221024_IT,Mus musculus,Kidney,Frozen,Negative,Orbitrap,MALDI
2022-10-25_23h22m47s,Iso-7_3_S1_SM_Neg_20221024_IT,Mus musculus,Kidney,Frozen,Negative,Orbitrap,MALDI
2022-10-26_21h25m34s,S-2103-004024_4_S3_SM_Neg_20221013_IT,Homo sapiens,Kidney,,Negative,Orbitrap,MALDI
2022-10-26_21h26m51s,S-2103-004024_7_S3_SM_Neg_20221013_IT,Homo sapiens,Kidney,,Negative,Orbitrap,MALDI
2022-10-26_21h30m03s,S-2103-004024_11_S3_SM_Neg_20221013_IT,Homo sapiens,Kidney,,Negative,Orbitrap,MALDI
2022-10-26_21h31m21s,S-2107-004105_3_S3_SM_Neg_20221013_IT,Homo sapiens,Kidney,,Negative,Orbitrap,MALDI
2022-10-26_21h32m03s,S-2107-004105_8_S3_SM_Neg_20221013_IT,Homo sapiens,Kidney,,Negative,Orbitrap,MALDI
2022-10-26_21h33m26s,S-2107-004105_10_S3_SM_Neg_20221013_IT,Homo sapiens,Kidney,,Negative,Orbitrap,MALDI
2022-10-26_21h35m21s,S-2107-004105_11_S3_SM_Neg_20221013_IT,Homo sapiens,Kidney,,Negative,Orbitrap,MALDI
2022-10-26_22h15m00s,S-2107-023552_5_S3_SM_Neg_20221013_IT,Homo sapiens,Kidney,,Negative,Orbitrap,MALDI
2022-10-26_22h15m48s,S-2107-023552_12_S3_SM_Neg_20221013_IT,Homo sapiens,Kidney,,Negative,Orbitrap,MALDI
2022-10-26_22h16m55s,S-2107-023552_14_S3_SM_Neg_20221013_IT,Homo sapiens,Kidney,,Negative,Orbitrap,MALDI
2022-10-26_22h18m24s,S-2107-023552_15_S3_SM_Neg_20221013_IT,Homo sapiens,Kidney,,Negative,Orbitrap,MALDI
2022-10-26_22h20m17s,S-2107-023552_S-2107-004105_S-2103-004024_Mimetic1_S3_SM_Neg_20221013_IT_20221013163130,Homo sapiens,Kidney,,Negative,Orbitrap,MALDI
2022-10-26_22h21m26s,S-2107-023552_S-2107-004105_S-2103-004024_Mimetic2_S3_SM_Neg_20221013_IT,Homo sapiens,Kidney,,Negative,Orbitrap,MALDI
2022-10-26_22h22m32s,S-1907-004581_3_S3_SM_Neg_20221017_IT,Homo sapiens,Kidney,,Negative,Orbitrap,MALDI
2022-10-26_22h25m50s,S-1907-004581_7_S3_SM_Neg_20221017_IT,Homo sapiens,Kidney,,Negative,Orbitrap,MALDI
2022-10-26_22h28m18s,S-1907-004581_10_S3_SM_Neg_20221017_IT,Homo sapiens,Kidney,,Negative,Orbitrap,MALDI
2022-10-26_22h29m18s,S-1907-004581_11_S3_SM_Neg_20221017_IT,Homo sapiens,Kidney,,Negative,Orbitrap,MALDI
2022-10-26_22h40m58s,S-2006-004092_4_S3_SM_Neg_20221017_IT,Homo sapiens,Kidney,,Negative,Orbitrap,MALDI
2022-10-26_22h44m45s,S-2006-004092_11_S3_SM_Neg_20221017_IT,Homo sapiens,Kidney,,Negative,Orbitrap,MALDI
2022-10-26_22h45m52s,S-2006-004092_12_S3_SM_Neg_20221017_IT,Homo sapiens,Kidney,,Negative,Orbitrap,MALDI
2022-10-26_22h46m56s,S-2007-003100_5_S3_SM_Neg_20221017_IT,Homo sapiens,Kidney,,Negative,Orbitrap,MALDI
2022-10-26_22h47m54s,S-2007-003100_8_S3_SM_Neg_20221017_IT,Homo sapiens,Kidney,,Negative,Orbitrap,MALDI
2022-10-26_22h48m50s,S-2007-003100_11_S3_SM_Neg_20221017_IT,Homo sapiens,Kidney,,Negative,Orbitrap,MALDI
2022-10-26_22h52m51s,S-2007-003100_12_S3_SM_Neg_20221017_IT,Homo sapiens,Kidney,,Negative,Orbitrap,MALDI
2022-10-26_22h54m52s,S-2007-003152_3_S3_SM_Neg_20221019_GZ,Homo sapiens,Kidney,,Negative,Orbitrap,MALDI
2022-10-26_22h55m35s,S-2007-003152_7_S3_SM_Neg_20221019_GZ,Homo sapiens,Kidney,,Negative,Orbitrap,MALDI
2022-10-26_22h57m04s,S-2007-003152_11_S3_SM_Neg_20221019_GZ,Homo sapiens,Kidney,,Negative,Orbitrap,MALDI
2022-10-26_22h59m18s,S-2007-003152_12_S3_SM_Neg_20221019_GZ,Homo sapiens,Kidney,,Negative,Orbitrap,MALDI
2022-10-26_23h00m08s,S-2007-003152_S-2007-003854_S-2007-004181_Mimetic1_S3_SM_Neg_20221019_GZ,Homo sapiens,Kidney,,Negative,Orbitrap,MALDI
2022-10-26_23h02m35s,S-2007-003854_3_S3_SM_Neg_20221019_GZ,Homo sapiens,Kidney,,Negative,Orbitrap,MALDI
2022-10-27_00h36m31s,S-2007-003854_6_S3_SM_Neg_20221019_GZ,Homo sapiens,Kidney,,Negative,Orbitrap,MALDI
2022-10-27_00h38m14s,S-2007-003854_9_S3_SM_Neg_20221019_GZ,Homo sapiens,Kidney,,Negative,Orbitrap,MALDI
2022-10-27_00h42m58s,S-2007-004181_4_S3_SM_Neg_20221019_GZ,Homo sapiens,Kidney,,Negative,Orbitrap,MALDI
2022-10-27_00h44m30s,S-2007-004181_7_S3_SM_Neg_20221019_GZ,Homo sapiens,Kidney,,Negative,Orbitrap,MALDI
2022-10-27_00h45m17s,S-2007-004181_10_S3_SM_Neg_20221019_GZ,Homo sapiens,Kidney,,Negative,Orbitrap,MALDI
2022-10-27_17h41m49s,Iso-10_1_S1_SM_Neg_20221024_IT,Mus musculus,Kidney,Frozen,Negative,Orbitrap,MALDI
2022-10-27_17h42m29s,Iso-10_3_S1_SM_Neg_20221024_IT,Mus musculus,Kidney,Frozen,Negative,Orbitrap,MALDI
2022-10-27_22h03m36s,221021_Lung_BG_pos_p1_s1,Homo sapiens,Lung,Biopsy,Positive,FTICR,MALDI
2022-10-27_22h04m03s,221021_lung_bg_pos_p1_s02,Homo sapiens,Lung,Biopsy,Positive,FTICR,MALDI
2022-10-27_22h04m24s,221021_lung_bg_pos_p1_s03,Homo sapiens,Lung,Biopsy,Positive,FTICR,MALDI
2022-10-27_22h05m18s,221021_bg_lung_pos_p3_s1,Homo sapiens,Lung,Biopsy,Positive,FTICR,MALDI
2022-10-27_22h05m48s,221021_bg_lung_pos_p3_s2,Homo sapiens,Lung,Biopsy,Positive,FTICR,MALDI
2022-10-27_22h13m37s,G2-187_6_S3_SM_Neg_20220912_IT,Mus musculus,Kidney,Frozen,Negative,Orbitrap,MALDI
2022-10-29_05h44m48s,LumbarSC_ALS-959_5_S3_SM_Neg_20221020_IT,Homo sapiens,Spinal Cord,,Negative,Orbitrap,MALDI
2022-10-31_16h48m53s,20221030_MouseBrain_LipidAtlas_M_305_1E_393x340_Att30_25um,Mus musculus,Brain,,Positive,Orbitrap,MALDI
2022-10-31_19h30m10s,RCC_17-635-32_N1_20um_S3_20200826,Homo sapiens,Kidney,Tumor,Negative,Orbitrap,MALDI
2022-10-31_19h33m50s,RCC_17-635-32_N2_30um_S3_20200826,Homo sapiens,Kidney,Tumor,Negative,Orbitrap,MALDI
2022-10-31_19h37m39s,RCC_17-635-32_T1_20um_S3_20200826,Homo sapiens,Kidney,Tumor,Negative,Orbitrap,MALDI
2022-10-31_19h43m29s,RCC_17-635-32_T2_30um_S3_20200826,Homo sapiens,Kidney,Tumor,Negative,Orbitrap,MALDI
2022-10-31_19h46m48s,RCC_17-635-32_N1_30um_S1_20200825,Homo sapiens,Kidney,Tumor,Negative,Orbitrap,MALDI
2022-10-31_20h16m11s,RCC_17-635-32_N2_20um_S1_20200825,Homo sapiens,Kidney,Tumor,Negative,Orbitrap,MALDI
2022-10-31_20h18m40s,RCC_17-635-32_T1_30um_S1_20200825,Homo sapiens,Kidney,Tumor,Negative,Orbitrap,MALDI
2022-10-31_20h25m55s,RCC_17-635-32_T2_20um_S1_20200825,Homo sapiens,Kidney,Tumor,Negative,Orbitrap,MALDI
2022-10-31_20h44m32s,RCC_17-635-30_M2_30um_S5_20200824,Homo sapiens,Kidney,Tumor,Negative,Orbitrap,MALDI
2022-10-31_21h12m26s,RCC_17-635-30_M2_30um_S3_20200819,Homo sapiens,Kidney,Tumor,Negative,Orbitrap,MALDI
2022-10-31_21h29m06s,RCC_17-635-29_M1_20um_S3_20200828,Homo sapiens,Kidney,Tumor,Negative,Orbitrap,MALDI
2022-10-31_21h31m05s,RCC_17-635-29_N1_30um_S3_20200828,Homo sapiens,Kidney,Tumor,Negative,Orbitrap,MALDI
2022-10-31_21h36m08s,RCC_17-635-29_N2_20um_S3_20200828,Homo sapiens,Kidney,Tumor,Negative,Orbitrap,MALDI
2022-10-31_21h38m17s,RCC_17-635-29_T1_30um_S3_20200828,Homo sapiens,Kidney,Tumor,Negative,Orbitrap,MALDI
2022-10-31_21h42m30s,RCC_17-635-29_T2_20um_S3_20200828,Homo sapiens,Kidney,Tumor,Negative,Orbitrap,MALDI
2022-10-31_21h45m30s,RCC_17-635-29_M1_20um_S1_20200827,Homo sapiens,Kidney,Tumor,Negative,Orbitrap,MALDI
2022-10-31_21h48m35s,RCC_17-635-29_N1_30um_S1_20200827,Homo sapiens,Kidney,Tumor,Negative,Orbitrap,MALDI
2022-10-31_21h51m33s,RCC_17-635-29_N2_20um_S1_20200827,Homo sapiens,Kidney,Tumor,Negative,Orbitrap,MALDI
2022-10-31_21h52m30s,RCC_17-635-29_T1_30um_S1_20200827,Homo sapiens,Kidney,Tumor,Negative,Orbitrap,MALDI
2022-10-31_21h54m26s,RCC_17-635-29_T2_20um_S1_20200827,Homo sapiens,Kidney,Tumor,Negative,Orbitrap,MALDI
2022-10-31_22h01m40s,RCC_17-635-28_M1_30um_S3_20200910,Homo sapiens,Kidney,Tumor,Negative,Orbitrap,MALDI
2022-10-31_22h02m23s,RCC_17-635-28_M2_20um_S3_20200910,Homo sapiens,Kidney,Tumor,Negative,Orbitrap,MALDI
2022-10-31_22h06m17s,RCC_17-635-28_N1_30um_S3_20200910,Homo sapiens,Kidney,Tumor,Negative,Orbitrap,MALDI
2022-10-31_22h11m34s,RCC_17-635-28_N2_20um_S3_20200910,Homo sapiens,Kidney,Tumor,Negative,Orbitrap,MALDI
2022-10-31_22h13m14s,RCC_17-635-28_T1_30um_S3_20200910,Homo sapiens,Kidney,Tumor,Negative,Orbitrap,MALDI
2022-10-31_22h19m51s,RCC_17-635-28_T2_20um_S3_20200910,Homo sapiens,Kidney,Tumor,Negative,Orbitrap,MALDI
2022-10-31_22h25m38s,RCC_17-635-28_M1_30um_S1_20200920,Homo sapiens,Kidney,Tumor,Negative,Orbitrap,MALDI
2022-10-31_22h28m04s,RCC_17-635-28_M2_20um_S1_20200920,Homo sapiens,Kidney,Tumor,Negative,Orbitrap,MALDI
2022-10-31_22h30m32s,RCC_17-635-28_N1_30um_S1_20200920,Homo sapiens,Kidney,Tumor,Negative,Orbitrap,MALDI
2022-10-31_22h34m54s,RCC_17-635-28_N2_20um_S1_20200920,Homo sapiens,Kidney,Tumor,Negative,Orbitrap,MALDI
2022-10-31_22h36m47s,RCC_17-635-28_T1_30um_S1_20200920,Homo sapiens,Kidney,Tumor,Negative,Orbitrap,MALDI
2022-10-31_22h40m51s,RCC_17-635-28_T2_20um_S1_20200920,Homo sapiens,Kidney,Tumor,Negative,Orbitrap,MALDI
2022-11-02_11h03m40s,20221031_MouseBrain_LipidAtlas_M_305_1F_365x313_Att30_25um,Mus musculus,Brain,,Positive,Orbitrap,MALDI
2022-11-02_16h26m42s,221028_lungmap_bg_pos_l1_s1,Homo sapiens,Lung,Biopsy,Positive,FTICR,MALDI
2022-11-02_16h29m10s,221028_lungmap_bg_pos_l1_s2,Homo sapiens,Lung,Biopsy,Positive,FTICR,MALDI
2022-11-02_17h32m33s,221028_lungmap_bg_neg_l2_s1,Homo sapiens,Lung,Biopsy,Negative,FTICR,MALDI
2022-11-02_17h36m37s,221028_lungmap_bg_neg_l2_s2,Homo sapiens,Lung,Biopsy,Negative,FTICR,MALDI
2022-11-03_21h13m09s,20221014_SC1_Slide1_HeLa_DANneg-D3_0,Homo sapiens,HeLa,Wildtype,Negative,Orbitrap,MALDI
2022-11-03_21h15m04s,20221014_SC1_Slide1_NIH3T3_DANneg-A1_0,Mus musculus,NIH3T3,Wildtype,Negative,Orbitrap,MALDI
2022-11-07_17h13m04s,5um_1_S1_SM_Neg_20221101_IT,Mus musculus,Kidney,Frozen,Negative,Orbitrap,MALDI
2022-11-07_17h16m05s,5um_2_S1_SM_Neg_20221101_IT,Mus musculus,Kidney,Frozen,Negative,Orbitrap,MALDI
2022-11-07_17h18m30s,5um_3_S1_SM_Neg_20221101_IT,Mus musculus,Kidney,Frozen,Negative,Orbitrap,MALDI
2022-11-07_17h20m49s,7um_1_S1_SM_Neg_20221101_IT,Mus musculus,Kidney,Frozen,Negative,Orbitrap,MALDI
2022-11-07_17h24m34s,7um_2_S1_SM_Neg_20221101_IT,Mus musculus,Kidney,Frozen,Negative,Orbitrap,MALDI
2022-11-07_17h25m36s,7um_3_S1_SM_Neg_20221101_IT,Mus musculus,Kidney,Frozen,Negative,Orbitrap,MALDI
2022-11-07_17h26m45s,10um_1_S1_SM_Neg_20221101_IT,Mus musculus,Kidney,Frozen,Negative,Orbitrap,MALDI
2022-11-07_17h28m38s,10um_2_S1_SM_Neg_20221101_IT,Mus musculus,Kidney,Frozen,Negative,Orbitrap,MALDI
2022-11-07_17h31m26s,10um_3_S1_SM_Neg_20221101_IT,Mus musculus,Kidney,Frozen,Negative,Orbitrap,MALDI
2022-11-08_22h36m01s,G0-728_3_S3_SM_Neg_20221103_GZ,Mus musculus,Kidney,Frozen,Negative,Orbitrap,MALDI
2022-11-08_22h38m21s,G0-728_6_S3_SM_Neg_20221103_GZ,Mus musculus,Kidney,Frozen,Negative,Orbitrap,MALDI
2022-11-08_22h41m33s,G1-444_3_S3_SM_Neg_20221103_GZ,Mus musculus,Kidney,Frozen,Negative,Orbitrap,MALDI
2022-11-08_22h48m44s,G1-444_6_S3_SM_Neg_20221103_GZ,Mus musculus,Kidney,Frozen,Negative,Orbitrap,MALDI
2022-11-08_22h50m58s,G2-232_3_S3_SM_Neg_20221103_GZ,Mus musculus,Kidney,Frozen,Negative,Orbitrap,MALDI
2022-11-08_22h52m27s,G2-232_6_S3_SM_Neg_20221103_GZ,Mus musculus,Kidney,Frozen,Negative,Orbitrap,MALDI
2022-11-08_22h54m27s,WT-441_3_S3_SM_Neg_20221103_GZ,Mus musculus,Kidney,Frozen,Negative,Orbitrap,MALDI
2022-11-08_22h55m51s,WT-441_6_S3_SM_Neg_20221103_GZ,Mus musculus,Kidney,Frozen,Negative,Orbitrap,MALDI
2022-11-08_22h56m45s,WT-441_G0-728_G1-444_G2-232__Mimetic1_S3_SM_Neg_20221103_GZ,Mus musculus,Kidney,Frozen,Negative,Orbitrap,MALDI
2022-11-08_22h57m04s,WT-441_G0-728_G1-444_G2-232__Mimetic2_S3_SM_Neg_20221103_GZ,Mus musculus,Kidney,Frozen,Negative,Orbitrap,MALDI
2022-11-09_12h49m33s,20221103_MouseBrain_LipidAtlas_Brain2_1A_231x231_Att30_25um,Mus musculus,Brain,,Positive,Orbitrap,MALDI
2022-11-09_13h21m13s,20221104_MouseBrain_LipidAtlas_Brain2_2B_257x209_Att30_25um,Mus musculus,Brain,,Positive,Orbitrap,MALDI
2022-11-09_13h59m24s,20221105_MouseBrain_LipidAtlas_Brain2_1C_249x247_Att30_25um,Mus musculus,Brain,,Positive,Orbitrap,MALDI
2022-11-10_13h47m47s,20221107_MouseBrain_LipidAtlas_Brain2_1D_274x247_Att30_25um,Mus musculus,Brain,,Positive,Orbitrap,MALDI
2022-11-10_14h02m16s,20221107_MouseBrain_LipidAtlas_Brain2_1E_286x251_Att30_25um,Mus musculus,Brain,,Positive,Orbitrap,MALDI
2022-11-14_05h15m11s,ts5_location_5_0,Homo sapiens,knee,,Positive,TOF,SIMS
2022-11-15_01h18m53s,221109_kidney_bg_neg_k2_s4,Homo sapiens,Kidney,Biopsy,Negative,FTICR,MALDI
2022-11-15_01h27m51s,221109_kidney_bg_neg_k2_s8,Homo sapiens,Kidney,Biopsy,Negative,FTICR,MALDI
2022-11-15_01h33m11s,221109_kidney_bg_neg_k2_s9,Homo sapiens,Kidney,Biopsy,Negative,FTICR,MALDI
2022-11-15_01h35m47s,221109_kidney_bg_neg_k2_s7,Homo sapiens,Kidney,Biopsy,Negative,FTICR,MALDI
2022-11-15_01h43m15s,221108_kidney_bg_pos_k1_s4,Homo sapiens,Lung,Biopsy,Positive,12T FTICR,MALDI
2022-11-15_01h49m33s,221108_kidney_bg_pos_k1_s8,Homo sapiens,Lung,Biopsy,Positive,12T FTICR,MALDI
2022-11-15_01h53m05s,221108_kidney_bg_pos_k1_s9,Homo sapiens,Lung,Biopsy,Positive,12T FTICR,MALDI
2022-11-16_13h09m11s,20221109_MouseBrain_LipidAtlas_Brain2_1F_308x267_Att30_25um,Mus musculus,Brain,,Positive,Orbitrap,MALDI
2022-11-16_13h32m26s,20221110_MouseBrain_LipidAtlas_Brain2_1G_338x266_Att30_25um,Mus musculus,Brain,,Positive,Orbitrap,MALDI
2022-11-16_16h24m32s,20221111_MouseBrain_LipidAtlas_Brain2_1H_345x239_Att30_25um,Mus musculus,Brain,,Positive,Orbitrap,MALDI
2022-11-16_23h36m35s,20221112_MouseBrain_LipidAtlas_Brain2_1I_368x259_Att30_25um,Mus musculus,Brain,,Positive,Orbitrap,MALDI
2022-11-18_17h46m52s,3806_S1_3_03012021_c,Mus musculus,Kidney,Frozen,Positive,Orbitrap,MALDI
2022-11-18_18h11m25s,708_S1_1_30um_12162020_c,Mus musculus,Kidney,Frozen,Positive,Orbitrap,MALDI
2022-11-18_18h15m54s,708_S1_2_30um_12162020_c,Mus musculus,Kidney,Frozen,Positive,Orbitrap,MALDI
2022-11-18_18h19m35s,3803_S1_1_30um_12162020_c,Mus musculus,Kidney,Frozen,Positive,Orbitrap,MALDI
2022-11-18_18h21m22s,3803_S1_2_30um_12162020_c,Mus musculus,Kidney,Frozen,Positive,Orbitrap,MALDI
2022-11-18_18h23m49s,3803_S1_3_20um_12162020_c,Mus musculus,Kidney,Frozen,Positive,Orbitrap,MALDI
2022-11-18_18h29m34s,780_S1_1_30um_07212021_C,Mus musculus,Kidney,Frozen,Positive,Orbitrap,MALDI
2022-11-18_18h30m51s,780_S1_2_20um_07212021_C,Mus musculus,Kidney,Frozen,Positive,Orbitrap,MALDI
2022-11-18_18h34m11s,780_S1_3_20um_07212021_C,Mus musculus,Kidney,Frozen,Positive,Orbitrap,MALDI
2022-11-18_18h49m42s,783_S1_3_30um_07212021_C,Mus musculus,Kidney,Frozen,Positive,Orbitrap,MALDI
2022-11-18_18h52m17s,797_S1_1_30um_07232021_C,Mus musculus,Kidney,Frozen,Positive,Orbitrap,MALDI
2022-11-18_18h58m18s,797_S1_2_20um_07232021_C,Mus musculus,Kidney,Frozen,Positive,Orbitrap,MALDI
2022-11-18_19h09m21s,797_S1_3_20um_07232021_C,Mus musculus,Kidney,Frozen,Positive,Orbitrap,MALDI
2022-11-18_19h12m52s,797_S1_4_30um_07232021_C,Mus musculus,Kidney,Frozen,Positive,Orbitrap,MALDI
2022-11-18_19h16m17s,797_S1_5_30um_07232021_C,Mus musculus,Kidney,Frozen,Positive,Orbitrap,MALDI
2022-11-18_19h20m40s,798_S1_3_30um_07232021_C,Mus musculus,Kidney,Frozen,Positive,Orbitrap,MALDI
2022-11-18_19h26m39s,798_S1_4_20um_07232021_C,Mus musculus,Kidney,Frozen,Positive,Orbitrap,MALDI
2022-11-18_19h35m10s,781_S4_1_30um_07222021c,Mus musculus,Kidney,Frozen,Positive,Orbitrap,MALDI
2022-11-18_19h40m37s,781_S4_2_30um_07222021c,Mus musculus,Kidney,Frozen,Positive,Orbitrap,MALDI
2022-11-18_19h43m55s,781_S4_3_50um_07222021c,Mus musculus,Kidney,Frozen,Positive,Orbitrap,MALDI
2022-11-18_19h51m02s,1042_S4_1_30um_07222021c,Mus musculus,Kidney,Frozen,Positive,Orbitrap,MALDI
2022-11-18_19h57m36s,1042_S4_2_50um_07222021c,Mus musculus,Kidney,Frozen,Positive,Orbitrap,MALDI
2022-11-18_20h00m37s,1042_S4_3_50um_07222021c,Mus musculus,Kidney,Frozen,Positive,Orbitrap,MALDI
2022-11-18_20h04m21s,798_S1_5_30um_07232021_C,Mus musculus,Kidney,Frozen,Positive,Orbitrap,MALDI
2022-11-21_21h19m37s,Marmoset1_S1_SM_Neg_20221117_IT,Homo sapiens,Kidney,Wildtype,Positive,Orbitrap,MALDI
2022-11-21_21h28m42s,Marmoset2_S1_SM_Neg_20221117_IT,Homo sapiens,Kidney,Wildtype,Positive,Orbitrap,MALDI
2022-11-21_21h55m59s,Marmoset3_S1_SM_Neg_20221117_IT,Homo sapiens,Kidney,Wildtype,Positive,Orbitrap,MALDI
2022-11-21_22h03m22s,Marmoset4_S1_SM_Neg_20221117_IT,Homo sapiens,Kidney,Wildtype,Positive,Orbitrap,MALDI
2022-11-21_22h09m16s,Marmoset5_S1_SM_Neg_20221117_IT,Homo sapiens,Kidney,Wildtype,Positive,Orbitrap,MALDI
2022-11-21_22h13m24s,Mimetic2_S1_SM_Neg_20221117_IT,Homo sapiens,Kidney,Wildtype,Positive,Orbitrap,MALDI
2022-11-21_22h52m55s,Liver-Norton_G1-488A_3_S3_SM_Neg_20221111_IT,Mus musculus,Liver,Wildtype,Negative,Orbitrap,MALDI
2022-11-21_22h54m09s,Liver-Norton_G1-488A_6_S3_SM_Neg_20221111_IT,Mus musculus,Liver,Wildtype,Negative,Orbitrap,MALDI
2022-11-21_22h57m17s,Liver-Norton_G1-2643_3_S3_SM_Neg_20221107_IT,Mus musculus,Liver,Wildtype,Negative,Orbitrap,MALDI
2022-11-21_23h06m51s,Liver-Norton_G1-2643_7_S3_SM_Neg_20221107_IT,Mus musculus,Liver,Wildtype,Negative,Orbitrap,MALDI
2022-11-21_23h17m14s,Liver-Norton_G1-8219_9_S3_SM_Neg_20221111_IT,Mus musculus,Liver,Wildtype,Negative,Orbitrap,MALDI
2022-11-21_23h18m11s,Liver-Norton_G1-8219_20_S3_SM_Neg_20221111_IT,Mus musculus,Liver,Wildtype,Negative,Orbitrap,MALDI
2022-11-21_23h21m30s,Liver-Norton_G1-8254_5_S3_SM_Neg_20221111_IT,Mus musculus,Liver,Wildtype,Negative,Orbitrap,MALDI
2022-11-21_23h25m13s,Liver-Norton_G1-8254_18_S3_SM_Neg_20221111_IT,Mus musculus,Liver,Wildtype,Negative,Orbitrap,MALDI
2022-11-21_23h27m31s,Liver-Norton_G2-451A_1_S3_SM_Neg_20221107_IT,Mus musculus,Liver,Wildtype,Negative,Orbitrap,MALDI
2022-11-21_23h30m51s,Liver-Norton_G2-451A_2_S3_SM_Neg_20221107_IT,Mus musculus,Liver,Wildtype,Negative,Orbitrap,MALDI
2022-11-21_23h35m08s,Liver-Norton_G2-6673_4_S3_SM_Neg_20221111_IT,Mus musculus,Liver,,Negative,Orbitrap,MALDI
2022-11-21_23h37m01s,Liver-Norton_G2-6673_10_S3_SM_Neg_20221111_IT,Mus musculus,Liver,,Negative,Orbitrap,MALDI
2022-11-21_23h39m11s,Liver-Norton_Mimetic1_S3_SM_Neg_20221107_IT,Mus musculus,,,Negative,Orbitrap,MALDI
2022-11-21_23h43m03s,Liver-Norton_Mimetic2_S3_SM_Neg_20221107_IT,Mus musculus,,,Negative,Orbitrap,MALDI
2022-11-22_03h08m01s,221118_lung_srs_bg_pos_l3_s1,Homo sapiens,Lung,Biopsy,Positive,12T FTICR,MALDI
2022-11-22_03h09m11s,221118_lung_srs_bg_pos_l3_s2a,Homo sapiens,Lung,Biopsy,Positive,12T FTICR,MALDI
2022-11-22_03h09m59s,221118_lung_srs_bg_pos_l3_s2b,Homo sapiens,Lung,Biopsy,Positive,12T FTICR,MALDI
2022-11-22_15h56m55s,20221113_MouseBrain_LipidAtlas_Brain2_1J_374x262_Att30_25um,Mus musculus,Brain,,Positive,Orbitrap,MALDI
2022-11-22_16h11m58s,20221118_MouseBrain_LipidAtlas__Brain2_1K_390x291_Att30_25um,Mus musculus,Brain,,Positive,Orbitrap,MALDI
2022-11-22_20h27m32s,221118_lung_srs_bg_neg_l4_s1,Homo sapiens,Lung,Biopsy,Negative,12T FTICR,MALDI
2022-11-22_20h36m12s,221118_lung_srs_bg_neg_l4_s2a,Homo sapiens,Lung,Biopsy,Negative,12T FTICR,MALDI
2022-11-22_20h36m31s,221118_lung_srs_bg_neg_l4_s2b,Homo sapiens,Lung,Biopsy,Negative,12T FTICR,MALDI
2022-11-23_19h31m35s,20221119_MouseBrain_LipidAtlas__Brain2_1L_394x310_Att30_25um,Mus musculus,Brain,,Positive,Orbitrap,MALDI
2022-11-23_19h42m43s,20221120_MouseBrain_LipidAtlas__Brain2_1M_400x303_Att30_25um,Mus musculus,Brain,,Positive,Orbitrap,MALDI
2022-11-28_22h16m02s,221124_kidney_ab_bg_neg_75_s1,Homo sapiens,Kidney,Frozen,Negative,12T FTICR,MALDI
2022-11-28_22h17m07s,221124_kidney_ab_bg_neg_75_s2,Homo sapiens,Kidney,Frozen,Negative,12T FTICR,MALDI
2022-11-28_22h18m50s,221124_kidney_ab_bg_neg_75_s6,Homo sapiens,Kidney,Frozen,Negative,12T FTICR,MALDI
2022-11-28_22h23m30s,221124_kidney_ab_bg_pos_74_s1,Homo sapiens,Kidney,Biopsy,Positive,12T FTICR,MALDI
2022-11-28_22h24m25s,221124_kidney_ab_bg_pos_74_s3,Homo sapiens,Kidney,Frozen,Positive,12T FTICR,MALDI
2022-11-28_22h25m22s,221124_kidney_ab_bg_pos_74_s4,Homo sapiens,Kidney,Frozen,Positive,12T FTICR,MALDI
2022-11-30_17h25m27s,220913_MALDI_NEG_DDA_section3_2022-11-30T16-37-57,Mus musculus,Liver,Diseased,Negative,Orbitrap,MALDI
2022-11-30_17h27m25s,220913_MALDI_NEG_DDA_section4_2022-11-30T16-39-34,Mus musculus,Liver,Diseased,Negative,Orbitrap,MALDI
2022-11-30_17h28m20s,220913_MALDI_NEG_DDA_section5_2022-11-30T16-41-20,Mus musculus,Liver,Diseased,Negative,Orbitrap,MALDI
2022-11-30_17h28m47s,220913_MALDI_NEG_DDA_section6_2022-11-30T16-43-11,Mus musculus,Liver,Diseased,Negative,Orbitrap,MALDI
2022-11-30_17h32m44s,220913_MALDI_NEG_DDA_section2_2022-11-30T17-14-37,Mus musculus,Liver,Diseased,Negative,Orbitrap,MALDI
2022-12-01_19h17m24s,221129_lung_bg_ab_pos_72_1a,Homo sapiens,Lung,Biopsy,Positive,12T FTICR,MALDI
2022-12-01_19h17m42s,221129_lung_bg_ab_pos_72_1b,Homo sapiens,Lung,Biopsy,Positive,12T FTICR,MALDI
2022-12-01_19h18m05s,221129_lung_bg_ab_pos_72_2a,Homo sapiens,Lung,Biopsy,Positive,12T FTICR,MALDI
2022-12-01_19h18m26s,221129_lung_bg_ab_pos_72_2b,Homo sapiens,Lung,Biopsy,Positive,12T FTICR,MALDI
2022-12-01_20h17m26s,221129_lung_bg_ab_neg_73_1a,Homo sapiens,Lung,Biopsy,Negative,12T FTICR,MALDI
2022-12-01_20h18m54s,221129_lung_bg_ab_neg_73_1b,Homo sapiens,Lung,Biopsy,Negative,12T FTICR,MALDI
2022-12-01_20h19m37s,221129_lung_bg_ab_neg_73_2,Homo sapiens,Lung,Biopsy,Negative,12T FTICR,MALDI
2022-12-02_10h02m26s,2022-12-01_Mousebrain_Horpca2_DAN_NEG_265x275_linemode_38atn_pxl30um,Mus musculus,Brain,Wildtype,Negative,Orbitrap,AP-SMALDI
2022-12-05_12h03m57s,2022-12-01_Mousebrain_Horpca_DAN_NEG_133x143_linemode_38atn_pxl65um,Mus musculus,Brain,Wildtype,Negative,Orbitrap,AP-SMALDI
2022-12-07_00h49m37s,s-2102-006557_3_s1_lip_pos_20221205_bg,Homo sapiens,Kidney,Biopsy,Positive,12T FTICR,MALDI
2022-12-07_00h50m53s,S-2102-006557_4_s2_lip_pos_20221205_bg,Homo sapiens,Kidney,Biopsy,Positive,12T FTICR,MALDI
2022-12-07_00h51m41s,s-2102-006557_5_s1_lip_pos_20221205_bg,Homo sapiens,Kidney,Biopsy,Positive,12T FTICR,MALDI
2022-12-07_00h52m55s,S-2102-006557_6_s2_lip_pos_20221205_bg,Homo sapiens,Kidney,Biopsy,Positive,12T FTICR,MALDI
2022-12-07_00h57m22s,s-2102-006557_7_s1_lip_pos_20221205_bg,Homo sapiens,Kidney,Biopsy,Positive,12T FTICR,MALDI
2022-12-07_00h58m07s,S-2102-006557_8_s2_lip_pos_20221205_bg,Homo sapiens,Kidney,Biopsy,Positive,12T FTICR,MALDI
2022-12-07_00h58m45s,s-2102-006557_9_s1_lip_pos_20221205_bg,Homo sapiens,Kidney,Biopsy,Positive,12T FTICR,MALDI
2022-12-07_00h59m28s,s-2102-006557_11_s1_lip_pos_20221205_bg,Homo sapiens,Kidney,Biopsy,Positive,12T FTICR,MALDI
2022-12-07_01h01m06s,S-2102-006557_12_s2_lip_pos_20221205_bg,Homo sapiens,Kidney,Biopsy,Positive,12T FTICR,MALDI
2022-12-07_01h02m53s,S-2102-006557_14_s2_lip_pos_20221205_bg,Homo sapiens,Kidney,Biopsy,Positive,12T FTICR,MALDI
2022-12-07_01h53m57s,pnnl024-3_1_s1_lip_pos_20221202_bg,Homo sapiens,Kidney,Frozen,Positive,12T FTICR,MALDI
2022-12-07_01h54m19s,pnnl024-3_2_s1_lip_pos_20221202_bg,Homo sapiens,Kidney,Frozen,Positive,12T FTICR,MALDI
2022-12-07_01h56m07s,pnnl024-3_3_s1_lip_pos_20221202_bg,Homo sapiens,Kidney,Frozen,Positive,12T FTICR,MALDI
2022-12-07_01h57m04s,pnnl024-3_5_s1_lip_pos_20221202_bg,Homo sapiens,Kidney,Frozen,Positive,12T FTICR,MALDI
2022-12-07_01h59m02s,pnnl024-3_6_s1_lip_pos_20221202_bg,Homo sapiens,Kidney,Frozen,Positive,12T FTICR,MALDI
2022-12-07_02h08m52s,pnnl024-3_1_s2_lip_pos_20221202_bg,Homo sapiens,Kidney,Frozen,Positive,12T FTICR,MALDI
2022-12-07_02h09m41s,pnnl024-3_2_s2_lip_pos_20221202_bg,Homo sapiens,Kidney,Frozen,Positive,12T FTICR,MALDI
2022-12-07_02h10m45s,pnnl024-3_3_s2_lip_pos_20221202_bg,Homo sapiens,Kidney,Frozen,Positive,12T FTICR,MALDI
2022-12-07_02h13m20s,pnnl024-3_7_s2_lip_pos_20221202_bg,Homo sapiens,Kidney,Frozen,Positive,12T FTICR,MALDI
2022-12-07_02h13m50s,pnnl024-3_8_s2_lip_pos_20221202_bg,Homo sapiens,Kidney,Frozen,Positive,12T FTICR,MALDI
2022-12-11_19h11m43s,20221121_MouseBrain_LipidAtlas__Brain2_1N_390x309_Att30_25um,Mus musculus,Brain,,Positive,Orbitrap,MALDI
2022-12-11_20h08m36s,20221123_MouseBrain_LipidAtlas__Brain2_1P_434x327_Att30_25um,Mus musculus,Brain,,Positive,Orbitrap,MALDI
2022-12-11_21h28m25s,20221122_MouseBrain_LipidAtlas__Brain2_1O_422x284_Att30_25um,Mus musculus,Brain,,Positive,Orbitrap,MALDI
2022-12-12_09h28m41s,2022-12-09_Mouse brain_Horpca_DAN_NEG_218x222_pixelmode_38atn_pxl35um,Mus musculus,Brain,Wildtype,Negative,Orbitrap,AP-SMALDI
2022-12-12_14h45m40s,Fingerprint_DESI_neg,Homo sapiens,finger,Wildtype,Negative,Orbitrap,DESI
2022-12-13_09h34m49s,20221211_MouseBrain_LipidAlas_Brain2_S2_430x335_Att30_25um,Mus musculus,Brain,,Positive,Orbitrap,MALDI
2022-12-13_10h44m36s,221212_Brain15_6h_neg,Mus musculus,Brain,Diseased,Negative,Orbitrap,DESI
2022-12-13_13h35m38s,221213_Brain15_6h_neg_100um,Mus musculus,Brain,Diseased,Negative,Orbitrap,DESI
2022-12-15_15h55m43s,20221027_Liver_section4_infected_neg_4,Mus musculus,Liver,Infected,Negative,Orbitrap,MALDI
2022-12-16_16h08m21s,2022-12-16_SCC_208_1_DAN_NEG_114x73_line scan_38atn_pxl75um,Mus musculus,Skin,Wildtype,Negative,Orbitrap,AP-SMALDI
2022-12-16_17h08m13s,221213_AnotherBrain15_6h_neg_100um,Mus musculus,Brain,Diseased,Negative,Orbitrap,DESI
2022-12-16_17h10m08s,221213_Brain15_pos_100um,Mus musculus,Brain,Diseased,Positive,Orbitrap,DESI
2022-12-16_17h10m38s,221213_Brain3_6h_neg_100um,Mus musculus,Brain,Diseased,Negative,Orbitrap,DESI
2022-12-16_17h11m10s,221213_Brain3_6h_pos_100um,Mus musculus,Brain,Diseased,Positive,Orbitrap,DESI
2022-12-16_17h13m00s,221213_NewBrain15_6h_neg_100um,Mus musculus,Brain,Diseased,Negative,Orbitrap,DESI
2022-12-19_09h18m59s,2022-12-16_SCC_208_2_DAN_NEG_289x186_line scan_38atn_pxl30um,Mus musculus,Skin,Wildtype,Negative,Orbitrap,AP-SMALDI
2022-12-19_19h40m54s,Liver-Norton_G2-466A_6_S3_SM_Neg_20221107_IT,Mus musculus,Liver,Wildtype,Negative,Orbitrap,MALDI
2022-12-19_19h41m24s,Liver-Norton_G2-466A_10_S3_SM_Neg_20221107_IT,Mus musculus,Liver,Wildtype,Negative,Orbitrap,MALDI
2022-12-20_09h20m50s,2022-12-19_mouse 260_5_DAN_NEG_332x153_line scan_38atn_pxl35um,Mus musculus,Skin,Wildtype,Negative,Orbitrap,AP-SMALDI
2022-12-21_10h54m32s,2022-12-20_SCC_208_4_DAN_NEG_227x143_line scan_38atn_pxl38um,Mus musculus,Skin,Wildtype,Negative,Orbitrap,AP-SMALDI
2022-12-21_12h53m53s,221221_Mousebrain1_pos_150um,Mus musculus,Brain,Diseased,Positive,Orbitrap,DESI
2022-12-21_13h03m16s,221221_Mousebrain2_pos_150um,Mus musculus,Brain,Diseased,Positive,Orbitrap,DESI
2022-12-21_14h38m29s,221221_Mousebrain3_pos_150um,Mus musculus,Brain,Diseased,Positive,Orbitrap,DESI
2022-12-22_09h16m37s,2022-12-21_SCC_254_6_DAN_NEG_401x196_line scan_38atn_pxl40um,Mus musculus,Skin,Wildtype,Negative,Orbitrap,AP-SMALDI
2022-12-22_11h50m30s,TOF-GIST-imatinib-IS normalized,Homo sapiens,Liver,Cancer,Positive,TOF reflector,MALDI
2022-12-29_14h40m10s,20221227_MouseBrain_LipdAtlas_R2_430x346_Att30_25um,Mus musculus,Brain,,Positive,Orbitrap,MALDI
2022-12-31_13h03m27s,20221229_MouseBrain_LipdAtlas_T1_448x317_Att30_25um,Mus musculus,Brain,,Positive,Orbitrap,MALDI
2023-01-01_16h58m56s,20221230_MouseBrain_LipdAtlas_Brain2_U1_441x330_Att30_25um,Mus musculus,Brain,,Positive,Orbitrap,MALDI
2023-01-05_10h55m02s,regions,Mus musculus,Skin,Wildtype,Positive,timsTOF Flex,MALDI
2023-01-05_17h49m56s,20230103_MouseBrain_LipdAtlas_Brain2_W1_444x354_Att30_25um,Mus musculus,Brain,,Positive,Orbitrap,MALDI
2023-01-06_09h40m43s,230103_Mousebrain_pos_150,Mus musculus,Brain,Diseased,Positive,Orbitrap,DESI
2023-01-06_09h50m15s,2023-01-04_SCC_254_4_DAN_NEG_273x129_pixel mode_38atn_pxl60um,Mus musculus,Skin,Wildtype,Negative,Orbitrap,AP-SMALDI
2023-01-06_13h08m27s,230106_Mousebrain2_pos_,Mus musculus,Brain,Diseased,Positive,Orbitrap,DESI
2023-01-13_15h22m08s,23-0179-haikuo li-flex-patient3-cortex,Homo sapiens,Kidney,Biopsy,Positive,timsTOF Flex,MALDI
2023-01-16_09h00m13s,2023-01-12_SCC_254_2_DAN_NEG_262x122_line mode_38atn_pxl60umm,Mus musculus,Skin,Wildtype,Negative,Orbitrap,AP-SMALDI
2023-01-17_22h26m24s,FP3-75um-pos,Homo sapiens,fingerprint,Wildtype,Positive,Orbitrap,DESI
2023-01-18_10h17m48s,FP2_neg_80-500_75um,Homo sapiens,fingerprint,Wildtype,Negative,Orbitrap,DESI
2023-01-18_15h40m36s,23-0179-haikuo li-flex-patient2-papilla,Homo sapiens,Kidney,Wildtype,Positive,timsTOF Flex,MALDI
2023-01-18_15h41m08s,23-0179-haikuo li-flex-patient2-medulla,Homo sapiens,Kidney,Wildtype,Positive,timsTOF Flex,MALDI
2023-01-18_15h42m25s,23-0179-haikuo li-flex-patient2-cortex,Homo sapiens,Kidney,Wildtype,Positive,timsTOF Flex,MALDI
2023-01-19_18h36m46s,s-2101-000800_12_s3_lip_pos_20230117_bg,Homo sapiens,Kidney,Biopsy,Positive,12T FTICR,MALDI
2023-01-19_18h40m29s,s-2101-000800_13_s3_lip_pos_20230117_bg,Homo sapiens,Kidney,Biopsy,Positive,12T FTICR,MALDI
2023-01-19_18h40m47s,s-2101-000800_14_s3_lip_pos_20230117_bg,Homo sapiens,Kidney,Biopsy,Positive,12T FTICR,MALDI
2023-01-19_18h41m28s,s-2101-000800_15_s3_lip_pos_20230117_bg,Homo sapiens,Kidney,Biopsy,Positive,12T FTICR,MALDI
2023-01-19_18h41m55s,s-2101-000800_16_s3_lip_pos_20230117_bg,Homo sapiens,Kidney,Biopsy,Positive,12T FTICR,MALDI
2023-01-19_18h42m51s,s-2101-000800_17_s3_lip_pos_20230117_bg,Homo sapiens,Kidney,Biopsy,Positive,12T FTICR,MALDI
2023-01-19_18h43m55s,s-2101-000800_18_s3_lip_pos_20230117_bg,Homo sapiens,Kidney,Biopsy,Positive,12T FTICR,MALDI
2023-01-19_20h45m02s,23-0179-haikuo li-flex-pt3-medulla,Homo sapiens,Kidney,Wildtype,Positive,timsTOF Flex,MALDI
2023-01-19_20h59m24s,23-0179-haikuo li-flex-pt3-papilla,Homo sapiens,Kidney,Wildtype,Positive,timsTOF Flex,MALDI
2023-01-20_10h43m24s,230118_wholebody_mouse_pos_,Mus musculus,Whole organism,Diseased,Positive,Orbitrap,DESI
2023-01-20_10h47m29s,230119_wholebody_mouse_pos_,Mus musculus,Whole organism,Diseased,Positive,Orbitrap,DESI
2023-01-25_02h38m25s,230117_lungmap_10b4_lip_pos_m1_bg_01,Homo sapiens,Lung,BPD,Positive,12T FTICR,MALDI
2023-01-25_02h39m43s,230117_lung_10b4_lip_pos_m1_bg_02a,Homo sapiens,Lung,BPD,Positive,12T FTICR,MALDI
2023-01-25_02h40m14s,230117_lung_10b4_lip_pos_m1_bg_02b,Homo sapiens,Lung,BPD,Positive,12T FTICR,MALDI
2023-01-25_02h40m52s,230117_lung_10b4_lip_pos_m1_bg_02c,Homo sapiens,Lung,BPD,Positive,12T FTICR,MALDI
2023-01-25_03h08m34s,230123_lungmap_10b3_bg_pos_t12um,Homo sapiens,Lung,BPD,Positive,12T FTICR,MALDI
2023-01-25_03h20m26s,230123_lungmap_10b3_bg_pos_t20um,Homo sapiens,Lung,BPD,Positive,12T FTICR,MALDI
2023-01-25_03h21m37s,230123_lungmap_10b3_bg_pos_t30um,Homo sapiens,Lung,BPD,Positive,12T FTICR,MALDI
2023-01-25_03h42m21s,230119_bg_lungmap_10b4_lip_neg_m2_01,Homo sapiens,Lung,BPD,Negative,12T FTICR,MALDI
2023-01-26_09h32m16s,2023-01-24_SCC_592_4_Gr4_DAN_NEG_188x177_line mode_38atn_pxl55um_50um;min,Mus musculus,Skin,Wildtype,Negative,Orbitrap,AP-SMALDI
2023-02-03_22h25m43s,Min6_MALDI_lowlow_lipids_IMAGE_480k,Mus musculus,Cells,Wildtype,Positive,Orbitrap,MALDI
2023-02-08_10h49m05s,230207_wholebody_mouse_pos_,Mus musculus,Whole organism,Diseased,Positive,Orbitrap,DESI
2023-02-08_11h57m02s,2023-02-07_SCC_557_6_Gr3_DAN_NEG_242x151_line mode_35atn_pxl50um_50uLmin,Mus musculus,Skin,Wildtype,Negative,Orbitrap,AP-SMALDI
2023-02-08_17h04m32s,230208_wholebody_pregnant_mouse_pos_,Mus musculus,Whole organism,Diseased,Positive,Orbitrap,DESI
2023-02-08_23h52m56s,230208_lungmap_10b3_2_bg_pos_t12um,Homo sapiens,Lung,BPD,Positive,12T FTICR,MALDI
2023-02-08_23h53m56s,230208_lungmap_10b3_2_bg_pos_t20um,Homo sapiens,Lung,BPD,Positive,12T FTICR,MALDI
2023-02-08_23h57m08s,230208_lungmap_10b3_2_bg_pos_t30um,Homo sapiens,Lung,BPD,Positive,12T FTICR,MALDI
2023-02-09_00h13m15s,s-2203-008790_1_s2_lip_pos_20230203_bg,Homo sapiens,Kidney,Biopsy,Positive,12T FTICR,MALDI
2023-02-09_00h13m59s,s-2203-008790_2_s2_lip_pos_20230203_bg,Homo sapiens,Kidney,Biopsy,Positive,12T FTICR,MALDI
2023-02-09_00h14m21s,s-2203-008790_4_s2_lip_pos_20230203_bg,Homo sapiens,Kidney,Biopsy,Positive,12T FTICR,MALDI
2023-02-09_00h14m36s,s-2203-008790_5_s2_lip_pos_20230203_bg,Homo sapiens,Kidney,Biopsy,Positive,12T FTICR,MALDI
2023-02-09_00h16m06s,s-2203-008790_6_s2_lip_pos_20230203_bg,Homo sapiens,Kidney,Biopsy,Positive,12T FTICR,MALDI
2023-02-09_00h27m31s,s-2203-008790_9_s2_lip_pos_20230203_bg,Homo sapiens,Kidney,Biopsy,Positive,12T FTICR,MALDI
2023-02-10_01h04m40s,s-2203-000721_1_s2_lip_pos_20230207_bg,Homo sapiens,Kidney,Biopsy,Positive,12T FTICR,MALDI
2023-02-10_01h15m22s,s-2203-000721_3_s2_lip_pos_20230207_bg,Homo sapiens,Kidney,Biopsy,Positive,12T FTICR,MALDI
2023-02-10_01h15m44s,s-2203-000721_5_s2_lip_pos_20230207_bg,Homo sapiens,Kidney,Biopsy,Positive,12T FTICR,MALDI
2023-02-10_01h16m22s,s-2203-000721_7_s2_lip_pos_20230207_bg,Homo sapiens,Kidney,Biopsy,Positive,12T FTICR,MALDI
2023-02-10_01h17m52s,s-2203-000721_9_s2_lip_pos_20230207_bg,Homo sapiens,Kidney,Biopsy,Positive,12T FTICR,MALDI
2023-02-10_01h19m09s,s-2203-000721_11_s2_lip_pos_20230207_bg,Homo sapiens,Kidney,Biopsy,Positive,12T FTICR,MALDI
2023-02-10_01h19m34s,s-2109-019203_2_s3_lip_pos_20230207_bg,Homo sapiens,Kidney,Biopsy,Positive,12T FTICR,MALDI
2023-02-10_01h19m46s,s-2109-019203_4_s3_lip_pos_20230207_bg,Homo sapiens,Kidney,Biopsy,Positive,12T FTICR,MALDI
2023-02-10_01h20m26s,s-2109-019203_6_s3_lip_pos_20230207_bg,Homo sapiens,Kidney,Biopsy,Positive,12T FTICR,MALDI
2023-02-10_01h20m48s,s-2109-019203_8_s3_lip_pos_20230207_bg,Homo sapiens,Kidney,Biopsy,Positive,12T FTICR,MALDI
2023-02-10_01h21m09s,s-2109-019203_10_s3_lip_pos_20230207_bg,Homo sapiens,Kidney,Biopsy,Positive,12T FTICR,MALDI
2023-02-10_11h47m46s,2023-02-09_SCC_582_2_Gr4_DAN_NEG_270x328_line mode_38atn_pxl50um_50uLmin,Mus musculus,Skin,Wildtype,Negative,Orbitrap,AP-SMALDI
2023-02-10_16h08m00s,230210_wholebody_pregnant_mouse_pos_27x10,Mus musculus,Whole organism,Diseased,Positive,Orbitrap,DESI
2023-02-15_08h58m45s,2023-02-14_SCC_557_2_Gr3_DAN_NEG_260x157_line mode_38atn_pxl50um_50uLmin,Mus musculus,Skin,Wildtype,Negative,Orbitrap,AP-SMALDI
2023-02-15_09h02m24s,2023-02-10_SCC_592_2_Gr4_DAN_NEG_198x213_line mode_38atn_pxl50um_50uLmin,Mus musculus,Skin,Wildtype,Negative,Orbitrap,AP-SMALDI
2023-02-17_10h02m34s,20221130-KOHFD-POS-25laser-20ppm_lnfSNR,Mus musculus,Liver,Diseased,Positive,FTICR,MALDI
2023-02-17_10h06m17s,20221130-WTND-POS-30laser-20ppm_lnfSNR,Mus musculus,Liver,Diseased,Positive,FTICR,MALDI
2023-02-17_10h06m26s,20221130-WTHFD-POS-25laser-20ppm_lnfSNR,Mus musculus,Liver,Diseased,Positive,FTICR,MALDI
2023-02-17_10h08m13s,20221129-KOHFD-NEG-80laser-20ppm_lnfSNR,Mus musculus,Liver,Diseased,Negative,FTICR,MALDI
2023-02-17_10h09m24s,20221129-KOND-NEG-50laser-20ppm_lnfSNR,Mus musculus,Liver,Diseased,Negative,FTICR,MALDI
2023-02-17_10h17m06s,20221130-KOND-pos-30laser-20ppm_lnfSNR,Mus musculus,Liver,Diseased,Positive,FTICR,MALDI
2023-02-17_10h17m17s,20221129-WTHFD-NEG-70laser-20ppm_lnfSNR,Mus musculus,Liver,Diseased,Negative,FTICR,MALDI
2023-02-17_10h17m31s,20221129-WTND-neg-50shots-20ppm_lnfSNR,Mus musculus,Liver,Diseased,Negative,FTICR,MALDI
2023-02-20_14h20m20s,2023-02-08_SCC_567_4_Gr3_T4_DAN_NEG_205x160_line mode_38atn_pxl50um_50uLmin,Mus musculus,Skin,Wildtype,Negative,Orbitrap,AP-SMALDI
2023-02-20_14h21m09s,2023-02-15_SCC_567_6_Gr3_DAN_NEG_179x134_line mode_38atn_pxl50um_50uLmin,Mus musculus,Skin,Wildtype,Negative,Orbitrap,AP-SMALDI
2023-02-21_10h22m22s,2023-02-20_SCC_610_5_Gr6_T2_DAN_NEG_165x349_line mode_38atn_pxl50um_50uLmin,Mus musculus,Skin,Wildtype,Negative,Orbitrap,AP-SMALDI
2023-02-21_10h54m55s,2023-01-27_SCC_567_4_Gr3_DAN_NEG_171x133_line mode_38atn_pxl50um_50uL;min,Mus musculus,Skin,Wildtype,Negative,Orbitrap,AP-SMALDI
2023-02-21_14h46m43s,2022-12-22_SCC_254_5_DAN_NEG_416x178_line scan_38atn_pxl40um,Mus musculus,Skin,Wildtype,Negative,Orbitrap,AP-SMALDI
2023-02-21_14h48m04s,2023-01-20_SCC_567_6_Gr3_T4_DAN_NEG_175x157_line mode_38atn_pxl55um_50um;min,Mus musculus,Skin,Wildtype,Negative,Orbitrap,AP-SMALDI
2023-02-21_14h50m02s,2023-01-26_SCC_582_4_Gr4_DAN_NEG_230x339_line mode_38atn_pxl50um_50uL_min,Mus musculus,Skin,Wildtype,Negative,Orbitrap,AP-SMALDI
2023-02-21_15h07m37s,2023-02-08_SCC_937_4_Gr6_DAN_NEG_176x141_line mode_38atn_pxl50um_50uLmin,Mus musculus,Skin,Wildtype,Negative,Orbitrap,AP-SMALDI
2023-02-21_15h15m12s,2023-02-10_SCC_583_4_Gr4_T3_DAN_NEG_236x121_line mode_38atn_pxl50um_50uLmin,Mus musculus,Skin,Wildtype,Negative,Orbitrap,AP-SMALDI
2023-02-21_16h31m13s,230220_wholebody_pregnant_mouse_pos(mouse 4_slide8),Mus musculus,Whole organism,Diseased,Positive,Orbitrap,DESI
2023-02-21_19h54m06s,230215_lung_13b5_12um_lip_pos_bg_01,Homo sapiens,Lung,BPD,Positive,12T FTICR,MALDI
2023-02-21_19h54m21s,230215_lung_13b5_12um_lip_pos_bg_02,Homo sapiens,Lung,BPD,Positive,12T FTICR,MALDI
2023-02-21_19h55m13s,230215_lung_13b5_12um_lip_pos_bg_03,Homo sapiens,Lung,BPD,Positive,12T FTICR,MALDI
2023-02-21_20h03m57s,230215_lung_13b5_20um_lip_pos_bg_02,Homo sapiens,Lung,BPD,Positive,12T FTICR,MALDI
2023-02-21_20h05m59s,230215_lung_13b5_20um_lip_pos_bg_01,Homo sapiens,Lung,BPD,Positive,12T FTICR,MALDI
2023-02-21_20h15m38s,230217_lung_13b5_pos_lip_bg_30um_03,Homo sapiens,Lung,BPD,Positive,12T FTICR,MALDI
2023-02-21_20h20m40s,230217_lung_13b5_pos_lip_bg_30um_01,Homo sapiens,Lung,BPD,Positive,12T FTICR,MALDI
2023-02-21_20h23m16s,230217_lung_13b5_pos_lip_bg_30um_02,Homo sapiens,Lung,BPD,Positive,12T FTICR,MALDI
2023-02-21_20h48m24s,230217_lungmap_13b5_lip_pos_bg_01,Homo sapiens,Lung,BPD,Positive,12T FTICR,MALDI
2023-02-21_21h00m54s,230217_lungmap_13b5_lip_pos_bg_02,Homo sapiens,Lung,BPD,Positive,12T FTICR,MALDI
2023-02-21_22h29m47s,230217_lungmap_13b5_lip_pos_bg_03,Homo sapiens,Lung,BPD,Positive,12T FTICR,MALDI
2023-02-21_22h30m22s,230217_lungmap_13b5_lip_pos_bg_04,Homo sapiens,Lung,BPD,Positive,12T FTICR,MALDI
2023-02-22_13h30m46s,2023-02-22_GLY_G4_6_DAN_NEG_219x45_line mode_36atn_pxl40um_30uLmin,Mus musculus,Skin,Wildtype,Negative,Orbitrap,AP-SMALDI
2023-02-22_20h34m02s,1-5_04l_nedc_12x_50um_recal,Mus musculus,Brain,unknown,Negative,timsTOF Flex,MALDI
2023-02-23_09h27m21s,2023-02-22_GLY_G4_5_DAN_NEG_218x57_pixel mode_36atn_pxl40um_50uLmin,Mus musculus,Skin,Wildtype,Negative,Orbitrap,AP-SMALDI
2023-02-23_22h23m18s,4-1_10J-H_nedc_12x_50um_recal,Mus musculus,Brain,unknown,Negative,timsTOF Flex,MALDI
2023-02-23_22h32m58s,4-2_10F-I_nedc_50um_12x_recal,Mus musculus,Brain,unknown,Negative,timsTOF Flex,MALDI
2023-02-23_22h35m34s,4-3_13H-L_nedc_12x_50um_recal,Mus musculus,Brain,unknown,Negative,timsTOF Flex,MALDI
2023-02-23_22h40m19s,4-4_10J-L_nedc_12x_50um_recal,Mus musculus,Brain,unknown,Negative,timsTOF Flex,MALDI
2023-02-23_22h43m42s,4-1_10J-H_nedc_14x_50um_recal,Mus musculus,Brain,unknown,Negative,timsTOF Flex,MALDI
2023-02-23_22h46m15s,4-2_10F-I_nedc_50um_14x_recal,Mus musculus,Brain,unknown,Negative,timsTOF Flex,MALDI
2023-02-24_00h37m17s,4-3_13H-L_nedc_14x_50um_recal,Mus musculus,Brain,unknown,Negative,timsTOF Flex,MALDI
2023-02-24_00h47m55s,4-4_10J-L_nedc_14x_50um_recal,Mus musculus,Brain,unknown,Negative,timsTOF Flex,MALDI
2023-02-24_00h49m18s,1-5_04m_nedc_14x_50um_recal,Mus musculus,Brain,unknown,Negative,timsTOF Flex,MALDI
2023-02-24_01h14m23s,20221111_mt_tumor_brain4-1_10L_13C_20um_70-560mz Analyte 1_1_recal,Mus musculus,Brain,Glioblastoma,Negative,TOF reflector,DESI
2023-02-24_01h34m00s,20221109_mt_tumor_brain4-2_10L_13C_20um_70-560mz Analyte 1_1_recal,Mus musculus,Brain,Glioblastoma,Negative,TOF reflector,DESI
2023-02-24_08h56m57s,2023-02-23_GLY_G3_6_DAN_NEG_213x116_pixel mode_34atn_pxl30um_50uLmin,Mus musculus,Skin,Wildtype,Negative,Orbitrap,AP-SMALDI
2023-02-24_14h53m26s,2023-02-24_GLY_G3_4_DAN_NEG_227x62_line mode_36atn_pxl30um_50uLmin,Mus musculus,Skin,Wildtype,Negative,Orbitrap,AP-SMALDI
2023-02-24_17h47m14s,20221107_mt_tumor_brain4-4_13B_13C_20um_70-560mz Analyte 1_1_recal,Mus musculus,Brain,Glioblastoma,Negative,TOF reflector,DESI
2023-02-27_08h56m17s,2023-02-24_GLY_G6_2_DAN_NEG_234x65_line mode_36atn_pxl30um_50uLmin,Mus musculus,Skin,Wildtype,Negative,Orbitrap,AP-SMALDI
2023-02-28_09h38m11s,2023-02-27_GLY_C3_1_DAN_NEG_261x79_pixel mode_36atn_pxl30um_50uLmin,Mus musculus,Skin,Wildtype,Negative,Orbitrap,AP-SMALDI
2023-02-28_14h39m21s,230228_wholebody_pregnant_mouse_pos_(mouse4_slide7),Mus musculus,Whole organism,Diseased,Positive,Orbitrap,DESI
2023-02-28_21h16m03s,230222_kidney_thickness_test_lip_neg_m2_bg_5um,Homo sapiens,Kidney,Frozen,Negative,12T FTICR,MALDI
2023-02-28_21h16m45s,230222_kidney_thickness_test_lip_neg_m2_bg_7um,Homo sapiens,Kidney,Frozen,Negative,12T FTICR,MALDI
2023-02-28_21h17m08s,230222_kidney_thickness_test_lip_neg_m2_bg_10um,Homo sapiens,Kidney,Frozen,Negative,12T FTICR,MALDI
2023-02-28_21h17m44s,230222_kidney_thickness_test_lip_neg_m2_bg_5um_02,Homo sapiens,Kidney,Frozen,Negative,12T FTICR,MALDI
2023-02-28_21h18m35s,230222_kidney_thickness_test_lip_neg_m2_bg_7um_02,Homo sapiens,Kidney,Frozen,Negative,12T FTICR,MALDI
2023-02-28_21h19m36s,230222_kidney_thickness_test_lip_neg_m2_bg_10um_02,Homo sapiens,Kidney,Frozen,Negative,12T FTICR,MALDI
2023-02-28_21h22m30s,230222_kidney_thickness_test_lip_pos_bg_5um,Homo sapiens,Kidney,Frozen,Positive,12T FTICR,MALDI
2023-02-28_21h23m10s,230222_kidney_thickness_test_lip_pos_bg_7um,Homo sapiens,Kidney,Frozen,Positive,12T FTICR,MALDI
2023-02-28_21h23m45s,230222_kidney_thickness_test_lip_pos_bg_10um,Homo sapiens,Kidney,Frozen,Positive,12T FTICR,MALDI
2023-02-28_21h24m06s,230222_kidney_thickness_test_lip_pos_bg_5um_02,Homo sapiens,Kidney,Frozen,Positive,12T FTICR,MALDI
2023-02-28_21h24m51s,230222_kidney_thickness_test_lip_pos_bg_7um_02,Homo sapiens,Kidney,Frozen,Positive,12T FTICR,MALDI
2023-02-28_21h25m15s,230222_kidney_thickness_test_lip_pos_bg_10um_02,Homo sapiens,Kidney,Frozen,Positive,12T FTICR,MALDI
2023-03-01_09h29m02s,2023-02-28_SCC_592_5_Gr4_DAN_NEG_198x203_line mode_35atn_pxl50um_50uLmin,Mus musculus,Skin,Wildtype,Negative,Orbitrap,AP-SMALDI
2023-03-01_13h24m33s,20230228_500x500_5um_Foie 210 #1 Giovanni_DANspray_Pos_mode_67-1000mz_70K_Laser39_5P5KV_350C_Slens90,Mus musculus,Liver,,Positive,Orbitrap,AP-SMALDI
2023-03-01_16h06m59s,2023-02-27_GLY_G6_6_DAN_NEG_176x48_pixel mode_36atn_pxl40um_50uLmin,Mus musculus,Skin,Wildtype,Negative,Orbitrap,AP-SMALDI
2023-03-01_19h28m49s,230222_kidney_thickness_test_lip_pos_bg_10um_03,Homo sapiens,Kidney,Frozen,Positive,12T FTICR,MALDI
2023-03-03_09h57m15s,2023-03-01_SCC_937_2_Gr6_DAN_NEG_188x150_pixel mode_35atn_pxl50um_50uLmin,Mus musculus,Skin,Wildtype,Negative,Orbitrap,AP-SMALDI
2023-03-06_09h13m00s,2023-03-03_SCC_592_1_Gr4_DAN_NEG_233x173_pixel mode_35atn_pxl50um_50uLmin,Mus musculus,Skin,Wildtype,Negative,Orbitrap,AP-SMALDI
2023-03-07_09h12m18s,2023-03-06_SCC_583_5_Gr4_T4_DAN_NEG_264x125_pixel mode_35atn_pxl50um_50uLmin,Mus musculus,Skin,Wildtype,Negative,Orbitrap,AP-SMALDI
2023-03-08_09h10m34s,2023-03-07_SCC_567_1_Gr3_DAN_NEG_188x152_pixel mode_35atn_pxl50um_50uLmin,Mus musculus,Skin,Wildtype,Negative,Orbitrap,AP-SMALDI
2023-03-08_20h21m57s,C57BL/6_E378,Mus musculus,Brain,Free-floating,Positive,Exploris 480,AP-MALDI
2023-03-09_09h09m41s,2023-03-08_SCC_551_1_Gr3_DAN_NEG_281x151_pixel mode_35atn_pxl50um_50uLmin,Mus musculus,Skin,Wildtype,Negative,Orbitrap,AP-SMALDI
2023-03-09_18h28m41s,C57BL/6_F391,Mus musculus,Brain,Free-floating,Positive,Exploris 480,AP-MALDI
2023-03-10_09h10m50s,2023-03-09_Cont_2_DAN_NEG_198x54_pixel mode_36atn_pxl40um_50uLmin,Mus musculus,Skin,Wildtype,Negative,Orbitrap,AP-SMALDI
2023-03-10_13h38m15s,2023-03-10_C1_2_DAN_NEG_171x52_pixel mode_36atn_pxl40um_50uLmin,Mus musculus,Skin,Wildtype,Negative,Orbitrap,AP-SMALDI
2023-03-10_19h33m25s,C57BL/6_D386,Mus musculus,Brain,Free-floating,Positive,Exploris 480,AP-MALDI
2023-03-13_09h35m34s,2023-03-10_SCC_557_1_Gr3_DAN_NEG_302x163_pixel mode_35atn_pxl50um_50uLmin,Mus musculus,Skin,Wildtype,Negative,Orbitrap,AP-SMALDI
2023-03-13_11h32m38s,20230310_MouseBrain_LipidAtlas_Brain2_X2_450x338_Att30_25um,Danio rerio (zebrafish),Whole organism,,Positive,Orbitrap,MALDI
2023-03-14_06h32m54s,C57BL/6_B356,Mus musculus,Brain,Free-floating,Positive,Exploris 480,AP-MALDI
2023-03-14_09h01m24s,2023-03-13_G5_2_DAN_NEG_235x119_pixel mode_36atn_pxl30um_50uLmin,Mus musculus,Skin,Wildtype,Negative,Orbitrap,AP-SMALDI
2023-03-14_10h25m26s,20230310_250x250_10um_Foie 237 #x Giovanni_DANpray_Pos_mode_200-2000mz_70K_Laser39_5P5KV_400C_Slens90,Mus musculus,Liver,,Positive,Orbitrap,AP-SMALDI
2023-03-15_09h30m03s,2023-03-14_SCC_567_5_Gr3_DAN_NEG_179x138_pixel mode_35atn_pxl50um_50uLmin,Mus musculus,Skin,Wildtype,Negative,Orbitrap,AP-SMALDI
2023-03-17_09h20m45s,2023-03-15_SCC_567_2_Gr3_T4_DAN_NEG_219x172_pixel mode_35atn_pxl50um_50uLmin,Mus musculus,Skin,Wildtype,Negative,Orbitrap,AP-SMALDI
2023-03-17_20h13m51s,S-2109-019203_3_S3_SM_Neg_20230208_IT,Mixed,Kidney,,Negative,Orbitrap,MALDI
2023-03-18_14h44m39s,20230316_MouseBrain_LipidAtlas_Brain2_Y2_452x337_Att30_25um,Mus musculus,Brain,,Positive,Orbitrap,MALDI
2023-03-20_00h55m44s,20230318_MouseBrain_LipidAtlas_Brain2_2_A1_453x358_Att30_25um,Danio rerio (zebrafish),Whole organism,,Positive,Orbitrap,MALDI
2023-03-20_09h22m55s,2023-03-17_SCC_567_1_Gr3_T4_DAN_NEG_218x176_pixel mode_35atn_pxl50um_50uLmin,Mus musculus,Skin,Wildtype,Negative,Orbitrap,AP-SMALDI
2023-03-20_17h18m54s,230316_077_02_s1_5um_2_lip_pos_bg,Homo sapiens,Kidney,Frozen,Positive,12T FTICR,MALDI
2023-03-20_17h19m25s,230316_077_02_s1_10um_lip_pos_bg,Homo sapiens,Kidney,Frozen,Positive,12T FTICR,MALDI
2023-03-20_17h26m17s,230316_077_02_s1_10um_2_lip_pos_bg,Homo sapiens,Kidney,Frozen,Positive,12T FTICR,MALDI
2023-03-20_17h26m57s,230316_077_02_s1_5um_lip_pos_bg,Homo sapiens,Kidney,Frozen,Positive,12T FTICR,MALDI
2023-03-20_17h32m19s,230316_077_02_s1_7um_2_lip_pos_bg,Homo sapiens,Kidney,Frozen,Positive,12T FTICR,MALDI
2023-03-20_17h38m14s,230316_077_02_s1_7um_lip_pos_bg,Homo sapiens,Kidney,Frozen,Positive,12T FTICR,MALDI
2023-03-20_17h58m48s,20230317-mouseliver-9aa-ito-50um-root mean square,Mus musculus,Liver,,Negative,FTICR,MALDI
2023-03-21_10h21m28s,2023-03-20_G2_2_DAN_NEG_345x118_pixel mode_36atn_pxl25um_50uLmin,Mus musculus,Skin,Wildtype,Negative,Orbitrap,AP-SMALDI
2023-03-21_18h08m13s,20230319_MouseBrain_LipidAtlas_Brain2_2_B1_457x349_Att30_25um,Danio rerio (zebrafish),Whole organism,,Positive,Orbitrap,MALDI
2023-03-22_09h05m41s,2023-03-21_S24_5_DAN_NEG_324x89_pixel mode_36atn_pxl25um_50uLmin,Mus musculus,Skin,Wildtype,Negative,Orbitrap,AP-SMALDI
2023-03-24_14h37m41s,2023-03-24_G1_6_DAN_NEG_289x73_line mode_37atn_pxl30um_10cycles,Mus musculus,Skin,Wildtype,Negative,Orbitrap,AP-SMALDI
2023-03-27_09h31m56s,2023-03-24_G2_6_DAN_NEG_291x75_pixel mode_37atn_pxl30um_10cycles,Mus musculus,Skin,Wildtype,Negative,Orbitrap,AP-SMALDI
2023-03-27_13h13m40s,2023-03-27_G1_5_DAN_NEG_281x66_line mode_37atn_pxl30um_15cycles,Mus musculus,Skin,Wildtype,Negative,Orbitrap,AP-SMALDI
2023-03-28_11h37m22s,20230325_MouseBrain_LipidAtlas_Brain2_2_C2_451x352_Att30_25um,Mus musculus,Brain,,Positive,Orbitrap,MALDI
2023-03-28_19h33m16s,230317_kidney_thickness_test_lip_neg_s2_bg_10um_01,Homo sapiens,Kidney,Frozen,Negative,12T FTICR,MALDI
2023-03-28_19h39m25s,230317_kidney_thickness_test_lip_neg_s2_bg_10um_02,Homo sapiens,Kidney,Frozen,Negative,12T FTICR,MALDI
2023-03-28_20h55m19s,230317_kidney_thickness_test_lip_neg_s2_bg_10um_03,Homo sapiens,Kidney,Frozen,Negative,12T FTICR,MALDI
2023-03-28_20h55m56s,230317_kidney_thickness_test_lip_neg_s2_bg_5um_02,Homo sapiens,Kidney,Frozen,Negative,12T FTICR,MALDI
2023-03-28_20h56m22s,230317_kidney_thickness_test_lip_neg_s2_bg_5um_03,Homo sapiens,Kidney,Frozen,Negative,12T FTICR,MALDI
2023-03-28_20h57m14s,230317_kidney_thickness_test_lip_neg_s2_bg_7um_01,Homo sapiens,Kidney,Frozen,Negative,12T FTICR,MALDI
2023-03-28_20h57m59s,230317_kidney_thickness_test_lip_neg_s2_bg_7um_02,Homo sapiens,Kidney,Frozen,Negative,12T FTICR,MALDI
2023-03-28_20h59m01s,230317_kidney_thickness_test_lip_neg_s2_bg_7um_03,Homo sapiens,Kidney,Frozen,Negative,12T FTICR,MALDI
2023-03-29_09h11m19s,2023-03-27_C2_6_DAN_NEG_295x91_pixel mode_37atn_pxl30um_50uLmin,Mus musculus,Skin,Wildtype,Negative,Orbitrap,AP-SMALDI
2023-03-30_03h06m04s,0327_ml_only80_shrunk,Mus musculus,Liver,,Positive,Orbitrap,IR-MALDESI
2023-03-30_03h06m22s,0327_100um,Mus musculus,Liver,,Positive,Orbitrap,IR-MALDESI
2023-03-30_03h06m35s,0327_80um,Mus musculus,Liver,,Positive,Orbitrap,IR-MALDESI
2023-03-30_17h18m47s,20230328_MouseBrain_LipidAtlas_Brain2_2_D1_456x339_Att30_25um,Mus musculus,Brain,,Positive,Orbitrap,MALDI
2023-03-31_09h47m41s,2023-03-29_S4_4_DAN_NEG_341x108_pixel mode_36atn_pxl25um_50uLmin,Mus musculus,Skin,Wildtype,Negative,Orbitrap,AP-SMALDI
2023-04-02_18h23m22s,20230331_MouseBrain_LipidAtlas_Brain2_2_E1_449x315_Att30_25um,Mus musculus,Brain,,Positive,Orbitrap,MALDI
2023-04-03_06h27m43s,kidney_m2_2_II,Mus musculus,Kidney,Healthy,Negative,Orbitrap,MALDI
2023-04-03_08h11m55s,MALDI_kidney_1,Mus musculus,Kidney,Healthy,Negative,Orbitrap,MALDI
2023-04-03_08h30m26s,MALDI_2_kidney_2,Mus musculus,Kidney,Healthy,Negative,Orbitrap,MALDI
2023-04-03_08h43m02s,MALDI_2_kidney_3,Mus musculus,Kidney,Healthy,Negative,Orbitrap,MALDI
2023-04-04_07h50m38s,tumour_M2,Mus musculus,Liver,Cancer,Negative,Orbitrap,MALDI
2023-04-04_19h46m14s,20230402_MouseBrain_LipidAtlas_Brain2_2_F1_447x324_Att30_25um,Mus musculus,Brain,,Positive,Orbitrap,MALDI
2023-04-05_09h43m10s,2023-04-04_G2_5_DAN_NEG_294x98_pixel mode_37atn_pxl30um_15cycles,Mus musculus,Skin,Wildtype,Negative,Orbitrap,AP-SMALDI
2023-04-05_19h41m03s,C57BL/6_B357,Mus musculus,Brain,PFA fixed,Positive,Exploris 480,AP-MALDI
2023-04-06_09h26m10s,2023-04-05_S1_2_DAN_NEG_311x125_pixel mode_36atn_pxl25um_50uLmin,Mus musculus,Skin,Wildtype,Negative,Orbitrap,AP-SMALDI
2023-04-06_09h30m23s,stitch,Mus musculus,Skin,Wildtype,Positive,Orbitrap,DEFFI
2023-04-06_09h32m12s,230406_SK_neg_NEDC_heart_10um_1pt85_metabolites,Mus musculus,Heart,Wildtype,Positive,Orbitrap,MALDI
2023-04-06_10h05m21s,230406_SK_neg_NEDC_heart_10um_1pt85_metabolites,Mus musculus,Heart,Wildtype,Negative,Orbitrap,MALDI
2023-04-11_09h18m25s,20230406 S24 3,Mus musculus,Skin,Wildtype,Negative,Orbitrap,DEFFI
2023-04-12_09h04m22s,stitch s4 2 70 um negative deffi,Mus musculus,Skin,Wildtype,Negative,Orbitrap,DEFFI
2023-04-12_09h26m08s,2023-04-11 Cont 4 DAN NEG 317x105 pixel mode 36atn pxl25um 50uLmin,Mus musculus,Skin,Wildtype,Negative,Orbitrap,AP-SMALDI
2023-04-12_15h36m35s,2023-04-12_Rat brain_DAN_NEG_75x121_line mode_38atn_pxl125um_50uLmin,Mus musculus,Skin,Wildtype,Negative,Orbitrap,AP-SMALDI
2023-04-13_09h04m33s,2023-04-12_G1_4_DAN_NEG_381x94_pixel mode_36atn_pxl25um_50uLmin,Mus musculus,Skin,Wildtype,Negative,Orbitrap,AP-SMALDI
2023-04-13_09h56m56s,20230412 S24 2 negative DEFFI,Mus musculus,Skin,Wildtype,Negative,Orbitrap,DEFFI
2023-04-14_03h40m59s,3D detection 914N2 3D 5um 70-1050 pixel 136_92,Homo sapiens,Kidney,,Positive,Orbitrap,AP-SMALDI
2023-04-14_14h06m36s,2023-04-13_C3_2_DAN_NEG_359x93_pixel mode_36atn_pxl25um_50uLmin,Mus musculus,Skin,Wildtype,Negative,Orbitrap,AP-SMALDI
2023-04-17_02h56m51s,MALDI_kidney_3_new,Mus musculus,Kidney,Healthy,Negative,Orbitrap,MALDI
2023-04-17_11h34m15s,20230415_MouseBrain_LipidAtlas_Brain2_2_G2_434x282_Att30_25um,Mus musculus,Brain,,Positive,Orbitrap,MALDI
2023-04-17_11h43m50s,2023-04-14_C2_4_DAN_NEG_331x92_pixel mode_36atn_pxl25um_50uLmin,Mus musculus,Skin,Wildtype,Negative,Orbitrap,AP-SMALDI
2023-04-17_13h23m24s,20230417 stitch s1 4 neg 100 um,Mus musculus,Skin,Wildtype,Negative,Orbitrap,DEFFI
2023-04-17_16h20m12s,230405_wholebody_pregnant_mouse_pos_(13x13),Mus musculus,Whole organism,Diseased,Positive,Orbitrap,DESI
2023-04-18_11h48m30s,230417_wholebody__mouse_pos_(1x4),Mus musculus,Whole organism,Diseased,Positive,Orbitrap,DESI
2023-04-18_11h50m45s,230417_wholebody__mouse_pos_(1x6),Mus musculus,Whole organism,Diseased,Positive,Orbitrap,DESI
2023-04-18_14h39m01s,230412_wholebody__mouse_pos_(3x8),Mus musculus,Whole organism,Diseased,Positive,Orbitrap,DESI
2023-04-18_14h40m14s,230411_wholebody__mouse_pos_(6x10),Mus musculus,Whole organism,Diseased,Positive,Orbitrap,DESI
2023-04-18_15h04m56s,20230416_MouseBrain_LipidAtlas_Brain2_2_H1_418x283_Att30_25um,Mus musculus,Brain,,Positive,Orbitrap,MALDI
2023-04-18_15h57m17s,230411_wholebody__mouse_pos_(3x9),Mus musculus,Whole organism,Diseased,Positive,Orbitrap,DESI
2023-04-18_16h02m22s,230411_wholebody__mouse_pos_(3x7),Mus musculus,Whole organism,Diseased,Positive,Orbitrap,DESI
2023-04-18_16h09m14s,230405_wholebody__mouse_pos_(3x10),Mus musculus,Whole organism,Diseased,Positive,Orbitrap,DESI
2023-04-18_16h11m40s,230404_wholebody__mouse_pos_(6x12),Mus musculus,Whole organism,Diseased,Positive,Orbitrap,DESI
2023-04-18_16h14m30s,230404_wholebody__mouse_pos_(6x11),Mus musculus,Whole organism,Diseased,Positive,Orbitrap,DESI
2023-04-18_16h20m46s,230404_wholebody__mouse_pos_(6x3),Mus musculus,Whole organism,Diseased,Positive,Orbitrap,DESI
2023-04-18_16h32m19s,20230417_MouseBrain_LipidAtlas_Brain2_2_I1_413x291_Att30_25um,Mus musculus,Brain,,Positive,Orbitrap,MALDI
2023-04-19_09h49m38s,2023-04-17_C1_4_DAN_NEG_293x89_pixel mode_36atn_pxl25um_50uLmin,Mus musculus,Skin,Wildtype,Negative,Orbitrap,AP-SMALDI
2023-04-19_15h09m31s,nROI_ml_0404_shrunk,Mus musculus,Liver,,Positive,Orbitrap,IR-MALDESI
2023-04-20_08h41m41s,230419_wholebody__mouse_pos_(1x8),Mus musculus,Whole organism,Diseased,Positive,Orbitrap,DESI
2023-04-21_10h06m17s,2023-04-19_G4_4_DAN_NEG_383x114_pixel mode_36atn_pxl25um_50uLmin,Mus musculus,Skin,Wildtype,Negative,Orbitrap,AP-SMALDI
2023-04-21_13h44m01s,230420_MouseKidney_test03_DHB_20um_A35_3kV_256x339_2Dpixel,Mus musculus,Kidney,Wildtype,Positive,Orbitrap,AP-SMALDI
2023-04-23_15h16m53s,20230421_MouseBrain_LipidAtlas_Brain2_2_J3_417x323_Att30_25um,Mus musculus,Brain,,Positive,Orbitrap,MALDI
2023-04-24_13h35m38s,20230422_MouseBrain_LipidAtlas_Brain2_2_K1_404x305_Att30_25um,Mus musculus,Brain,,Positive,Orbitrap,MALDI
2023-04-24_22h12m23s,S-2103-004722_9_S3_SM_Neg_20220825_IT,Homo sapiens,Kidney,,Negative,Orbitrap,MALDI
2023-04-24_22h14m11s,S-2103-004722_10_S3_SM_Neg_20220825_IT,Homo sapiens,Kidney,,Negative,Orbitrap,MALDI
2023-04-24_22h16m10s,S-2108-005327_3_S3_SM_Neg_20220825_IT,Homo sapiens,Kidney,,Negative,Orbitrap,MALDI
2023-04-24_22h17m16s,S-2108-005327_6_S3_SM_Neg_20220825_IT,Homo sapiens,Kidney,,Negative,Orbitrap,MALDI
2023-04-24_22h18m36s,S-2108-005327_9_S3_SM_Neg_20220825_IT,Homo sapiens,Kidney,,Negative,Orbitrap,MALDI
2023-04-24_22h21m23s,S-2108-005327_10_S3_SM_Neg_20220825_IT,Homo sapiens,Kidney,,Negative,Orbitrap,MALDI
2023-04-24_22h28m44s,S-2108-021796_3_S3_SM_Neg_20230208_IT,Homo sapiens,Kidney,,Negative,Orbitrap,MALDI
2023-04-24_22h29m33s,S-2108-021796_6_S3_SM_Neg_20230208_IT,Homo sapiens,Kidney,,Negative,Orbitrap,MALDI
2023-04-24_22h30m21s,S-2108-021796_9_S3_SM_Neg_20230208_IT,Homo sapiens,Kidney,,Negative,Orbitrap,MALDI
2023-04-24_22h31m55s,S-2108-021796_10_S3_SM_Neg_20230208_IT,Homo sapiens,Kidney,,Negative,Orbitrap,MALDI
2023-04-24_22h34m53s,S-2109-019203_6_S3_SM_Neg_20230208_IT,Homo sapiens,Kidney,,Negative,Orbitrap,MALDI
2023-04-24_22h36m34s,S-2109-019203_9_S3_SM_Neg_20230208_IT,Homo sapiens,Kidney,,Negative,Orbitrap,MALDI
2023-04-24_22h37m46s,S-2109-019203_10_S3_SM_Neg_20230208_IT,Homo sapiens,Kidney,,Negative,Orbitrap,MALDI
2023-04-24_22h38m14s,S-2111-008311_3_S3_SM_Neg_20230208_IT,Homo sapiens,Kidney,,Negative,Orbitrap,MALDI
2023-04-24_22h39m50s,S-2111-008311_6_S3_SM_Neg_20230208_IT,Homo sapiens,Kidney,,Negative,Orbitrap,MALDI
2023-04-24_22h41m36s,S-2111-008311_10_S3_SM_Neg_20230208_IT,Homo sapiens,Kidney,,Negative,Orbitrap,MALDI
2023-04-25_14h33m01s,20230424_MouseBrain_LipidAtlas_Brain2_2_L2_409x296_Att30_25um,Mus musculus,Brain,,Positive,Orbitrap,MALDI
2023-04-26_11h34m56s,2023-04-24_G5_4_DAN_NEG_281x140_pixel mode_36atn_pxl25um_50uLmin,Mus musculus,Skin,Wildtype,Negative,Orbitrap,AP-SMALDI
2023-04-26_13h48m53s,20230425_MouseBrain_LipidAtlas_Brain2_2_M1_403x303_Att30_25um,Mus musculus,Brain,,Positive,Orbitrap,MALDI
2023-04-28_09h19m28s,2023-04-26_Cont_5_DAN_NEG_322x100_pixel mode_36atn_pxl25um_50uLmin,Mus musculus,Skin,Wildtype,Negative,Orbitrap,AP-SMALDI
2023-04-30_15h39m04s,20230429_MouseBrain_LipidAtlas_Brain2_2_N1_394x304_Att30_25um,Mus musculus,Brain,,Positive,Orbitrap,MALDI
2023-05-01_09h19m53s,2023-04-28_G3_1_DAN_NEG_204x233_pixel mode_36atn_pxl25um_50uLmin,Mus musculus,Skin,Wildtype,Negative,Orbitrap,AP-SMALDI
2023-05-01_13h41m43s,20230430_MouseBrain_LipidAtlas_Brain2_2_O4_391x294_Att30_25um,Mus musculus,Brain,,Positive,Orbitrap,MALDI
2023-05-01_16h35m17s,2023-05-01_G6_4_DAN_NEG_295x79_pixel mode_36atn_pxl25um_50uLmin,Mus musculus,Skin,Wildtype,Negative,Orbitrap,AP-SMALDI
2023-05-02_09h37m03s,2023-05-01_S4_1_DAN_NEG_340x95_pixel mode_36atn_pxl25um_50uLmin,Mus musculus,Skin,Wildtype,Negative,Orbitrap,AP-SMALDI
2023-05-02_11h21m51s,stitch cont 1 70 um,Mus musculus,Skin,Wildtype,Negative,Orbitrap,DEFFI
2023-05-02_13h13m25s,230419_wholebody__mouse_pos_(1x5),Mus musculus,Whole organism,Diseased,Positive,Orbitrap,DESI
2023-05-02_13h14m14s,230419_wholebody__mouse_pos_(1x8),Mus musculus,Whole organism,Diseased,Positive,Orbitrap,DESI
2023-05-02_13h14m49s,230420_wholebody__mouse_pos_(1x7),Mus musculus,Whole organism,Diseased,Positive,Orbitrap,DESI
2023-05-02_13h15m11s,230420_wholebody__mouse_pos_(3x3),Mus musculus,Whole organism,Diseased,Positive,Orbitrap,DESI
2023-05-02_13h15m54s,230424_wholebody__mouse_pos_(0.5x2),Mus musculus,Whole organism,Diseased,Positive,Orbitrap,DESI
2023-05-02_13h16m44s,230424_wholebody__mouse_pos_(0.5x4),Mus musculus,Whole organism,Diseased,Positive,Orbitrap,DESI
2023-05-02_13h17m16s,230424_wholebody__mouse_pos_(0.5x15),Mus musculus,Whole organism,Diseased,Positive,Orbitrap,DESI
2023-05-02_13h17m55s,230428_wholebody__mouse_pos_(0x2),Mus musculus,Whole organism,Diseased,Positive,Orbitrap,DESI
2023-05-02_13h18m38s,230428_wholebody__mouse_pos_(0x3),Mus musculus,Whole organism,Diseased,Positive,Orbitrap,DESI
2023-05-02_13h20m33s,230428_wholebody__mouse_pos_(0x4),Mus musculus,Whole organism,Diseased,Positive,Orbitrap,DESI
2023-05-02_13h20m54s,230428_wholebody__mouse_pos_(0x6),Mus musculus,Whole organism,Diseased,Positive,Orbitrap,DESI
2023-05-02_13h25m43s,230502_wholebody__PregnantMouse_pos_(Kontrolx9),Mus musculus,Whole organism,Diseased,Positive,Orbitrap,DESI
2023-05-02_16h16m04s,S1_NoLockMass_04012022_recal,Mus musculus,Kidney,Healthy,Negative,Orbitrap,MALDI
2023-05-03_08h58m12s,2023-05-02_SCC_937_6_Gr6_DAN_NEG_196x165_pixel mode_35atn_pxl50um_50uLmin,Mus musculus,Skin,Wildtype,Negative,Orbitrap,AP-SMALDI
2023-05-03_09h35m25s,"230502_wholebody__PregnantMouse_pos_(low resolution, kontrolx6)",Mus musculus,Whole organism,Diseased,Positive,Orbitrap,DESI
2023-05-03_09h36m02s,230502_wholebody__PregnantMouse_pos_(kontrolx9),Mus musculus,Whole organism,Diseased,Positive,Orbitrap,DESI
2023-05-03_10h11m05s,C2 5 stitch 70 um neg,Mus musculus,Skin,Wildtype,Negative,Orbitrap,DEFFI
2023-05-03_11h49m47s,S1 1 stitch 70 um neg,Mus musculus,Skin,Wildtype,Negative,Orbitrap,DEFFI
2023-05-05_01h32m11s,077_qc_01_s2_lip_neg_230405_bg,Homo sapiens,Kidney,Frozen,Negative,12T FTICR,MALDI
2023-05-05_01h33m26s,077_qc_02_s2_lip_neg_230405_bg,Homo sapiens,Kidney,Frozen,Negative,12T FTICR,MALDI
2023-05-05_10h29m22s,2023-05-03_SCC_937_5_Gr6_DAN_NEG_205x165_pixel mode_35atn_pxl50um_50uLmin,Mus musculus,Skin,Wildtype,Negative,Orbitrap,AP-SMALDI
2023-05-07_03h33m41s,C57BL/6_B358,Mus musculus,Brain,PFA fixed,Positive,Exploris 480,AP-MALDI
2023-05-07_16h45m33s,C57BL/6_C366,Mus musculus,Brain,Free-floating,Positive,Exploris 480,AP-MALDI
2023-05-07_16h51m58s,C57BL/6_C371,Mus musculus,Brain,Free-floating,Positive,Exploris 480,AP-MALDI
2023-05-08_01h25m21s,C57BL/6_B361,Mus musculus,Brain,PFA fixed,Positive,Exploris 480,AP-MALDI
2023-05-08_09h47m18s,2023-05-04_SCC_937_1_Gr6_DAN_NEG_199x169_pixel mode_35atn_pxl50um_50uLmin,Mus musculus,Skin,Wildtype,Negative,Orbitrap,AP-SMALDI
2023-05-08_10h40m22s,stitch G4 1 70 um neg,Mus musculus,Skin,Wildtype,Negative,Orbitrap,DEFFI
2023-05-08_13h39m16s,230508_wholebody__Mouse_pos_(6x2 low resolution),Mus musculus,Whole organism,Diseased,Positive,Orbitrap,DESI
2023-05-08_13h39m42s,230508_wholebody__Mouse_pos_(6x9 low resolution),Mus musculus,Whole organism,Diseased,Positive,Orbitrap,DESI
2023-05-08_17h01m35s,230508_wholebody__Mouse_pos_(3x3 low resolution),Mus musculus,Whole organism,Diseased,Positive,Orbitrap,DESI
2023-05-09_10h13m01s,230508_wholebody__Mouse_pos_(3x7),Mus musculus,Whole organism,Diseased,Positive,Orbitrap,DESI
2023-05-10_11h40m46s,20230508_MouseBrain_LipidAtlas_Brain2_2_P2_379x312_Att30_25um,Mus musculus,Brain,,Positive,Orbitrap,MALDI
2023-05-10_17h33m23s,230228_wholebody_Pregnant_Mouse_pos_(4x5),Mus musculus,Whole organism,Diseased,Positive,Orbitrap,DESI
2023-05-10_19h58m24s,2021-12-03_regular_303_T1_DAN_NEG_232x184_pxl40um,Mus musculus,Skin,Wildtype,Negative,Orbitrap,AP-SMALDI
2023-05-10_20h03m32s,2021-12-08_regular_gr4_6_DAN_NEG_219x386_pxl40um,Mus musculus,Skin,Wildtype,Negative,Orbitrap,AP-SMALDI
2023-05-10_20h07m41s,2022-01-14_regular_302_DAN_NEG_217x195_pxl40um,Mus musculus,Skin,Wildtype,Negative,Orbitrap,AP-SMALDI
2023-05-10_20h38m39s,2022-03-28_261_regular_DAN_NEG_442x166_pxl40um.imzML,Mus musculus,Skin,Wildtype,Negative,Orbitrap,AP-SMALDI
2023-05-10_20h44m19s,2022-02-10_regular_207_DAN_NEG_511x156_pxl40um,Mus musculus,Skin,Wildtype,Negative,Orbitrap,AP-SMALDI
2023-05-10_21h07m23s,2022-01-19_regular_263_DAN_NEG_433x153_pxl40um,Mus musculus,Skin,Wildtype,Negative,Orbitrap,AP-SMALDI
2023-05-10_21h49m58s,2022-02-01_regular_259_DAN_NEG_261x195_pxl40um,Mus musculus,Skin,Wildtype,Negative,Orbitrap,AP-SMALDI
2023-05-12_10h15m27s,230228_wholebody_Pregnant_Mouse_pos_(13x10),Mus musculus,Whole organism,Diseased,Positive,Orbitrap,DESI
2023-05-12_11h37m52s,2022-02-11_214_DAN_NEG_414x176_pxl40um,Mus musculus,Skin,Wildtype,Negative,Orbitrap,AP-SMALDI
2023-05-12_11h52m17s,2021-08-31_311_Tumor2_DAN_NEG_271X107_pxl50um,Mus musculus,Skin,Wildtype,Negative,Orbitrap,AP-SMALDI
2023-05-12_15h13m22s,2022-02-16_208_DAN_NEG_319x177_pxl40um,Mus musculus,Skin,Wildtype,Negative,Orbitrap,AP-SMALDI
2023-05-15_20h02m55s,2021-09-01_321_Tumor1_DAN_NEG_291x279_pxl40um,Mus musculus,Skin,Wildtype,Negative,Orbitrap,AP-SMALDI
2023-05-15_20h29m41s,2021-08-31_311_Tumor2_DAN_NEG_271X107_pxl50um,Mus musculus,Skin,Wildtype,Negative,Orbitrap,AP-SMALDI
2023-05-15_21h06m50s,2021-08-31_311_Tumor1_DAN_NEG_155x89_pxl70um,Mus musculus,Skin,Wildtype,Negative,Orbitrap,AP-SMALDI
2023-05-16_09h36m51s,2021-08-28_306_Tumor2_DAN_NEG_257x277_pxl40um,Mus musculus,Skin,Wildtype,Negative,Orbitrap,AP-SMALDI
2023-05-16_13h19m01s,20230515_MouseBrain_LipidAtlas_2_Q1_350x301_Att30_25um,Mus musculus,Brain,,Positive,Orbitrap,MALDI
2023-05-16_13h39m13s,230516_wholebody_Mouse_pos_(low_res_1x3),Mus musculus,Whole organism,Diseased,Positive,Orbitrap,DESI
2023-05-16_16h57m34s,230516_wholebody_Mouse_pos_(low_res_1x4),Mus musculus,Whole organism,Diseased,Positive,Orbitrap,DESI
2023-05-16_22h06m15s,PT_88_recal_centroid,Mus musculus,Breast,Tumor,Negative,Orbitrap,MALDI
2023-05-17_08h38m26s,liver 2-4 50um ms range 70_1050 221_310  DHB+,Mixed,Kidney,,Positive,Orbitrap,AP-SMALDI
2023-05-17_14h00m17s,230516_wholebody_Mouse_pos_(Low_res_3x8),Mus musculus,Whole organism,Diseased,Positive,Orbitrap,DESI
2023-05-19_09h33m01s,2023-05-17_SCC_214_4_Gr6_DAN_NEG_198x300_pixel mode_35atn_pxl50um_50uLmin,Mus musculus,Skin,Wildtype,Negative,Orbitrap,AP-SMALDI
2023-05-22_16h27m51s,20230516_MouseBrain_LipidAtlas_2_R1_351x301_Att30_25um,Mus musculus,Brain,,Positive,Orbitrap,MALDI
2023-05-23_06h41m02s,C57BL/6_A349,Mus musculus,Brain,PFA fixed,Positive,Exploris 480,AP-MALDI
2023-05-23_06h42m40s,C57BL/6_A348,Mus musculus,Brain,Free-floating,Positive,Exploris 480,AP-MALDI
2023-05-23_06h42m56s,C57BL/6_A354,Mus musculus,Brain,Free-floating,Positive,Exploris 480,AP-MALDI
2023-05-23_06h43m54s,C57BL/6_C369,Mus musculus,Brain,Free-floating,Positive,Exploris 480,AP-MALDI
2023-05-23_11h25m30s,stitch s1 5 negative 70 um,Mus musculus,Skin,Wildtype,Negative,Orbitrap,DEFFI
2023-05-23_12h33m43s,20230522_289x738_10um_Tumeur 21T #7_DAN HCL_Neg_mode_67-1005mz_70K_Laser39_5KV_350C_Slens90 - error number of pixel in X,Homo sapiens,Breast,Tumor,Negative,Orbitrap,AP-SMALDI
2023-05-23_14h57m19s,20230522_MouseBrain_LipidAtlas_Brain2_S1_344x279_Att30_25um,Mus musculus,Brain,,Positive,Orbitrap,MALDI
2023-05-23_20h44m02s,230510_lung_test_D434_11a4_lip_pos_bg_02,Homo sapiens,Lung,Frozen,Positive,12T FTICR,MALDI
2023-05-23_20h45m27s,230511_lung_test_D434_11a4_side2_lip_pos_bg_01,Homo sapiens,Lung,Frozen,Positive,12T FTICR,MALDI
2023-05-23_20h48m07s,230510_lung_s2_D434_11a4_lip_neg_bg_02,Homo sapiens,Lung,Frozen,Negative,12T FTICR,MALDI
2023-05-23_20h48m29s,230510_lung_s2_D434_11a4_lip_neg_bg_01,Homo sapiens,Lung,Frozen,Negative,12T FTICR,MALDI
2023-05-26_00h33m42s,C57BL/6_B358_NEG,Mus musculus,Brain,PFA fixed,Negative,Exploris 480,AP-MALDI
2023-05-31_10h36m41s,20230525_234x233_30um_Tumeur 21T #x_DAN_Neg_mode_67-1005mz_70K_Laser39_6KV_350C_Slens90,Homo sapiens,Breast,Cancer,Negative,Orbitrap,AP-SMALDI
2023-05-31_19h01m23s,S-2103-004722_6_S3_SM_Neg_20220825_IT,Mus musculus,Kidney,,Negative,Orbitrap,MALDI
2023-05-31_20h11m10s,S-2111-008311_9_S3_SM_Neg_20230208_IT,Mus musculus,Kidney,,Negative,Orbitrap,MALDI
2023-06-02_05h13m52s,Tonsil A ROI1,Homo sapiens,Tonsil,,Negative,TOF,SIMS (Bi3+)
2023-06-02_05h14m56s,Tonsil A ROI2,Homo sapiens,Tonsil,,Negative,TOF,SIMS (Bi3+)
2023-06-02_09h42m00s,liver 2-3 50um ms range 300_1500 213_306 pNA-,Mus musculus,Liver,Wildtype,Positive,Orbitrap,AP-SMALDI
2023-06-02_10h47m47s,,Homo sapiens,Breast,Cancer,Positive,Orbitrap,AP-SMALDI
2023-06-05_11h45m44s,QEHF1_CC32_MouseKidney_A37_15um_326X470_3kv,Mus musculus,Kidney,Wildtype,Positive,Orbitrap,AP-SMALDI
2023-06-05_15h17m28s,QEHF1_CC32_MouseKidney_A37_15um_326X470_3kv,Mus musculus,Kidney,Wildtype,Positive,Orbitrap,AP-SMALDI
2023-06-05_19h10m26s,,Mus musculus,Kidney,,Negative,Orbitrap,MALDI
2023-06-05_19h11m14s,,Mus musculus,Kidney,,Negative,Orbitrap,MALDI
2023-06-05_19h14m50s,,Mus musculus,Kidney,,Negative,Orbitrap,MALDI
2023-06-05_19h15m35s,,Mus musculus,Kidney,,Negative,Orbitrap,MALDI
2023-06-05_19h16m50s,,Mus musculus,Kidney,,Negative,Orbitrap,MALDI
2023-06-05_19h17m01s,,Mus musculus,Kidney,,Negative,Orbitrap,MALDI
2023-06-05_19h17m57s,,Mus musculus,Kidney,,Negative,Orbitrap,MALDI
2023-06-05_19h18m03s,,Mus musculus,Kidney,,Negative,Orbitrap,MALDI
2023-06-05_19h19m11s,,Mus musculus,Kidney,,Negative,Orbitrap,MALDI
2023-06-05_19h19m15s,,Mus musculus,Kidney,,Negative,Orbitrap,MALDI
2023-06-05_19h24m18s,,Mus musculus,Kidney,,Negative,Orbitrap,MALDI
2023-06-05_19h24m21s,,Mus musculus,Kidney,,Negative,Orbitrap,MALDI
2023-06-05_19h28m16s,,Mus musculus,Kidney,,Negative,Orbitrap,MALDI
2023-06-05_19h28m19s,,Mus musculus,Kidney,,Negative,Orbitrap,MALDI
2023-06-05_19h29m14s,,Mus musculus,Kidney,,Negative,Orbitrap,MALDI
2023-06-05_19h29m18s,,Mus musculus,Kidney,,Negative,Orbitrap,MALDI
2023-06-05_19h30m00s,,Mus musculus,Kidney,,Negative,Orbitrap,MALDI
2023-06-05_19h30m04s,,Mus musculus,Kidney,,Negative,Orbitrap,MALDI
2023-06-05_19h31m23s,,Mus musculus,Kidney,,Negative,Orbitrap,MALDI
2023-06-05_19h31m26s,,Mus musculus,Kidney,,Negative,Orbitrap,MALDI
2023-06-05_19h40m58s,,Mus musculus,Kidney,,Negative,Orbitrap,MALDI
2023-06-05_19h41m02s,,Mus musculus,Kidney,,Negative,Orbitrap,MALDI
2023-06-05_19h42m45s,,Mus musculus,Kidney,,Negative,Orbitrap,MALDI
2023-06-05_19h42m47s,,Mus musculus,Kidney,,Negative,Orbitrap,MALDI
2023-06-05_19h56m34s,,Mus musculus,Kidney,,Negative,Orbitrap,MALDI
2023-06-05_19h56m39s,,Mus musculus,Kidney,,Negative,Orbitrap,MALDI
2023-06-05_20h00m00s,,Mus musculus,Kidney,,Negative,Orbitrap,MALDI
2023-06-05_20h00m03s,,Mus musculus,Kidney,,Negative,Orbitrap,MALDI
2023-06-05_20h01m13s,,Mus musculus,Kidney,,Negative,Orbitrap,MALDI
2023-06-05_20h01m16s,,Mus musculus,Kidney,,Negative,Orbitrap,MALDI
2023-06-05_23h45m49s,,Mus musculus,Kidney,,Negative,Orbitrap,MALDI
2023-06-05_23h45m56s,,Mus musculus,Kidney,,Negative,Orbitrap,MALDI
2023-06-06_03h13m58s,,Mus musculus,Kidney,,Negative,Orbitrap,MALDI
2023-06-06_03h16m27s,,Mus musculus,Kidney,,Negative,Orbitrap,MALDI
2023-06-06_03h17m20s,,Mus musculus,Kidney,,Negative,Orbitrap,MALDI
2023-06-06_03h19m16s,,Mus musculus,Kidney,,Negative,Orbitrap,MALDI
2023-06-06_03h30m21s,Mimetic_1_S3_SM_Neg_20230531_IT,Mus musculus,Kidney,,Negative,Orbitrap,MALDI
2023-06-06_03h30m59s,Mimetic_2_S3_SM_Neg_20230531_IT,Mus musculus,Kidney,,Negative,Orbitrap,MALDI
2023-06-06_15h07m18s,230606_wholebody_Mouse_pos_(lowRes_0x5),Mus musculus,Whole organism,Diseased,Positive,Orbitrap,DESI
2023-06-07_03h56m30s,HK2-Podocyte-1-edge_S1_SM_Neg_20230606_IT,Mus musculus,Kidney,,Negative,Orbitrap,MALDI
2023-06-07_05h04m14s,HK2-Podocyte-2-edge_S1_SM_Neg_20230606_IT,Mus musculus,Kidney,,Negative,Orbitrap,MALDI
2023-06-07_09h55m21s,liver 2-1 5um ms range 70_1050 200_200  DHB+,Mus musculus,Liver,Wildtype,Positive,Orbitrap,AP-SMALDI
2023-06-07_10h57m44s,QEHF1_CC34_MouseKidney_A37_20um_270X380_3kv,Mus musculus,Kidney,Wildtype,Positive,Orbitrap,AP-SMALDI
2023-06-07_13h28m32s,heart 10um-50-550_BRUKER,Mus musculus,Heart,Wildtype,Negative,timsTOF MALDI,MALDI
2023-06-07_16h49m56s,HK2-Podocyte-3-edge_S1_SM_Neg_20230606_IT,Mus musculus,Kidney,,Negative,Orbitrap,MALDI
2023-06-07_20h42m51s,HK2-Podocyte-2-central_S1_SM_Neg_20230606_IT,Mus musculus,Kidney,,Negative,Orbitrap,MALDI
2023-06-07_20h51m49s,HK2-Podocyte-3-central_S1_SM_Neg_20230606_IT,Mus musculus,Kidney,,Negative,Orbitrap,MALDI
2023-06-08_04h01m22s,Mimetic_1_S3_SM_Neg_20230607_IT,Homo sapiens,Kidney,,Negative,Orbitrap,MALDI
2023-06-08_04h04m12s,BVIII-1-Ctrl_4_S3_SM_Neg_20230607_IT,Mus musculus,Brain,,Negative,Orbitrap,MALDI
2023-06-08_04h08m21s,BVIII-2-Ctrl_4_S3_SM_Neg_20230607_IT,Mus musculus,Brain,,Negative,Orbitrap,MALDI
2023-06-08_04h14m25s,BVIII-7-KO_3_S3_SM_Neg_20230607_IT,Mus musculus,Brain,,Negative,Orbitrap,MALDI
2023-06-08_17h04m39s,BVIII-1-Ctrl_8_S3_SM_Neg_20230607_IT,Mus musculus,Brain,,Negative,Orbitrap,MALDI
2023-06-08_17h06m10s,BVIII-2-Ctrl_7_S3_SM_Neg_20230607_IT,Mus musculus,Brain,,Negative,Orbitrap,MALDI
2023-06-08_17h09m44s,BVIII-7-KO_6_S3_SM_Neg_20230607_IT,Mus musculus,Brain,,Negative,Orbitrap,MALDI
2023-06-08_17h11m16s,Mimetic_2_S3_SM_Neg_20230607_IT,Homo sapiens,Kidney,,Negative,Orbitrap,MALDI
2023-06-09_10h38m10s,adbe_exp3_grp2,Mus musculus,Kidney,,Positive,TOF reflector,MALDI
2023-06-09_11h28m27s,liver 2-1 5um ms range 70_1050 200_200  DHB+,Mus musculus,Liver,Wildtype,Positive,Orbitrap,AP-SMALDI
2023-06-09_16h23m43s,BVIII-4-Ctrl_3_S3_SM_Neg_20230608_IT,Homo sapiens,Kidney,,Negative,Orbitrap,MALDI
2023-06-09_16h31m06s,BVIII-9-KO_3_S3_SM_Neg_20230608_IT,Mus musculus,Brain,,Negative,Orbitrap,MALDI
2023-06-09_16h33m38s,BVIII-10-KO_3_S3_SM_Neg_20230608_IT,Mus musculus,Brain,,Negative,Orbitrap,MALDI
2023-06-09_16h34m28s,BVIII-9-KO_6_S3_SM_Neg_20230608_IT,Mus musculus,Brain,,Negative,Orbitrap,MALDI
2023-06-09_16h38m17s,BVIII-10-KO_6_S3_SM_Neg_20230608_IT,Mus musculus,Brain,,Negative,Orbitrap,MALDI
2023-06-09_16h41m23s,BVIII-11-KO_3_S3_SM_Neg_20230608_IT,Mus musculus,Brain,,Negative,Orbitrap,MALDI
2023-06-09_16h48m23s,BVIII-11-KO_6_S3_SM_Neg_20230608_IT,Mus musculus,Brain,,Negative,Orbitrap,MALDI
2023-06-09_17h06m36s,BVIII-4-Ctrl_6_S3_SM_Neg_20230608_IT,Mus musculus,Brain,,Negative,Orbitrap,MALDI
2023-06-09_17h07m41s,Mimetic_1_S3_SM_Neg_20230608_IT,Homo sapiens,Kidney,,Negative,Orbitrap,MALDI
2023-06-09_17h10m13s,Mimetic_2_S3_SM_Neg_20230608_IT,Homo sapiens,Kidney,,Negative,Orbitrap,MALDI
2023-06-09_23h42m56s,BVIII-1-Kidney_3_S3_SM_Neg_20230609_IT,Mus musculus,Kidney,,Negative,Orbitrap,MALDI
2023-06-09_23h44m48s,Mimetic_1_S3_SM_Neg_20230609_IT,Homo sapiens,Kidney,,Negative,Orbitrap,MALDI
2023-06-12_11h10m00s,QEHF1_CC35_MouseKidney_A37_20um_325X525_3kv,Mus musculus,Kidney,Wildtype,Positive,Orbitrap,AP-SMALDI
2023-06-12_16h41m35s,BVIII-1-Kidney_6_S3_SM_Neg_20230609_IT,Mus musculus,Kidney,,Negative,Orbitrap,MALDI
2023-06-12_16h44m50s,BVIII-2-Kidney_3_S3_SM_Neg_20230609_IT,Mus musculus,Kidney,,Negative,Orbitrap,MALDI
2023-06-12_16h48m46s,BVIII-2-Kidney_6_S3_SM_Neg_20230609_IT,Mus musculus,Kidney,,Negative,Orbitrap,MALDI
2023-06-12_16h51m55s,BVIII-4-Kidney_6_S3_SM_Neg_20230609_IT,Mus musculus,Kidney,,Negative,Orbitrap,MALDI
2023-06-12_16h52m51s,BVIII-4-Kidney_3_S3_SM_Neg_20230609_IT,Mus musculus,Kidney,,Negative,Orbitrap,MALDI
2023-06-12_16h53m43s,BVIII-9-Kidney_3_S3_SM_Neg_20230609_IT,Mus musculus,Kidney,,Negative,Orbitrap,MALDI
2023-06-12_16h56m14s,BVIII-9-Kidney_6_S3_SM_Neg_20230609_IT,Mus musculus,Kidney,,Negative,Orbitrap,MALDI
2023-06-12_16h57m43s,BVIII-10-Kidney_3_S3_SM_Neg_20230609_IT,Mus musculus,Kidney,,Negative,Orbitrap,MALDI
2023-06-12_16h59m44s,BVIII-10-Kidney_6_S3_SM_Neg_20230609_IT,Mus musculus,Kidney,,Negative,Orbitrap,MALDI
2023-06-12_17h01m29s,BVIII-11-Kidney_3_S3_SM_Neg_20230609_IT,Mus musculus,Kidney,,Negative,Orbitrap,MALDI
2023-06-12_17h03m17s,BVIII-11-Kidney_6_S3_SM_Neg_20230609_IT,Mus musculus,Kidney,,Negative,Orbitrap,MALDI
2023-06-12_17h05m14s,Mimetic_2_S3_SM_Neg_20230609_IT,Homo sapiens,Kidney,,Negative,Orbitrap,MALDI
2023-06-13_16h20m59s,468A_9_S3_SM_Neg_20230612_IT,Mus musculus,Liver,,Negative,Orbitrap,MALDI
2023-06-13_22h07m12s,468A_13_S3_SM_Neg_20230612_IT,Mus musculus,Liver,,Negative,Orbitrap,MALDI
2023-06-13_22h29m18s,2802_15_S3_SM_Neg_20230612_IT,Mus musculus,Liver,,Negative,Orbitrap,MALDI
2023-06-13_22h31m15s,2802_18_S3_SM_Neg_20230612_IT,Mus musculus,Liver,,Negative,Orbitrap,MALDI
2023-06-13_22h32m52s,6660_10_S3_SM_Neg_20230612_IT,Mus musculus,Liver,,Negative,Orbitrap,MALDI
2023-06-13_22h37m07s,6660_13_S3_SM_Neg_20230612_IT,Mus musculus,Liver,,Negative,Orbitrap,MALDI
2023-06-13_22h38m12s,6662_14_S3_SM_Neg_20230612_IT,Mus musculus,Liver,,Negative,Orbitrap,MALDI
2023-06-13_22h40m26s,6662_17_S3_SM_Neg_20230612_IT,Mus musculus,Liver,,Negative,Orbitrap,MALDI
2023-06-13_22h45m08s,Mimetic_1_S3_SM_Neg_20230612_IT,Homo sapiens,Kidney,,Negative,Orbitrap,MALDI
2023-06-13_22h45m34s,Mimetic_2_S3_SM_Neg_20230612_IT,Homo sapiens,Kidney,,Negative,Orbitrap,MALDI
2023-06-14_12h20m24s,20230612_MouseBrain_LipidAtlas_Brain2_box1_V2_458x346_Att30_25um_Tx,Mus musculus,Brain,,Positive,Orbitrap,MALDI
2023-06-14_20h59m41s,487A_5_S3_SM_Neg_20230613_IT,Mus musculus,Liver,,Negative,Orbitrap,MALDI
2023-06-14_22h40m12s,487A_18_S3_SM_Neg_20230613_IT,Mus musculus,Liver,,Negative,Orbitrap,MALDI
2023-06-14_22h41m42s,6674_7_S3_SM_Neg_20230613_IT,Mus musculus,Liver,,Negative,Orbitrap,MALDI
2023-06-14_22h42m29s,6674_15_S3_SM_Neg_20230613_IT,Mus musculus,Liver,,Negative,Orbitrap,MALDI
2023-06-14_22h46m10s,Mimetic_1_S3_SM_Neg_20230613_IT,Homo sapiens,Kidney,,Negative,Orbitrap,MALDI
2023-06-14_22h50m06s,Mimetic_2_S3_SM_Neg_20230613_IT,Homo sapiens,Kidney,,Negative,Orbitrap,MALDI
2023-06-15_12h31m18s,230615_SIMA9_lyo,Mixed,Brain,,Negative,timsTOF Flex,MALDI
2023-06-15_12h53m10s,230615_SIMA9_norm,Mixed,Brain,,Negative,timsTOF Flex,MALDI
2023-06-15_16h45m45s,Mimetic_1_S1_SM_Neg_20230614_IT,Homo sapiens,Kidney,,Negative,Orbitrap,MALDI
2023-06-15_16h46m32s,Mimetic_2_S1_SM_Neg_20230614_IT,Homo sapiens,Kidney,,Negative,Orbitrap,MALDI
2023-06-15_18h06m13s,,Mus musculus,Kidney,,Negative,Orbitrap,MALDI
2023-06-15_18h06m40s,,Mus musculus,Kidney,,Negative,Orbitrap,MALDI
2023-06-15_18h16m52s,,Mus musculus,Kidney,,Negative,Orbitrap,MALDI
2023-06-15_18h29m50s,,Mus musculus,Kidney,,Negative,Orbitrap,MALDI
2023-06-15_18h35m19s,qc-077_1_s2_lip_pos_060123_bg,Homo sapiens,Kidney,Frozen,Positive,12T FTICR,MALDI
2023-06-15_18h35m36s,qc-077_2_s2_lip_pos_060123_bg,Homo sapiens,Kidney,Frozen,Positive,12T FTICR,MALDI
2023-06-15_18h37m21s,qc-077_1_s1_lip_neg_060123_bg,Homo sapiens,Kidney,Frozen,Negative,12T FTICR,MALDI
2023-06-15_18h37m50s,qc-077_2_s1_lip_neg_060123_bg,Homo sapiens,Kidney,Frozen,Negative,12T FTICR,MALDI
2023-06-15_18h51m36s,S-2104-001095_2_s2_lip_pos_060123_bg,Homo sapiens,Kidney,Biopsy,Positive,12T FTICR,MALDI
2023-06-15_18h52m05s,S-2104-001095_3_s2_lip_pos_060123_bg,Homo sapiens,Kidney,Biopsy,Positive,12T FTICR,MALDI
2023-06-15_18h52m35s,S-2104-001095_4_s2_lip_pos_060123_bg,Homo sapiens,Kidney,Biopsy,Positive,12T FTICR,MALDI
2023-06-15_19h13m22s,S-2104-001095_5_s2_lip_pos_060123_bg,Homo sapiens,Kidney,Biopsy,Positive,12T FTICR,MALDI
2023-06-15_19h14m01s,S-2112-014329_3_s2_lip_pos_060123_bg,Homo sapiens,Kidney,Biopsy,Positive,12T FTICR,MALDI
2023-06-15_19h14m47s,S-2112-014329_4_s2_lip_pos_060123_bg,Homo sapiens,Kidney,Biopsy,Positive,12T FTICR,MALDI
2023-06-15_19h15m16s,S-2112-014329_5_s2_lip_pos_060123_bg,Homo sapiens,Kidney,Biopsy,Positive,12T FTICR,MALDI
2023-06-15_19h21m18s,S-2112-014329_1_s2_lip_pos_060123_bg,Homo sapiens,Kidney,Biopsy,Positive,12T FTICR,MALDI
2023-06-15_19h22m12s,S-2112-014329_2_s2_lip_pos_060123_bg,Homo sapiens,Kidney,Biopsy,Positive,12T FTICR,MALDI
2023-06-15_19h22m56s,S-2010-013048_4_s2_lip_pos_060123_bg,Homo sapiens,Kidney,Biopsy,Positive,12T FTICR,MALDI
2023-06-15_19h24m38s,S-2010-013048_3_s2_lip_pos_060123_bg,Homo sapiens,Kidney,Biopsy,Positive,12T FTICR,MALDI
2023-06-15_19h25m07s,S-2010-013048_2_s2_lip_pos_060123_bg,Homo sapiens,Kidney,Biopsy,Positive,12T FTICR,MALDI
2023-06-15_19h25m40s,S-2010-013048_1_s2_lip_pos_060123_bg,Homo sapiens,Kidney,Biopsy,Positive,12T FTICR,MALDI
2023-06-15_19h36m19s,S-2104-001095_5_s1_lip_neg_060123_bg,Homo sapiens,Kidney,Biopsy,Negative,12T FTICR,MALDI
2023-06-15_19h36m41s,S-2104-001095_3_s1_lip_neg_060123_bg,Homo sapiens,Kidney,Biopsy,Negative,12T FTICR,MALDI
2023-06-15_19h37m06s,S-2104-001095_2_s1_lip_neg_060123_bg,Homo sapiens,Kidney,Biopsy,Negative,12T FTICR,MALDI
2023-06-15_19h37m38s,S-2104-001095_1_s1_lip_neg_060123_bg,Homo sapiens,Kidney,Biopsy,Negative,12T FTICR,MALDI
2023-06-15_19h39m00s,S-2112-014329_3_s1_lip_neg_060123_bg,Homo sapiens,Kidney,Biopsy,Negative,12T FTICR,MALDI
2023-06-15_19h39m22s,S-2112-014329_4_s1_lip_neg_060123_bg,Homo sapiens,Kidney,Biopsy,Negative,12T FTICR,MALDI
2023-06-15_19h43m38s,S-2112-014329_5_s1_lip_neg_060123_bg,Homo sapiens,Kidney,Biopsy,Negative,12T FTICR,MALDI
2023-06-15_19h45m28s,S-2112-014329_2_s1_lip_neg_060123_bg,Homo sapiens,Kidney,Biopsy,Negative,12T FTICR,MALDI
2023-06-15_19h46m53s,S-2010-013048_4_s1_lip_neg_060123_bg,Homo sapiens,Kidney,Biopsy,Negative,12T FTICR,MALDI
2023-06-15_19h47m33s,230615_SIMA9_lyo_20_1,Mixed,Brain,,Negative,timsTOF Flex,MALDI
2023-06-15_19h48m05s,S-2010-013048_3_s1_lip_neg_060123_bg,Homo sapiens,Kidney,Biopsy,Negative,12T FTICR,MALDI
2023-06-15_19h48m32s,S-2010-013048_2_s1_lip_neg_060123_bg,Homo sapiens,Kidney,Biopsy,Negative,12T FTICR,MALDI
2023-06-15_19h49m00s,S-2010-013048_1_s1_lip_neg_060123_bg,Homo sapiens,Kidney,Biopsy,Negative,12T FTICR,MALDI
2023-06-16_07h54m01s,230615_SIMA9_norm_20_1,Mus musculus,Brain,,Negative,timsTOF Flex,MALDI
2023-06-16_10h46m46s,230616_SIMA9_lyo,Mixed,Brain,,Negative,timsTOF Flex,MALDI
2023-06-16_11h48m35s,230616_SIMA9_norm,Mixed,Brain,,Negative,timsTOF Flex,MALDI
2023-06-16_16h42m44s,,Mus musculus,Kidney,,Negative,Orbitrap,MALDI
2023-06-16_16h43m30s,,Mus musculus,Kidney,,Negative,Orbitrap,MALDI
2023-06-16_16h46m06s,,Mus musculus,Kidney,,Negative,Orbitrap,MALDI
2023-06-16_16h49m33s,,Mus musculus,Kidney,,Negative,Orbitrap,MALDI
2023-06-16_16h52m53s,,Mus musculus,Kidney,,Negative,Orbitrap,MALDI
2023-06-16_16h55m36s,,Mus musculus,Kidney,,Negative,Orbitrap,MALDI
2023-06-16_16h59m13s,Mimetic_1_S3_SM_Neg_20230615_IT,Homo sapiens,Kidney,,Negative,Orbitrap,MALDI
2023-06-16_17h03m54s,Mimetic_2_S3_SM_Neg_20230615_IT,Homo sapiens,Kidney,,Negative,Orbitrap,MALDI
2023-06-18_14h51m30s,230618_SIMA9_lyo,Mus musculus,Brain,,Negative,timsTOF Flex,MALDI
2023-06-18_14h51m51s,230618_SIMA9_norm,Mus musculus,Brain,,Negative,timsTOF Flex,MALDI
2023-06-19_10h46m24s,QEHF1_CC36_MouseKidney_A37_20um_292X672_3kv,Mus musculus,Kidney,Wildtype,Positive,Orbitrap,AP-SMALDI
2023-06-20_13h44m18s,20230620_FinalTest_neg,"human, pig",Liver,Cancer,Negative,timsTOF Flex,MALDI
2023-06-21_12h17m23s,230619_test_homogenate_AF,Mus musculus,Kidney,Healthy,Negative,Orbitrap,MALDI
2023-06-21_13h21m40s,20230614_finaltest_neg-root mean square_roc343,"human, pig",Liver,Cancer,Negative,timsTOF Flex,MALDI
2023-06-21_18h27m40s,20230614_finaltest_pos-root mean square_roc153,"human, pig",Liver,Cancer,Positive,timsTOF Flex,MALDI
2023-06-21_22h13m29s,control_day 5_slice 2,Mus musculus,Ovary,Wildtype,Negative,12T FTICR,MALDI
2023-06-21_22h13m45s,control_day 5_slice 3,Mus musculus,Ovary,Wildtype,Negative,12T FTICR,MALDI
2023-06-22_16h38m58s,Ref-S-2210-005018_1_S3_SM_Neg_20230621_IT,Homo sapiens,Kidney,,Negative,Orbitrap,MALDI
2023-06-22_16h44m32s,S-2109-023337_3_S3_SM_Neg_20230621_IT,Homo sapiens,Kidney,,Negative,Orbitrap,MALDI
2023-06-22_16h45m55s,S-2109-023337_6_S3_SM_Neg_20230621_IT,Homo sapiens,Kidney,,Negative,Orbitrap,MALDI
2023-06-22_16h46m57s,S-2109-023337_9_S3_SM_Neg_20230621_IT,Homo sapiens,Kidney,,Negative,Orbitrap,MALDI
2023-06-22_16h48m03s,S-2109-023337_12_S3_SM_Neg_20230621_IT,Homo sapiens,Kidney,,Negative,Orbitrap,MALDI
2023-06-22_16h51m40s,S-2203-000721_3_S3_SM_Neg_20230621_IT,Homo sapiens,Kidney,,Negative,Orbitrap,MALDI
2023-06-22_16h56m44s,S-2203-000721_6_S3_SM_Neg_20230621_IT,Homo sapiens,Kidney,,Negative,Orbitrap,MALDI
2023-06-22_16h57m30s,S-2203-000721_9_S3_SM_Neg_20230621_IT,Homo sapiens,Kidney,,Negative,Orbitrap,MALDI
2023-06-22_17h00m54s,S-2203-000721_12_S3_SM_Neg_20230621_IT,Homo sapiens,Kidney,,Negative,Orbitrap,MALDI
2023-06-22_17h02m18s,S-2203-008790_3_S3_SM_Neg_20230621_IT,Homo sapiens,Kidney,,Negative,Orbitrap,MALDI
2023-06-22_17h04m42s,S-2203-008790_6_S3_SM_Neg_20230621_IT,Homo sapiens,Kidney,,Negative,Orbitrap,MALDI
2023-06-22_17h06m27s,S-2203-008790_9_S3_SM_Neg_20230621_IT,Homo sapiens,Kidney,,Negative,Orbitrap,MALDI
2023-06-22_17h07m43s,S-2203-008790_12_S3_SM_Neg_20230621_IT,Homo sapiens,Kidney,,Negative,Orbitrap,MALDI
2023-06-23_16h24m34s,QEHF1_CC37_MouseKidney_A37_25um_229X443_3kv,Mus musculus,Kidney,Wildtype,Positive,Orbitrap,AP-SMALDI
2023-06-26_15h47m41s,MC-ALS-183_3_S3_SM_Neg_20230622_IT,Homo sapiens,Spinal Cord,,Negative,Orbitrap,MALDI
2023-06-26_15h58m25s,MC-ALS-243_3_S3_SM_Neg_20230622_IT,Homo sapiens,Spinal Cord,,Negative,Orbitrap,MALDI
2023-06-26_16h10m39s,MC-Control-5265_3_S3_SM_Neg_20230622_IT,Homo sapiens,Spinal Cord,,Negative,Orbitrap,MALDI
2023-06-26_16h10m52s,Mimetic_1_S3_SM_Neg_20230622_IT,Homo sapiens,Kidney,,Negative,Orbitrap,MALDI
2023-06-26_22h43m41s,qc-077_2_s2_lip_neg_061623_bg,Homo sapiens,Kidney,Biopsy,Negative,12T FTICR,MALDI
2023-06-26_22h44m14s,S-2105-008149_1_s2_lip_neg_061623_bg,Homo sapiens,Kidney,Biopsy,Negative,12T FTICR,MALDI
2023-06-26_22h44m44s,S-2105-008149_3_s2_lip_neg_061623_bg,Homo sapiens,Kidney,Biopsy,Negative,12T FTICR,MALDI
2023-06-26_22h45m33s,S-2008-007631_1_s2_lip_neg_061623_bg,Homo sapiens,Kidney,Biopsy,Negative,12T FTICR,MALDI
2023-06-26_22h46m34s,S-2008-007631_2_s2_lip_neg_061623_bg,Homo sapiens,Kidney,Biopsy,Negative,12T FTICR,MALDI
2023-06-26_22h48m13s,S-2008-007631_3_s2_lip_neg_061623_bg,Homo sapiens,Kidney,Biopsy,Negative,12T FTICR,MALDI
2023-06-27_00h16m52s,S-2008-007631_4_s2_lip_neg_061623_bg,Homo sapiens,Kidney,Biopsy,Negative,12T FTICR,MALDI
2023-06-27_00h17m51s,S-2008-007631_5_s2_lip_neg_061623_bg,Homo sapiens,Kidney,Biopsy,Negative,12T FTICR,MALDI
2023-06-27_00h24m13s,S-2105-008149_4_s2_lip_neg_061623_bg,Homo sapiens,Kidney,Biopsy,Negative,12T FTICR,MALDI
2023-06-27_00h24m55s,qc-077_1_s2_lip_neg_061623_bg,Homo sapiens,Kidney,Biopsy,Negative,12T FTICR,MALDI
2023-06-27_00h27m46s,S-2105-008149_5_s2_lip_neg_061623_bg,Homo sapiens,Kidney,Biopsy,Negative,12T FTICR,MALDI
2023-06-27_00h28m23s,S-2107-015182_1_s2_lip_neg_061623_bg,Homo sapiens,Kidney,Biopsy,Negative,12T FTICR,MALDI
2023-06-27_00h28m49s,S-2107-015182_3_s2_lip_neg_061623_bg,Homo sapiens,Kidney,Biopsy,Negative,12T FTICR,MALDI
2023-06-27_00h29m03s,S-2107-015182_4_s2_lip_neg_061623_bg,Homo sapiens,Kidney,Biopsy,Negative,12T FTICR,MALDI
2023-06-27_00h29m31s,S-2107-015182_5_s2_lip_neg_061623_bg,Homo sapiens,Kidney,Biopsy,Negative,12T FTICR,MALDI
2023-06-27_00h51m21s,qc-077_1_s1_lip_pos_061623_bg,Homo sapiens,Kidney,Biopsy,Positive,12T FTICR,MALDI
2023-06-27_00h51m39s,S-2105-008149_3_s1_lip_pos_061923_bg,Homo sapiens,Kidney,Biopsy,Positive,12T FTICR,MALDI
2023-06-27_00h51m59s,S-2105-008149_4_s1_lip_pos_061923_bg,Homo sapiens,Kidney,Biopsy,Positive,12T FTICR,MALDI
2023-06-27_00h52m18s,S-2105-008149_5_s1_lip_pos_061923_bg,Homo sapiens,Kidney,Biopsy,Positive,12T FTICR,MALDI
2023-06-27_00h52m41s,S-2107-015182_2_s1_lip_pos_061923_bg,Homo sapiens,Kidney,Biopsy,Positive,12T FTICR,MALDI
2023-06-27_00h52m52s,S-2107-015182_3_s1_lip_pos_061923_bg,Homo sapiens,Kidney,Biopsy,Positive,12T FTICR,MALDI
2023-06-27_00h53m06s,S-2107-015182_4_s1_lip_pos_061923_bg,Homo sapiens,Kidney,Biopsy,Positive,12T FTICR,MALDI
2023-06-27_00h53m26s,S-2107-015182_5_s1_lip_pos_061923_bg,Homo sapiens,Kidney,Biopsy,Positive,12T FTICR,MALDI
2023-06-27_00h53m58s,S-2008-007631_3_s1_lip_pos_061923_bg,Homo sapiens,Kidney,Biopsy,Positive,12T FTICR,MALDI
2023-06-27_00h54m27s,S-2008-007631_5_s1_lip_pos_061923_bg,Homo sapiens,Kidney,Biopsy,Positive,12T FTICR,MALDI
2023-06-27_10h08m29s,230619_test_homogenate_AF_rep1_centroid,Mus musculus,Kidney,Healthy,Negative,Orbitrap,MALDI
2023-06-27_22h50m56s,lung_D434_13b3_1_lip_pos_230622_bg,Homo sapiens,Kidney,BPD,Positive,12T FTICR,MALDI
2023-06-27_22h57m11s,lung_D434_13b3_2_lip_pos_230622_bg,Homo sapiens,Lung,BPD,Positive,12T FTICR,MALDI
2023-06-27_22h58m01s,lung_D434_13b3_3_lip_pos_230622_bg,Homo sapiens,Lung,BPD,Positive,12T FTICR,MALDI
2023-06-27_22h58m39s,lung_D385_11a2_1_lip_pos_230622_bg,Homo sapiens,Lung,BPD,Positive,12T FTICR,MALDI
2023-06-27_22h58m59s,lung_D434_11a2_2_lip_pos_230622_bg,Homo sapiens,Lung,Normal,Positive,12T FTICR,MALDI
2023-06-27_22h59m29s,lung_D385_11a2_3_lip_pos_230622_bg,Homo sapiens,Lung,Normal,Positive,12T FTICR,MALDI
2023-06-27_23h38m39s,lung_D385_11a2_1_lip_neg_230622_bg,Homo sapiens,Lung,Normal,Negative,12T FTICR,MALDI
2023-06-27_23h39m21s,lung_D385_11a2_2_lip_neg_230622_bg,Homo sapiens,Lung,Normal,Negative,12T FTICR,MALDI
2023-06-27_23h40m04s,lung_D434_13b3_1_lip_neg_230622_bg,Homo sapiens,Lung,BPD,Negative,12T FTICR,MALDI
2023-06-27_23h41m57s,lung_D434_13b3_2_lip_neg_230622_bg,Homo sapiens,Lung,BPD,Negative,12T FTICR,MALDI
2023-06-28_10h32m08s,QEHF1_CC38_MouseKidney_A40_30um_244X336_3kv,Mus musculus,Kidney,Wildtype,Positive,Orbitrap,AP-SMALDI
2023-06-30_07h50m29s,OX1_naive_notfixed_3um_250x250px_A34_pos_rep3,Homo sapiens,Cells,naive,Positive,Orbitrap,Prototype
2023-06-30_11h26m40s,regions,Mus musculus,Heart,Wildtype,Negative,timsTOF MALDI,MALDI
2023-07-04_08h16m59s,dbm-1-root mean square,Homo sapiens,Kidney,,Positive,Orbitrap,MALDI
2023-07-04_09h18m44s,TESTSUNWAN,Mixed,Kidney,Wildtype,Positive,timsTOF Flex,MALDI
2023-07-04_10h26m22s,230703_SK_NEDC_Glu_heart,Mus musculus,Heart,Wildtype,Negative,timsTOF MALDI,MALDI
2023-07-05_10h22m28s,01-intestine-neg-features,Mus musculus,Intestine,normal,Negative,timsTOF Flex,MALDI
2023-07-05_10h22m57s,02-intestine-neg-features,Mus musculus,Intestine,normal,Negative,timsTOF Flex,MALDI
2023-07-05_10h23m23s,03-intestine-neg-features,Mus musculus,Intestine,normal,Negative,timsTOF Flex,MALDI
2023-07-05_22h19m32s,512ms 40micron pancreas - 5 ppm,Homo sapiens,Pancreas,Healthy,Positive,Orbitrap,MALDI
2023-07-05_22h26m29s,1024ms 20micron pancreas - 5 ppm,Homo sapiens,Pancreas,Healthy,Positive,Orbitrap,MALDI
2023-07-06_09h26m24s,MPIMM_319_QE_P,Mus musculus,Gut,Wildtype,Positive,Orbitrap,AP-SMALDI
2023-07-07_04h43m03s,iri_20um,Mus musculus,Kidney,,Positive,timsTOF Flex,MALDI
2023-07-07_04h50m52s,sham_20um,Mus musculus,Kidney,Wildtype,Positive,timsTOF Flex,MALDI
2023-07-07_08h48m35s,MPIMM_320_QE_P,Mus musculus,Gut,Wildtype,Positive,Orbitrap,AP-SMALDI
2023-07-09_23h18m49s,C57BL/6_E374,Mus musculus,Brain,Free-floating,Positive,Exploris 480,AP-MALDI
2023-07-09_23h26m29s,C57BL/6_E375,Mus musculus,Brain,Free-floating,Positive,Exploris 480,AP-MALDI
2023-07-10_03h21m10s,C57BL/6_B361_NEG,Mus musculus,Brain,PFA fixed,Positive,Exploris 480,AP-MALDI
2023-07-11_10h44m26s,QEHF1_CC42_MouseKidney_A42-5_10um_300X300_3-5kv,Mus musculus,Kidney,Wildtype,Positive,Orbitrap,AP-SMALDI
2023-07-11_11h49m15s,230612_SK_NEDC_7mg_MALDI_1pt79_50um_7pt88torr_atm_pressure_HEARThomogenate_CITRICACID,Mus musculus,Heart,Standard,Negative,Orbitrap,MALDI
2023-07-11_23h46m54s,S-2107-015088_3_S3_SM_Neg_20230710_IT,Homo sapiens,Kidney,,Negative,Orbitrap,MALDI
2023-07-11_23h49m25s,S-2107-015088_6_S3_SM_Neg_20230710_IT,Homo sapiens,Kidney,,Negative,Orbitrap,MALDI
2023-07-12_00h00m38s,S-2107-015088_9_S3_SM_Neg_20230710_IT,Homo sapiens,Kidney,,Negative,Orbitrap,MALDI
2023-07-12_00h11m17s,S-2109-011411_3_S3_SM_Neg_20230710_IT,Homo sapiens,Kidney,,Negative,Orbitrap,MALDI
2023-07-12_10h05m29s,QEHF1_CC43_MouseBrain_A42-5_50um_209X246_3-5kv,Mus musculus,Brain,Wildtype,Positive,Orbitrap,AP-SMALDI
2023-07-12_14h57m21s,230612_SK_NEDC_7mg_MALDI_1pt79_50um_7pt88torr_atm_pressure_HEARThomogenate_AMP,Mus musculus,Heart,Standard,Negative,Orbitrap,MALDI
2023-07-12_15h41m42s,S-2107-015088_12_S3_SM_Neg_20230710_IT,Homo sapiens,Kidney,,Negative,Orbitrap,MALDI
2023-07-12_15h42m21s,S-2109-011411_6_S3_SM_Neg_20230710_IT,Homo sapiens,Kidney,,Negative,Orbitrap,MALDI
2023-07-12_15h43m31s,S-2109-011411_9_S3_SM_Neg_20230710_IT,Homo sapiens,Kidney,,Negative,Orbitrap,MALDI
2023-07-12_15h45m25s,S-2109-011411_12_S3_SM_Neg_20230710_IT,Homo sapiens,Kidney,,Negative,Orbitrap,MALDI
2023-07-12_15h46m55s,S-2203-016138_3_S3_SM_Neg_20230710_IT,Homo sapiens,Kidney,,Negative,Orbitrap,MALDI
2023-07-12_15h48m48s,S-2203-016138_6_S3_SM_Neg_20230710_IT,Homo sapiens,Kidney,,Negative,Orbitrap,MALDI
2023-07-12_16h17m08s,Human-Kidney_10align-0offset,Homo sapiens,Kidney,,Negative,Orbitrap,MALDI
2023-07-12_16h18m33s,Human-Kidney_0align-7offset,Homo sapiens,Kidney,,Negative,Orbitrap,MALDI
2023-07-12_16h23m01s,Human-Kidney_0align-0offset,Homo sapiens,Kidney,,Negative,Orbitrap,MALDI
2023-07-12_18h34m10s,S-2203-016138_9_S3_SM_Neg_20230710_IT,Homo sapiens,Kidney,,Negative,Orbitrap,MALDI
2023-07-12_18h34m49s,S-2203-016138_12_S3_SM_Neg_20230710_IT,Homo sapiens,Kidney,,Negative,Orbitrap,MALDI
2023-07-12_18h37m13s,Ref-S-2210-005019_1_S3_SM_Neg_20230710_IT,Homo sapiens,Kidney,,Negative,Orbitrap,MALDI
2023-07-12_18h37m52s,Ref-S-2210-005019_2_S3_SM_Neg_20230710_IT,Homo sapiens,Kidney,,Negative,Orbitrap,MALDI
2023-07-13_09h06m25s,MPIMM_323_QE_P,Mus musculus,Gut,Wildtype,Positive,Orbitrap,AP-SMALDI
2023-07-13_17h05m08s,qc-077_1_s1_lip_pos_070723_bg,Homo sapiens,Kidney,Biopsy,Positive,12T FTICR,MALDI
2023-07-13_17h06m09s,qc-077_2_s1_lip_pos_070723_bg,Homo sapiens,Kidney,Biopsy,Positive,12T FTICR,MALDI
2023-07-13_17h10m10s,S-2206-008003_1_s1_lip_pos_070723_bg,Homo sapiens,Kidney,Biopsy,Positive,12T FTICR,MALDI
2023-07-13_17h13m38s,S-2206-008003_2_s1_lip_pos_070723_bg,Homo sapiens,Kidney,Biopsy,Positive,12T FTICR,MALDI
2023-07-13_17h14m22s,S-2206-008003_4_s1_lip_pos_070723_bg,Homo sapiens,Kidney,Biopsy,Positive,12T FTICR,MALDI
2023-07-13_17h14m49s,S-2206-008003_5_s1_lip_pos_070723_bg,Homo sapiens,Kidney,Biopsy,Positive,12T FTICR,MALDI
2023-07-13_17h15m16s,S-2301-008576_1_s1_lip_pos_070723_bg,Homo sapiens,Kidney,Biopsy,Positive,12T FTICR,MALDI
2023-07-13_17h16m07s,S-2301-008576_2_s1_lip_pos_070723_bg,Homo sapiens,Kidney,Biopsy,Positive,12T FTICR,MALDI
2023-07-13_17h18m39s,S-2301-008576_3_s1_lip_pos_070723_bg,Homo sapiens,Kidney,Biopsy,Positive,12T FTICR,MALDI
2023-07-13_17h18m59s,S-2301-008576_4_s1_lip_pos_070723_bg,Homo sapiens,Kidney,Biopsy,Positive,12T FTICR,MALDI
2023-07-13_17h19m23s,S-2301-008576_5_s1_lip_pos_070723_bg,Homo sapiens,Kidney,Biopsy,Positive,12T FTICR,MALDI
2023-07-13_17h19m44s,S-2006-001760_2_s1_lip_pos_070723_bg,Homo sapiens,Kidney,Biopsy,Positive,12T FTICR,MALDI
2023-07-13_17h20m05s,S-2006-001760_3_s1_lip_pos_070723_bg,Homo sapiens,Kidney,Biopsy,Positive,12T FTICR,MALDI
2023-07-13_17h20m28s,S-2006-001760_4_s1_lip_pos_070723_bg,Homo sapiens,Kidney,Biopsy,Positive,12T FTICR,MALDI
2023-07-13_17h22m16s,S-2006-001760_5_s1_lip_pos_070723_bg,Homo sapiens,Kidney,Biopsy,Positive,12T FTICR,MALDI
2023-07-13_17h22m37s,S-2006-001760_6_s1_lip_pos_070723_bg,Homo sapiens,Kidney,Biopsy,Positive,12T FTICR,MALDI
2023-07-13_18h23m19s,C57BL/6_B357_NEG,Mus musculus,Brain,PFA fixed,Positive,Exploris 480,AP-MALDI
2023-07-14_16h49m20s,MPIMM_325_QE_P,Mus musculus,Gut,Wildtype,Positive,Orbitrap,AP-SMALDI
2023-07-14_16h56m54s,C57BL/6_A354_NEG,Mus musculus,Brain,PFA fixed,Positive,Exploris 480,AP-MALDI
2023-07-14_16h57m39s,C57BL/6_A348_NEG,Mus musculus,Brain,PFA fixed,Positive,Exploris 480,AP-MALDI
2023-07-14_23h53m32s,qc-077_1_s2_lip_neg_070723_bg,Homo sapiens,Kidney,Biopsy,Negative,12T FTICR,MALDI
2023-07-16_11h31m39s,mouse.imzML-test_POS,Mus musculus,Brain,Wildtype,Positive,Orbitrap,MALDI
2023-07-17_11h37m09s,20230713_SC2_Slide1_MALME-3M_Melanoma_DANneg-A1_0,Homo sapiens,Skin,MALME-3M,Negative,Orbitrap,MALDI
2023-07-17_11h37m14s,20230713_SC2_Slide1_MALME-3M_Melanoma_DANneg-C3_0,Homo sapiens,Skin,MALME-3M,Negative,Orbitrap,MALDI
2023-07-17_11h37m44s,20230713_SC2_Slide1_HeLa_CervicalCancer_DANneg-A2_0,Homo sapiens,Cervix,HeLa,Negative,Orbitrap,MALDI
2023-07-17_11h37m49s,20230713_SC2_Slide1_HeLa_CervicalCancer_DANneg-C4_0,Homo sapiens,Cervix,HeLa,Negative,Orbitrap,MALDI
2023-07-17_11h38m08s,20230713_SC2_Slide1_BT-549_BreastCancer_DANneg-D1_0,Homo sapiens,Breast,BT-549,Negative,Orbitrap,MALDI
2023-07-17_11h38m12s,20230713_SC2_Slide1_BT-549_BreastCancer_DANneg-A3_0,Homo sapiens,Breast,BT-549,Negative,Orbitrap,MALDI
2023-07-17_11h38m33s,20230713_SC2_Slide1_A498_RenalCancer_DANneg-A4_0,Homo sapiens,Kidney,A498,Negative,Orbitrap,MALDI
2023-07-17_11h38m37s,20230713_SC2_Slide1_A498_RenalCancer_DANneg-D2_0,Homo sapiens,Kidney,A498,Negative,Orbitrap,MALDI
2023-07-17_11h39m09s,20230713_SC2_Slide1_HS 578T_BreastCancer_DANneg-B1_0,Homo sapiens,Breast,HS 578T,Negative,Orbitrap,MALDI
2023-07-17_11h39m13s,20230713_SC2_Slide1_HS 578T_BreastCancer_DANneg-D3_0,Homo sapiens,Breast,HS 578T,Negative,Orbitrap,MALDI
2023-07-17_11h40m07s,20230713_SC2_Slide1_NCI-H460_LungCancer_DANneg-B2_0,Homo sapiens,Lung,NCI-H460,Negative,Orbitrap,MALDI
2023-07-17_11h40m11s,20230713_SC2_Slide1_NCI-H460_LungCancer_DANneg-D4_0,Homo sapiens,Lung,NCI-H460,Negative,Orbitrap,MALDI
2023-07-17_11h52m17s,20230713_SC2_Slide1_HT29_ColonCancerDANneg-B3_0,Homo sapiens,Colon,HT29,Negative,Orbitrap,MALDI
2023-07-17_11h52m22s,20230713_SC2_Slide1_HT29_ColonCancerDANneg-E1_0,Homo sapiens,Colon,HT29,Negative,Orbitrap,MALDI
2023-07-17_11h55m19s,20230713_SC2_Slide1_HOP-62_LungCancer_DANneg-B4_0,Homo sapiens,Lung,HOP-62,Negative,Orbitrap,MALDI
2023-07-17_11h55m23s,20230713_SC2_Slide1_HOP-62_LungCancer_DANneg-E2_0,Homo sapiens,Lung,HOP-62,Negative,Orbitrap,MALDI
2023-07-17_11h56m03s,20230713_SC2_Slide1_IGR-OV1_OvarianCancer_DANneg-E3_0,Homo sapiens,Ovary,IGR-OV1,Negative,Orbitrap,MALDI
2023-07-17_11h56m08s,20230713_SC2_Slide1_IGR-OV1_OvarianCancer_DANneg-C1_0,Homo sapiens,Ovary,IGR-OV1,Negative,Orbitrap,MALDI
2023-07-17_11h56m24s,20230713_SC2_Slide1_OVCAR-5_OvarianCancer_DANneg-E4_0,Homo sapiens,Ovary,OVCAR-5,Negative,Orbitrap,MALDI
2023-07-17_11h56m28s,20230713_SC2_Slide1_OVCAR-5_OvarianCancer_DANneg-C2_0,Homo sapiens,Ovary,OVCAR-5,Negative,Orbitrap,MALDI
2023-07-17_12h38m41s,20230713_SC2_Slide1_MALME-3M_Melanoma_DANneg-F1_0,Homo sapiens,Skin,MALME-3M,Negative,Orbitrap,MALDI
2023-07-17_12h38m45s,20230713_SC2_Slide1_MALME-3M_Melanoma_DANneg-H3_0,Homo sapiens,Skin,MALME-3M,Negative,Orbitrap,MALDI
2023-07-17_12h39m03s,20230713_SC2_Slide1_HeLa_CervicalCancer_DANneg-H4_0,Homo sapiens,Cervix,HeLa,Negative,Orbitrap,MALDI
2023-07-17_12h39m08s,20230713_SC2_Slide1_HeLa_CervicalCancer_DANneg-F2_0,Homo sapiens,Cervix,HeLa,Negative,Orbitrap,MALDI
2023-07-17_12h39m23s,20230713_SC2_Slide1_BT-549_BreastCancer_DANneg-F3_0,Homo sapiens,Breast,BT-549,Negative,Orbitrap,MALDI
2023-07-17_12h39m29s,20230713_SC2_Slide1_BT-549_BreastCancer_DANneg-I1_0,Homo sapiens,Breast,BT-549,Negative,Orbitrap,MALDI
2023-07-17_12h41m33s,20230713_SC2_Slide1_A498_RenalCancer_DANneg-F4_0,Homo sapiens,Kidney,A498,Negative,Orbitrap,MALDI
2023-07-17_12h41m36s,20230713_SC2_Slide1_A498_RenalCancer_DANneg-I2_0,Homo sapiens,Kidney,A498,Negative,Orbitrap,MALDI
2023-07-17_12h41m52s,20230713_SC2_Slide1_HS 578T_BreastCancer_DANneg-I3_0,Homo sapiens,Breast,HS 578T,Negative,Orbitrap,MALDI
2023-07-17_12h41m56s,20230713_SC2_Slide1_HS 578T_BreastCancer_DANneg-G1_0,Homo sapiens,Breast,HS 578T,Negative,Orbitrap,MALDI
2023-07-17_12h42m16s,20230713_SC2_Slide1_NCI-H460_LungCancer_DANneg-G2_0,Homo sapiens,Lung,NCI-H460,Negative,Orbitrap,MALDI
2023-07-17_12h42m20s,20230713_SC2_Slide1_NCI-H460_LungCancer_DANneg-I4_0,Homo sapiens,Lung,NCI-H460,Negative,Orbitrap,MALDI
2023-07-17_12h42m43s,20230713_SC2_Slide1_HT29_ColonCancer_DANneg-J1_0,Homo sapiens,Colon,HT29,Negative,Orbitrap,MALDI
2023-07-17_12h42m47s,20230713_SC2_Slide1_HT29_ColonCancer_DANneg-G3_0,Homo sapiens,Colon,HT29,Negative,Orbitrap,MALDI
2023-07-17_12h44m04s,20230713_SC2_Slide1_HOP-62_LungCancer_DANneg-G4_0,Homo sapiens,Lung,HOP-62,Negative,Orbitrap,MALDI
2023-07-17_12h44m07s,20230713_SC2_Slide1_HOP-62_LungCancer_DANneg-J2_0,Homo sapiens,Lung,HOP-62,Negative,Orbitrap,MALDI
2023-07-17_12h45m13s,20230713_SC2_Slide1_IGR-OV1_OvarianCancer_DANneg-J3_0,Homo sapiens,Ovary,IGR-OV1,Negative,Orbitrap,MALDI
2023-07-17_12h45m19s,20230713_SC2_Slide1_IGR-OV1_OvarianCancer_DANneg-H1_0,Homo sapiens,Ovary,IGR-OV1,Negative,Orbitrap,MALDI
2023-07-17_12h45m34s,20230713_SC2_Slide1_OVCAR-5_OvarianCancer_DANneg-H2_0,Homo sapiens,Ovary,OVCAR-5,Negative,Orbitrap,MALDI
2023-07-17_12h45m38s,20230713_SC2_Slide1_OVCAR-5_OvarianCancer_DANneg-J4_0,Homo sapiens,Ovary,OVCAR-5,Negative,Orbitrap,MALDI
2023-07-17_17h36m49s,QEHF1_CC44_MouseBrain_A42-5_60x60_3-5kV,Mus musculus,Brain,Wildtype,Positive,Orbitrap,AP-SMALDI
2023-07-18_11h53m52s,QEHF1_CC44_MouseBrain_A42-5_5um_60x60_3-5kV,Mus musculus,Brain,Wildtype,Positive,Orbitrap,AP-SMALDI
2023-07-18_11h54m33s,QEHF1_CC44_MouseBrain_A42-5_5um_60x60_3-5kV,Mus musculus,Brain,Wildtype,Positive,Orbitrap,AP-SMALDI
2023-07-18_11h56m13s,QEHF1_CC44_MouseBrain_A42-5_10um_60x60_3-5kV,Mus musculus,Brain,Wildtype,Positive,Orbitrap,AP-SMALDI
2023-07-19_11h29m39s,QEHF1_MW01_MouseBrain_A42-5_50um_130x229_3-5kV,Mus musculus,Brain,Wildtype,Positive,Orbitrap,AP-SMALDI
2023-07-20_12h21m11s,QEHF1_CC46_MouseBrain_A42-5_3um_60x60_3-5kV,Mus musculus,Brain,Wildtype,Positive,Orbitrap,AP-SMALDI
2023-07-20_12h21m52s,QEHF1_CC46_MouseBrain_A42-5_5um_60x60_3-5kV,Mus musculus,Brain,Wildtype,Positive,Orbitrap,AP-SMALDI
2023-07-20_12h22m29s,QEHF1_CC46_MouseBrain_A42-5_10um_60x60_3-5kV,Mus musculus,Brain,Wildtype,Positive,Orbitrap,AP-SMALDI
2023-07-20_12h23m45s,QEHF1_CC46_MouseBrain_A42-5_15um_60x60_3-5kV,Mus musculus,Brain,Wildtype,Positive,Orbitrap,AP-SMALDI
2023-07-20_22h38m31s,Ref-2210-005019_1_S3_SM_Neg_20230717_IT,Homo sapiens,Kidney,Biopsy,Negative,Orbitrap,MALDI
2023-07-20_22h39m40s,Ref-2210-005019_2_S3_SM_Neg_20230717_IT,Homo sapiens,Kidney,Biopsy,Negative,Orbitrap,MALDI
2023-07-20_22h41m29s,S-2006-001901_3_S3_SM_Neg_20230717_IT,Homo sapiens,Kidney,Biopsy,Negative,Orbitrap,MALDI
2023-07-20_22h42m04s,S-2006-001901_6_S3_SM_Neg_20230717_IT,Homo sapiens,Kidney,Biopsy,Negative,Orbitrap,MALDI
2023-07-20_22h42m52s,S-2006-001901_9_S3_SM_Neg_20230717_IT,Homo sapiens,Kidney,Biopsy,Negative,Orbitrap,MALDI
2023-07-20_22h43m28s,S-2006-001901_12_S3_SM_Neg_20230717_IT,Homo sapiens,Kidney,Biopsy,Negative,Orbitrap,MALDI
2023-07-20_22h44m41s,S-2101-003289_3_S3_SM_Neg_20230717_IT,Homo sapiens,Kidney,Biopsy,Negative,Orbitrap,MALDI
2023-07-20_22h46m25s,S-2101-003289_6_S3_SM_Neg_20230717_IT,Homo sapiens,Kidney,Biopsy,Negative,Orbitrap,MALDI
2023-07-20_22h49m30s,S-2101-003289_9_S3_SM_Neg_20230717_IT,Homo sapiens,Kidney,Biopsy,Negative,Orbitrap,MALDI
2023-07-20_22h55m52s,S-2101-003289_12_S3_SM_Neg_20230717_IT,Homo sapiens,Kidney,Biopsy,Negative,Orbitrap,MALDI
2023-07-21_16h56m10s,MPIMM_329_QE_P,Mus musculus,Gut,Wildtype,Negative,Orbitrap,AP-SMALDI
2023-07-22_09h50m03s,MPIMM_330_QE_P,Mus musculus,Gut,Wildtype,Negative,Orbitrap,AP-SMALDI
2023-07-25_08h29m36s,MPIMM_331_QE_P,Mus musculus,Gut,Wildtype,Positive,Orbitrap,AP-SMALDI
2023-07-26_09h21m13s,MPIMM_332_QE_P,Mus musculus,Gut,Wildtype,Positive,Orbitrap,AP-SMALDI
2023-07-26_23h31m14s,C57BL/6_A349_NEG,Mus musculus,Brain,PFA fixed,Negative,Exploris 480,AP-MALDI
2023-07-27_04h52m28s,C57BL/6_C366_NEG,Mus musculus,Brain,PFA fixed,Negative,Exploris 480,AP-MALDI
2023-07-27_04h54m17s,C57BL/6_C371_NEG,Mus musculus,Brain,PFA fixed,Negative,Exploris 480,AP-MALDI
2023-07-27_04h55m15s,C57BL/6_C369_NEG,Mus musculus,Brain,PFA fixed,Negative,Exploris 480,AP-MALDI
2023-07-27_08h46m50s,MPIMM_333_QE_P,Mus musculus,Gut,Wildtype,Positive,Orbitrap,AP-SMALDI
2023-07-28_17h21m49s,lung_10um_pos-total ion count,Mus musculus,Lung,Wildtype,Positive,timsTOF Flex,MALDI
2023-07-28_19h22m48s,Ref-2210-005019_1_S3_SM_Neg_20230725_IT,Homo sapiens,Kidney,,Negative,Orbitrap,MALDI
2023-07-28_19h24m32s,Ref-2210-005019_2_S3_SM_Neg_20230725_IT,Homo sapiens,Kidney,,Negative,Orbitrap,MALDI
2023-07-28_19h26m04s,S-2105-008149_3_S3_SM_Neg_20230725_IT,Homo sapiens,Kidney,,Negative,Orbitrap,MALDI
2023-07-28_19h27m29s,S-2105-008149_6_S3_SM_Neg_20230725_IT,Homo sapiens,Kidney,,Negative,Orbitrap,MALDI
2023-07-28_19h29m16s,S-2105-008149_9_S3_SM_Neg_20230725_IT,Homo sapiens,Kidney,,Negative,Orbitrap,MALDI
2023-07-28_19h31m59s,S-2105-008149_12_S3_SM_Neg_20230725_IT,Homo sapiens,Kidney,,Negative,Orbitrap,MALDI
2023-07-28_19h32m20s,S-2203-016185_3_S3_SM_Neg_20230725_IT,Homo sapiens,Kidney,,Negative,Orbitrap,MALDI
2023-07-28_19h32m45s,S-2203-016185_6_S3_SM_Neg_20230725_IT,Homo sapiens,Kidney,,Negative,Orbitrap,MALDI
2023-07-28_19h34m04s,S-2203-016185_9_S3_SM_Neg_20230725_IT,Homo sapiens,Kidney,,Negative,Orbitrap,MALDI
2023-07-28_19h35m12s,S-2203-016185_12_S3_SM_Neg_20230725_IT,Homo sapiens,Kidney,,Negative,Orbitrap,MALDI
2023-07-28_19h36m06s,S-2206-008050_3_S3_SM_Neg_20230725_IT,Homo sapiens,Kidney,,Negative,Orbitrap,MALDI
2023-07-28_19h37m08s,S-2206-008050_6_S3_SM_Neg_20230725_IT,Homo sapiens,Kidney,,Negative,Orbitrap,MALDI
2023-07-28_19h38m30s,S-2206-008050_9_S3_SM_Neg_20230725_IT,Homo sapiens,Kidney,,Negative,Orbitrap,MALDI
2023-07-28_19h39m39s,S-2206-008050_12_S3_SM_Neg_20230725_IT,Homo sapiens,Kidney,,Negative,Orbitrap,MALDI
2023-07-31_07h24m15s,mouselung_ 10um_metneg_dan-total ion count,Mus musculus,Lung,Wildtype,Negative,timsTOF Flex,MALDI
2023-07-31_07h32m57s,mouselung_10um_metpos_dan-total ion count,Mus musculus,Lung,Wildtype,Positive,timsTOF Flex,MALDI
2023-07-31_10h33m26s,MPIMM_334_QE_P,Mus musculus,Gut,Wildtype,Positive,Orbitrap,AP-SMALDI
2023-08-01_01h34m20s,qc-077_2_s2_lip_neg_070723_bg,Homo sapiens,Kidney,Biopsy,Negative,12T FTICR,MALDI
2023-08-01_01h35m23s,S-2206-008003_1_s2_lip_neg_070723_bg,Homo sapiens,Kidney,Biopsy,Negative,12T FTICR,MALDI
2023-08-01_01h35m44s,S-2206-008003_3_s2_lip_neg_070723_bg,Homo sapiens,Kidney,Biopsy,Negative,12T FTICR,MALDI
2023-08-01_01h36m04s,S-2206-008003_4_s2_lip_neg_070723_bg,Homo sapiens,Kidney,Biopsy,Negative,12T FTICR,MALDI
2023-08-01_01h36m21s,S-2206-008003_5_s2_lip_neg_070723_bg,Homo sapiens,Kidney,Biopsy,Negative,12T FTICR,MALDI
2023-08-01_01h40m13s,S-2301-008576_1_s2_lip_neg_070723_bg,Homo sapiens,Kidney,Biopsy,Negative,12T FTICR,MALDI
2023-08-01_01h40m58s,S-2301-008576_2_s2_lip_neg_070723_bg,Homo sapiens,Kidney,Biopsy,Negative,12T FTICR,MALDI
2023-08-01_01h41m21s,S-2301-008576_3_s2_lip_neg_070723_bg,Homo sapiens,Kidney,Biopsy,Negative,12T FTICR,MALDI
2023-08-01_01h41m37s,S-2301-008576_4_s2_lip_neg_070723_bg,Homo sapiens,Kidney,Biopsy,Negative,12T FTICR,MALDI
2023-08-01_01h41m58s,S-2006-001760_1_s2_lip_neg_070723_bg,Homo sapiens,Kidney,Biopsy,Negative,12T FTICR,MALDI
2023-08-01_01h42m22s,S-2006-001760_2_s2_lip_neg_070723_bg,Homo sapiens,Kidney,Biopsy,Negative,12T FTICR,MALDI
2023-08-01_01h42m44s,S-2006-001760_5_s2_lip_neg_070723_bg,Homo sapiens,Kidney,Biopsy,Negative,12T FTICR,MALDI
2023-08-01_01h43m39s,S-2006-001760_6_s2_lip_neg_070723_bg,Homo sapiens,Kidney,Biopsy,Negative,12T FTICR,MALDI
2023-08-01_08h36m40s,MPIMM_335_QE_P,Mus musculus,Gut,Wildtype,Positive,Orbitrap,AP-SMALDI
2023-08-01_08h47m46s,mouselung_ 10um_metnegre_dan-total ion count,Mus musculus,Lung,Wildtype,Negative,timsTOF Flex,MALDI
2023-08-01_19h02m02s,mouseliver_10um-total ion count,Mus musculus,Liver,Wildtype,Positive,timsTOF Flex,MALDI
2023-08-01_19h05m28s,mouseliver_8um-total ion count,Mus musculus,Liver,Wildtype,Positive,timsTOF Flex,MALDI
2023-08-03_01h52m51s,S-2109-011411_2_s1_lip_pos_071623_bg,Homo sapiens,Kidney,Biopsy,Positive,12T FTICR,MALDI
2023-08-03_01h54m12s,S-2109-011411_5_s1_lip_pos_071623_bg,Homo sapiens,Kidney,Biopsy,Positive,12T FTICR,MALDI
2023-08-03_02h02m54s,S-2107-015088_1_s2_lip_neg_071423_bg,Homo sapiens,Kidney,Biopsy,Negative,12T FTICR,MALDI
2023-08-03_02h03m43s,S-2107-015088_2_s2_lip_neg_071423_bg,Homo sapiens,Kidney,Biopsy,Negative,12T FTICR,MALDI
2023-08-03_02h04m01s,S-2107-015088_3_s2_lip_neg_071423_bg,Homo sapiens,Kidney,Biopsy,Negative,12T FTICR,MALDI
2023-08-03_02h04m35s,S-2107-015088_4_s2_lip_neg_071423_bg,Homo sapiens,Kidney,Biopsy,Negative,12T FTICR,MALDI
2023-08-03_02h04m57s,S-2107-015088_5_s2_lip_neg_071423_bg,Homo sapiens,Kidney,Biopsy,Negative,12T FTICR,MALDI
2023-08-03_02h05m19s,S-2109-011411_1_s2_lip_neg_071423_bg,Homo sapiens,Kidney,Biopsy,Negative,12T FTICR,MALDI
2023-08-03_02h07m56s,S-2109-011411_2_s2_lip_neg_071423_bg,Homo sapiens,Kidney,Biopsy,Negative,12T FTICR,MALDI
2023-08-03_02h08m23s,S-2109-011411_3_s2_lip_neg_071423_bg,Homo sapiens,Kidney,Biopsy,Negative,12T FTICR,MALDI
2023-08-03_02h08m40s,S-2109-011411_4_s2_lip_neg_071423_bg,Homo sapiens,Kidney,Biopsy,Negative,12T FTICR,MALDI
2023-08-03_02h08m53s,S-2109-011411_5_s2_lip_neg_071423_bg,Homo sapiens,Kidney,Biopsy,Negative,12T FTICR,MALDI
2023-08-03_02h09m04s,S-2203-016138_3_s2_lip_neg_071423_bg,Homo sapiens,Kidney,Biopsy,Negative,12T FTICR,MALDI
2023-08-03_02h09m22s,S-2203-016138_4_s2_lip_neg_071423_bg,Homo sapiens,Kidney,Biopsy,Negative,12T FTICR,MALDI
2023-08-03_02h09m53s,qc-077_2_s2_lip_neg_071623_bg,Homo sapiens,Kidney,Biopsy,Negative,12T FTICR,MALDI
2023-08-03_02h10m14s,qc-077_1_s2_lip_neg_071623_bg,Homo sapiens,Kidney,Biopsy,Negative,12T FTICR,MALDI
2023-08-03_02h10m45s,S-2203-016138_1_s2_lip_neg_071423_bg,Homo sapiens,Kidney,Biopsy,Negative,12T FTICR,MALDI
2023-08-03_08h16m30s,MPIMM_336_QE_P,Mus musculus,Gut,Wildtype,Negative,Orbitrap,AP-SMALDI
2023-08-03_16h25m31s,Ref-S-2210-005019_2_S3_SM_Neg_20230726_IT,Homo sapiens,Kidney,,Negative,Orbitrap,MALDI
2023-08-03_16h26m31s,Ref-S-2210-005019_1_S3_SM_Neg_20230726_IT,Homo sapiens,Kidney,,Negative,Orbitrap,MALDI
2023-08-03_16h39m06s,S-2107-015182_3_S3_SM_Neg_20230726_IT,Homo sapiens,Kidney,,Negative,Orbitrap,MALDI
2023-08-03_16h55m24s,S-2107-015182_6_S3_SM_Neg_20230726_IT,Homo sapiens,Kidney,,Negative,Orbitrap,MALDI
2023-08-03_16h56m19s,S-2107-015182_9_S3_SM_Neg_20230726_IT,Homo sapiens,Kidney,,Negative,Orbitrap,MALDI
2023-08-03_16h56m49s,S-2107-015182_12_S3_SM_Neg_20230726_IT,Homo sapiens,Kidney,,Negative,Orbitrap,MALDI
2023-08-03_16h57m57s,S-2206-008003_3_S3_SM_Neg_20230726_IT,Homo sapiens,Kidney,,Negative,Orbitrap,MALDI
2023-08-03_17h44m47s,S-2206-008003_6_S3_SM_Neg_20230726_IT,Homo sapiens,Kidney,,Negative,Orbitrap,MALDI
2023-08-03_17h45m47s,S-2206-008003_9_S3_SM_Neg_20230726_IT,Homo sapiens,Kidney,,Negative,Orbitrap,MALDI
2023-08-03_17h48m28s,S-2206-008003_12_S3_SM_Neg_20230726_IT,Homo sapiens,Kidney,,Negative,Orbitrap,MALDI
2023-08-03_17h50m18s,S-2301-008576_3_S3_SM_Neg_20230726_IT,Homo sapiens,Kidney,,Negative,Orbitrap,MALDI
2023-08-03_18h03m49s,S-2301-008576_6_S3_SM_Neg_20230726_IT,Homo sapiens,Kidney,,Negative,Orbitrap,MALDI
2023-08-03_18h10m48s,S-2301-008576_9_S3_SM_Neg_20230726_IT,Homo sapiens,Kidney,,Negative,Orbitrap,MALDI
2023-08-03_18h11m56s,S-2301-008576_12_S3_SM_Neg_20230726_IT,Homo sapiens,Kidney,,Negative,Orbitrap,MALDI
2023-08-03_18h18m23s,Ref-S-2210-005019_1_S3_SM_Neg_20230731_IT,Homo sapiens,Kidney,,Negative,Orbitrap,MALDI
2023-08-03_18h18m38s,Ref-S-2210-005019_2_S3_SM_Neg_20230731_IT,Homo sapiens,Kidney,,Negative,Orbitrap,MALDI
2023-08-03_18h20m46s,S-2006-001760_3_S3_SM_Neg_20230731_IT,Homo sapiens,Kidney,,Negative,Orbitrap,MALDI
2023-08-03_18h21m17s,S-2006-001760_6_S3_SM_Neg_20230731_IT,Homo sapiens,Kidney,,Negative,Orbitrap,MALDI
2023-08-03_18h22m10s,S-2006-001760_9_S3_SM_Neg_20230731_IT,Homo sapiens,Kidney,,Negative,Orbitrap,MALDI
2023-08-03_18h22m58s,S-2006-001760_12_S3_SM_Neg_20230731_IT,Homo sapiens,Kidney,,Negative,Orbitrap,MALDI
2023-08-03_18h23m42s,S-2008-007631_3_S3_SM_Neg_20230731_IT,Homo sapiens,Kidney,,Negative,Orbitrap,MALDI
2023-08-03_18h24m07s,S-2008-007631_6_S3_SM_Neg_20230731_IT,Homo sapiens,Kidney,,Negative,Orbitrap,MALDI
2023-08-03_18h26m09s,S-2008-007631_9_S3_SM_Neg_20230731_IT,Homo sapiens,Kidney,,Negative,Orbitrap,MALDI
2023-08-03_18h26m33s,S-2008-007631_12_S3_SM_Neg_20230731_IT,Homo sapiens,Kidney,,Negative,Orbitrap,MALDI
2023-08-03_18h27m08s,S-2104-001095_3_S3_SM_Neg_20230731_IT,Homo sapiens,Kidney,,Negative,Orbitrap,MALDI
2023-08-03_18h28m26s,S-2104-001095_6_S3_SM_Neg_20230731_IT,Homo sapiens,Kidney,,Negative,Orbitrap,MALDI
2023-08-03_18h29m57s,S-2104-001095_9_S3_SM_Neg_20230731_IT,Homo sapiens,Kidney,,Negative,Orbitrap,MALDI
2023-08-03_18h30m35s,S-2104-001095_12_S3_SM_Neg_20230731_IT,Homo sapiens,Kidney,,Negative,Orbitrap,MALDI
2023-08-03_20h18m05s,Ref-S-2210-005019_1_S3_SM_Neg_20230801_IT,Homo sapiens,Kidney,,Negative,Orbitrap,MALDI
2023-08-03_20h18m38s,Ref-S-2210-005019_2_S3_SM_Neg_20230801_IT,Homo sapiens,Kidney,,Negative,Orbitrap,MALDI
2023-08-03_20h21m03s,S-2112-014329_4_S3_SM_Neg_20230801_IT,Homo sapiens,Kidney,,Negative,Orbitrap,MALDI
2023-08-03_20h32m40s,S-2112-014329_9_S3_SM_Neg_20230801_IT,Homo sapiens,Kidney,,Negative,Orbitrap,MALDI
2023-08-03_20h34m04s,S-2112-014329_12_S3_SM_Neg_20230801_IT,Homo sapiens,Kidney,,Negative,Orbitrap,MALDI
2023-08-03_20h35m23s,S-2112-014329_15_S3_SM_Neg_20230801_IT,Homo sapiens,Kidney,,Negative,Orbitrap,MALDI
2023-08-04_08h24m23s,MPIMM_337_QE_P,Mus musculus,Gut,Wildtype,Negative,Orbitrap,AP-SMALDI
2023-08-04_21h49m30s,S-2101-003336_3_S3_SM_Neg_20230717_IT,Homo sapiens,Kidney,,Negative,Orbitrap,MALDI
2023-08-04_21h49m59s,S-2101-003336_6_S3_SM_Neg_20230717_IT,Homo sapiens,Kidney,,Negative,Orbitrap,MALDI
2023-08-04_21h50m25s,S-2101-003336_9_S3_SM_Neg_20230717_IT,Homo sapiens,Kidney,,Negative,Orbitrap,MALDI
2023-08-04_21h50m42s,S-2101-003336_12_S3_SM_Neg_20230717_IT,Homo sapiens,Kidney,,Negative,Orbitrap,MALDI
2023-08-05_13h51m43s,230804_DMA_Gold_20_1.25,Mus musculus,Brain,,Negative,timsTOF Flex,MALDI
2023-08-08_21h12m59s,Marmoset-Ian_3_S3_SM_Neg_20230807_IT,Homo sapiens,Kidney,,Negative,Orbitrap,MALDI
2023-08-09_06h11m51s,A. lungmet_10um_dansub_neg-total ion count,Mus musculus,Lung,Wildtype,Negative,timsTOF Flex,MALDI
2023-08-09_09h14m18s,A. mouselung_ 10um_metneg_dan-total ion count,Mus musculus,Lung,Wildtype,Negative,timsTOF Flex,MALDI
2023-08-09_18h17m20s,MPIMM_338_QE_P,Mus musculus,Gut,Wildtype,Positive,Orbitrap,AP-SMALDI
2023-08-10_07h21m08s,Mice testis,Mus musculus,Testis,Wildtype,Negative,Orbitrap,DESI
2023-08-10_08h24m51s,MPIMM_339_QE_P,Mus musculus,Gut,Wildtype,Positive,Orbitrap,AP-SMALDI
2023-08-11_01h46m25s,2022tort_c3_testsampleoptimization_s5_8pass,Homo sapiens,Kidney,Biopsy,Positive,FTICR,MALDI
2023-08-11_01h56m50s,2022tort_c3_testsampleoptimization_s5_8pass,Homo sapiens,Kidney,Biopsy,Positive,12T FTICR,MALDI
2023-08-11_19h24m36s,2022tort_c3_testsampleoptimization_s5_8pass,Homo sapiens,Kidney,Biopsy,Positive,12T FTICR,MALDI
2023-08-12_12h11m58s,20230425_Brain01,Mus musculus,Brain,Wildtype,Negative,Orbitrap,DESI
2023-08-15_15h59m29s,centroild-mouseBrain_POS,Mus musculus,Brain,Wildtype,Positive,Orbitrap,MALDI
2023-08-15_21h26m44s,#4-control,Mus musculus,Lung,Healthy,Positive,FTICR,MALDI
2023-08-15_21h27m22s,#2-iri,Mus musculus,Lung,IRI,Positive,FTICR,MALDI
2023-08-18_15h39m28s,NEDC_imaging_brain_saggital,Mus musculus,Brain,,Negative,Orbitrap,MALDI
2023-08-20_07h36m46s,20Aug23_MouseLung_DAN_Neg,Mus musculus,Lung,Wildtype,Negative,timsTOF Flex,MALDI
2023-08-21_20h59m31s,qc_test_s1_left_lip_pos_871823_bg,Homo sapiens,Kidney,Biopsy,Positive,12T FTICR,MALDI
2023-08-21_21h01m17s,qc_test_s1_right_lip_pos_871823_bg,Homo sapiens,Kidney,Biopsy,Positive,12T FTICR,MALDI
2023-08-21_21h07m24s,qc-077_1_s1_lip_pos_081823_bg,Homo sapiens,Kidney,Biopsy,Positive,12T FTICR,MALDI
2023-08-21_21h10m27s,s-2101-003336_1_s1_lip_pos_081823_bg,Homo sapiens,Kidney,Biopsy,Positive,12T FTICR,MALDI
2023-08-21_21h10m38s,s-2101-003336_2_s1_lip_pos_081823_bg,Homo sapiens,Kidney,Biopsy,Positive,12T FTICR,MALDI
2023-08-21_21h10m50s,s-2203-024250_1_s1_lip_pos_081823_bg,Homo sapiens,Kidney,Biopsy,Positive,12T FTICR,MALDI
2023-08-21_21h11m04s,s-2203-024250_2_s1_lip_pos_081823_bg,Homo sapiens,Kidney,Biopsy,Positive,12T FTICR,MALDI
2023-08-21_21h11m42s,s-2203-024250_3_s1_lip_pos_081823_bg,Homo sapiens,Kidney,Biopsy,Positive,12T FTICR,MALDI
2023-08-21_21h12m02s,s-2203-024250_4_s1_lip_pos_081823_bg,Homo sapiens,Kidney,Biopsy,Positive,12T FTICR,MALDI
2023-08-21_21h12m25s,S-2006-001901_1_s1_lip_pos_081823_bg,Homo sapiens,Kidney,Biopsy,Positive,12T FTICR,MALDI
2023-08-21_21h13m03s,S-2006-001901_2_s1_lip_pos_081823_bg,Homo sapiens,Kidney,Biopsy,Positive,12T FTICR,MALDI
2023-08-21_21h13m21s,S-2006-001901_3_s1_lip_pos_081823_bg,Homo sapiens,Kidney,Biopsy,Positive,12T FTICR,MALDI
2023-08-21_21h13m45s,S-2006-001901_4_s1_lip_pos_081823_bg,Homo sapiens,Kidney,Biopsy,Positive,12T FTICR,MALDI
2023-08-21_21h30m47s,S-2006-001901_4_s2_lip_neg_081823_bg,Homo sapiens,Kidney,Biopsy,Negative,12T FTICR,MALDI
2023-08-21_21h31m20s,S-2006-001901_3_s2_lip_neg_081823_bg,Homo sapiens,Kidney,Biopsy,Negative,12T FTICR,MALDI
2023-08-21_21h31m45s,S-2006-001901_2_s2_lip_neg_081823_bg,Homo sapiens,Kidney,Biopsy,Negative,12T FTICR,MALDI
2023-08-21_21h32m32s,s-2203-024250_5_s2_lip_neg_081823_bg,Homo sapiens,Kidney,Biopsy,Negative,12T FTICR,MALDI
2023-08-21_21h36m51s,s-2203-024250_4_s2_lip_neg_081823_bg,Homo sapiens,Kidney,Biopsy,Negative,12T FTICR,MALDI
2023-08-21_21h37m38s,s-2203-024250_3_s2_lip_neg_081823_bg,Homo sapiens,Kidney,Biopsy,Negative,12T FTICR,MALDI
2023-08-21_21h38m09s,s-2203-024250_2_s2_lip_neg_081823_bg,Homo sapiens,Kidney,Biopsy,Negative,12T FTICR,MALDI
2023-08-21_21h41m19s,qc-077_1_s2_lip_neg_081823_bg,Homo sapiens,Kidney,Biopsy,Negative,12T FTICR,MALDI
2023-08-22_00h05m31s,p16-IRI_kidney_heart,Mus musculus,Heart,,Negative,Orbitrap,MALDI
2023-08-22_00h14m53s,p16-Ctrl-heart-2992_7_S3_SM_Neg_20230817_NC,Mus musculus,Heart,,Negative,Orbitrap,MALDI
2023-08-22_00h16m40s,p16-IRI-heart-2338_5_S3_SM_Neg_20230817_NC,Mus musculus,Heart,,Negative,Orbitrap,MALDI
2023-08-22_00h17m41s,p16-IRI-heart-2338_12_S3_SM_Neg_20230817_NC,Mus musculus,Heart,,Negative,Orbitrap,MALDI
2023-08-22_00h18m53s,p16-IRI-heart-2338_5_S3_SM_Neg_20230817_NC,Mus musculus,Heart,,Negative,Orbitrap,MALDI
2023-08-22_00h23m31s,p16-Ctrl-kidney-2992_3_S3_SM_Neg_20230817_NC,Mus musculus,Kidney,,Negative,Orbitrap,MALDI
2023-08-22_00h26m46s,p16-Ctrl-kidney-2992_7_S3_SM_Neg_20230817_NC,Mus musculus,Kidney,,Negative,Orbitrap,MALDI
2023-08-22_00h28m53s,p16-IRI-kidney-2338_3_S3_SM_Neg_20230817_NC,Mus musculus,Kidney,,Negative,Orbitrap,MALDI
2023-08-22_00h38m57s,p16-IRI-kidney-2338_7_S3_SM_Neg_20230817_NC,Mus musculus,Kidney,,Negative,Orbitrap,MALDI
2023-08-22_00h43m23s,qc-077_2_s1_lip_pos_081823_bg,Homo sapiens,Kidney,Biopsy,Positive,12T FTICR,MALDI
2023-08-22_00h43m44s,s-2101-003336_3_s1_lip_pos_081823_bg,Homo sapiens,Kidney,Biopsy,Positive,12T FTICR,MALDI
2023-08-22_00h44m08s,s-2101-003336_4_s1_lip_pos_081823_bg,Homo sapiens,Kidney,Biopsy,Positive,12T FTICR,MALDI
2023-08-22_00h44m53s,s-2101-003336_5_s1_lip_pos_081823_bg,Homo sapiens,Kidney,Biopsy,Positive,12T FTICR,MALDI
2023-08-22_00h46m14s,qc-077_2_s2_lip_neg_081823_bg,Homo sapiens,Kidney,Biopsy,Negative,12T FTICR,MALDI
2023-08-22_00h46m38s,s-2101-003336_1_s2_lip_neg_081823_bg,Homo sapiens,Kidney,Biopsy,Negative,12T FTICR,MALDI
2023-08-22_00h46m59s,s-2101-003336_2_s2_lip_neg_081823_bg,Homo sapiens,Kidney,Biopsy,Negative,12T FTICR,MALDI
2023-08-22_00h47m18s,s-2101-003336_3_s2_lip_neg_081823_bg,Homo sapiens,Kidney,Biopsy,Negative,12T FTICR,MALDI
2023-08-22_00h47m53s,s-2101-003336_4_s2_lip_neg_081823_bg,Homo sapiens,Kidney,Biopsy,Negative,12T FTICR,MALDI
2023-08-22_00h48m15s,s-2101-003336_5_s2_lip_neg_081823_bg,Homo sapiens,Kidney,Biopsy,Negative,12T FTICR,MALDI
2023-08-22_08h47m51s,MPIMM_340_QE_P,Mus musculus,Gut,Wildtype,Positive,Orbitrap,AP-SMALDI
2023-08-23_08h57m23s,pos-kidney-01,Mus musculus,Kidney,,Positive,Orbitrap,DESI
2023-08-23_14h19m57s,20230823CMC_slide12_section2_Nor_50-300_20um_pixel_35_216x47,Mus musculus,Gut,Wildtype,Positive,Orbitrap,AP-SMALDI
2023-08-24_12h00m43s,2023-08-23_ME_PattiLab_MouseBrain_AIF_30NCE_DAN_Neg_35umss_200x270_31at,Mus musculus,Brain,Wildtype,Negative,Orbitrap,AP-SMALDI
2023-08-24_13h29m24s,2023-08-24_ME_PattiLab_MouseBrain_FullMS_DAN_Neg_100umss_70x94_31at,Mus musculus,Brain,Wildtype,Negative,Orbitrap,AP-SMALDI
2023-08-25_12h40m07s,2023-08-24_ME_PattiLab_MouseBrain_AIF_30NCE_DAN_Neg_35umss_180x280_31at,Mus musculus,Brain,Wildtype,Negative,Orbitrap,AP-SMALDI
2023-08-25_16h10m50s,brains 9aa-neg-40um-reg1,Mus musculus,Brain,,Negative,TOF,MALDI
2023-08-25_17h02m43s,brain-9aa-neg-40um,Mus musculus,Brain,,Negative,TOF,MALDI
2023-08-29_08h51m53s,KID-SUAN-01,Mus musculus,Kidney,,Positive,Orbitrap,DESI
2023-08-29_11h24m01s,KID-SUAN-3,Mus musculus,Kidney,,Positive,Orbitrap,DESI
2023-08-29_12h02m28s,2023-08-28_ME_PattiLab_MouseBrain_Lowrange_DAN_Neg_35umss_200x290_31at,Mus musculus,Brain,Wildtype,Negative,Orbitrap,AP-SMALDI
2023-08-29_12h24m36s,NEDC_imaging_brain_coronal,Mus musculus,Brain,,Negative,Orbitrap,MALDI
2023-08-29_18h36m52s,S-2107-023543_4_S3_SM_Neg_20220721_GZ_New,Homo sapiens,Kidney,,Negative,Orbitrap,MALDI
2023-08-29_18h37m21s,S-2107-023543_7_S3_SM_Neg_20220721_GZ_New,Homo sapiens,Kidney,,Negative,Orbitrap,MALDI
2023-08-30_03h29m54s,KID-SUAN-new,Mus musculus,Kidney,,Positive,Orbitrap,DESI
2023-08-30_10h21m45s,LIVER-quan,Mus musculus,Liver,,Positive,Orbitrap,DESI
2023-08-31_08h23m16s,SUAN-LIVER,Mus musculus,Liver,,Positive,Orbitrap,DESI
2023-08-31_21h47m42s,k2300218-4fb_1_s1_kidney_lip_pos_082223_bg,Homo sapiens,Kidney,Biopsy,Positive,12T FTICR,MALDI
2023-08-31_21h50m18s,k2300218-4fb_3_s1_kidney_lip_pos_082223_bg,Homo sapiens,Kidney,Biopsy,Positive,12T FTICR,MALDI
2023-08-31_21h50m27s,qc-077_1_s1_kidney_lip_pos_082223_bg,Homo sapiens,Kidney,Biopsy,Positive,12T FTICR,MALDI
2023-08-31_21h50m47s,qc-077_2_s1_kidney_lip_pos_082223_bg,Homo sapiens,Kidney,Biopsy,Positive,12T FTICR,MALDI
2023-08-31_21h51m28s,k2300218-4fb_2_s1_kidney_lip_pos_082223_bg,Homo sapiens,Kidney,Biopsy,Positive,12T FTICR,MALDI
2023-09-05_16h12m30s,20230901_jkl_24-0386_humphreys_li_c160,Homo sapiens,Kidney,Wildtype,Positive,timsTOF Flex,MALDI
2023-09-05_16h36m15s,20230901_jkl_24-0386_humphreys_li_m160,Homo sapiens,Kidney,Wildtype,Positive,timsTOF Flex,MALDI
2023-09-05_16h59m16s,20230901_jkl_24-0386_humphreys_li_p160,Homo sapiens,Kidney,Wildtype,Positive,timsTOF Flex,MALDI
2023-09-05_17h06m14s,QEHF1_CC55_MouseHeart_UniFreiburg_362_A42-5_20um_379X386_3-5kv,Mus musculus,Heart,Wildtype,Positive,Orbitrap,AP-SMALDI
2023-09-06_15h29m14s,lung_10um_9aasub_neg,Mus musculus,Lung,Wildtype,Negative,timsTOF Flex,MALDI
2023-09-07_06h10m42s,lung_10um_9aasub_neg-root mean square,Mus musculus,Lung,Wildtype,Negative,timsTOF Flex,MALDI
2023-09-07_08h16m31s,lung_bndm10mg_neg_20um-root mean square,Mus musculus,Lung,Wildtype,Negative,timsTOF Flex,MALDI
2023-09-07_09h18m48s,lung10um_bndm5mg_neg50um-root mean square,Mus musculus,Lung,Wildtype,Negative,timsTOF Flex,MALDI
2023-09-07_11h00m06s,lung10um_bndm10mg_neg5um-root mean square,Mus musculus,Lung,Wildtype,Negative,timsTOF Flex,MALDI
2023-09-07_11h22m29s,lung10um_bndm5mg_pos-root mean square,Mus musculus,Lung,Wildtype,Positive,timsTOF Flex,MALDI
2023-09-07_11h38m52s,2023-09-06_ME_PattiLab_MouseBrain_AIF_30NCE_Resample_7umss_300x260_33at,Mus musculus,Brain,Wildtype,Negative,Orbitrap,AP-SMALDI
2023-09-07_11h42m18s,Kidney SD vs HFD test 3,Mus musculus,Kidney,SD vs HFD,Positive,Orbitrap,DESI
2023-09-07_13h11m13s,Kidney 1 (SD) vs 6 (HFD),Mus musculus,Kidney,SD vs HFD,Positive,Orbitrap,DESI
2023-09-07_13h13m19s,2023-09-06_ME_PattiLab_MouseBrain_AIF_30NCE_Resample_7umss_300x260_33at,Mus musculus,Brain,Wildtype,Negative,Orbitrap,AP-SMALDI
2023-09-07_13h18m50s,lung10um_bndm10mg_pos-root mean square,Mus musculus,Lung,Wildtype,Positive,timsTOF Flex,MALDI
2023-09-07_14h57m15s,SUAN-LIVER0907,Mus musculus,Liver,,Positive,Orbitrap,DESI
2023-09-07_16h37m36s,SUAN-LIVER0907-2,Mus musculus,Liver,,Positive,Orbitrap,DESI
2023-09-08_12h05m55s,LIVER-quan0908,Mus musculus,Liver,,Positive,Orbitrap,DESI
2023-09-10_07h41m35s,total,Homo sapiens,Stomach,Tumor,Positive,Orbitrap,DESI
2023-09-11_18h53m27s,230908_Slide_F,Mus musculus,Brain,,Negative,timsTOF Flex,MALDI
2023-09-11_22h42m13s,Kidney adiponectin KO,Mus musculus,Kidney,KO3,Negative,Q-TOF,MALDI
2023-09-12_01h11m29s,AREA01_KO1vsB1con_#1_KO1_wide_right_lower_profile,Mus musculus,Kidney,Healthy,Negative,Q-TOF,MALDI
2023-09-12_02h11m49s,AREA01_KO2vsB2con_#2_KO2_wide_right_upper_profile,Mus musculus,Kidney,KO1,Negative,Q-TOF,MALDI
2023-09-12_17h08m06s,AREA01_KO5vsB5con_#5_B5con_wide_middle_upper_profile,Mus musculus,Kidney,Healthy,Negative,Q-TOF,MALDI
2023-09-12_23h10m19s,AREA01_KO2vsB2con_#2_B2con_wide_left_lower_profile,Mus musculus,Kidney,Transgenic,Negative,Q-TOF,MALDI
2023-09-13_00h55m16s,AREA01_conTg1_#1_Tg1_wide_upperright_profile,Mus musculus,Kidney,Tg1,Negative,Q-TOF,MALDI
2023-09-13_02h23m27s,AREA01_conTg4_#4_Tg2_UpperRight_wide_profile,Mus musculus,Kidney,Tg2,Negative,Q-TOF,MALDI
2023-09-13_08h19m26s,LIVER-APEBA0913,Mus musculus,Liver,,Positive,Orbitrap,DESI
2023-09-13_15h42m09s,AREA01_conTg5_#5_Tg3_LowerRight_wide_profile,Mus musculus,Kidney,Tg3,Negative,Q-TOF,MALDI
2023-09-13_17h09m34s,AREA02_conTg4_#4_Con2_UpperLeft_wide_profile,Mus musculus,Kidney,Con2,Negative,Q-TOF,MALDI
2023-09-13_17h11m57s,230908_SK_heart_APIMALDI_NEDC_NEG_12um_598_647_A35_5,Mus musculus,Kidney,Standard,Negative,Orbitrap,MALDI
2023-09-13_17h44m51s,AREA01_conTg5_#5_Con3_UpperLeft_wide_profile,Mus musculus,Kidney,Con3,Negative,Q-TOF,MALDI
2023-09-14_16h37m16s,quan-liver-0914,Mus musculus,Liver,,Positive,Orbitrap,DESI
2023-09-18_09h18m54s,no.0602-afadesi-msi-pos,Homo sapiens,gratric cancer tissue,Cancer,Positive,Orbitrap,DESI
2023-09-18_14h40m51s,SUAN-LIVER0918,Mus musculus,Kidney,,Positive,Orbitrap,DESI
2023-09-19_16h37m01s,cc_spikeddhb_60umraster_30umlaser_positive,Mus musculus,Lung,Cancer,Positive,timsTOF MALDI,MALDI
2023-09-19_21h30m32s,20191115_739_doxy_with_2ld_off_1,Mus musculus,Lung,Cancer,Positive,timsTOF MALDI,MALDI
2023-09-19_21h50m50s,20191115_739_doxy_with_2ld_off_1,Mus musculus,Lung,Cancer,Positive,timsTOF MALDI,MALDI
2023-09-20_09h58m07s,QEHF1_CC60_MouseHeart_UniFreiburg_4277_20um_332x377_A42-5_3-5kV,Mus musculus,Heart,Wildtype,Positive,Orbitrap,AP-SMALDI
2023-09-20_10h59m53s,QEHF1_CC60_MouseHeart_UniFreiburg_4277_20um_332x377_A42-5_3-5kV,Mus musculus,Heart,Wildtype,Positive,Orbitrap,AP-SMALDI
2023-09-20_20h49m34s,Ref-2210-005019_1_S3_SM_Neg_20230918_IT,Homo sapiens,Kidney,,Negative,Orbitrap,MALDI
2023-09-20_20h50m29s,Ref-2210-005019_S3_SM_Neg_20230918_IT,Homo sapiens,Kidney,,Negative,Orbitrap,MALDI
2023-09-20_20h51m25s,S-2209-009415_4_S3_SM_Neg_20230918_IT,Homo sapiens,Kidney,,Negative,Orbitrap,MALDI
2023-09-20_20h52m15s,S-2209-009415_9_S3_SM_Neg_20230918_IT,Homo sapiens,Kidney,,Negative,Orbitrap,MALDI
2023-09-20_20h54m41s,S-2209-009415_13_S3_SM_Neg_20230918_IT,Homo sapiens,Kidney,,Negative,Orbitrap,MALDI
2023-09-20_20h57m01s,S-2209-009415_16_S3_SM_Neg_20230918_IT,Homo sapiens,Kidney,,Negative,Orbitrap,MALDI
2023-09-20_20h57m41s,S-2304-003189_3_S3_SM_Neg_20230918_IT,Homo sapiens,Kidney,,Negative,Orbitrap,MALDI
2023-09-20_20h58m55s,S-2304-003189_4_S3_SM_Neg_20230918_IT,Homo sapiens,Kidney,,Negative,Orbitrap,MALDI
2023-09-20_20h59m26s,S-2304-003189_9_S3_SM_Neg_20230918_IT,Homo sapiens,Kidney,,Negative,Orbitrap,MALDI
2023-09-20_21h00m08s,S-2304-003189_12_S3_SM_Neg_20230918_IT,Homo sapiens,Kidney,,Negative,Orbitrap,MALDI
2023-09-20_21h00m35s,S-2305-006603_3_S3_SM_Neg_20230918_IT,Homo sapiens,Kidney,,Negative,Orbitrap,MALDI
2023-09-20_21h01m20s,S-2305-006603_4_S3_SM_Neg_20230918_IT,Homo sapiens,Kidney,,Negative,Orbitrap,MALDI
2023-09-20_21h02m08s,S-2305-006603_9_S3_SM_Neg_20230918_IT,Homo sapiens,Kidney,,Negative,Orbitrap,MALDI
2023-09-20_21h04m22s,S-2305-006603_12_S3_SM_Neg_20230918_IT,Homo sapiens,Kidney,,Negative,Orbitrap,MALDI
2023-09-21_18h37m54s,Test_BRAIN_DHB_197x230_20um_A32_2D_lipids_pos,Mus musculus,Brain,Wildtype,Positive,Orbitrap,AP-SMALDI
2023-09-22_18h11m23s,QEHF1_CC62_MouseHeart_UniFreiburg_20um_347x379_A42-5_3-5kV,Mus musculus,Heart,Wildtype,Positive,Orbitrap,AP-SMALDI
2023-09-26_18h24m34s,2023-09-26_ME_PattiLab_MouseBrain_4-4_010G_AIF_600-1600_30NCE_100-600_50umss_130x200_32at,Mus musculus,Brain,Cancer,Negative,Orbitrap,AP-SMALDI
2023-09-27_13h40m13s,MPIMM_341_QE_P,Mus musculus,Gut,Wildtype,Positive,Orbitrap,AP-SMALDI
2023-09-28_11h13m13s,230616_SIMA9_lyo_20_1,Mus musculus,Brain,,Negative,timsTOF Flex,MALDI
2023-09-28_11h23m51s,230616_SIMA9_norm_20_1,Mus musculus,Brain,,Negative,timsTOF Flex,MALDI
2023-09-28_11h33m43s,230615_SIMA9_lyo_20_1,Mus musculus,Brain,,Negative,timsTOF Flex,MALDI
2023-09-28_11h39m20s,230618_SIMA9_lyo_20_1,Mus musculus,Brain,,Negative,timsTOF Flex,MALDI
2023-09-28_11h44m16s,230618_SIMA9_norm_20_1,Mus musculus,Brain,,Negative,timsTOF Flex,MALDI
2023-09-29_10h49m52s,20221021_FullBrain_noWash_1kHz_E3_25um_480kFScentroid,Mus musculus,Brain,Section,Positive,Exploris 480,AP-MALDI
2023-09-29_18h44m00s,20221023_FullBrainWash_1kHz_E3_25um_480kFScentroid,Mus musculus,Brain,Section,Positive,Exploris 480,AP-MALDI
2023-10-02_14h56m07s,IQX_100um,Homo sapiens,Tumour,Cancer,Positive,Orbitrap,MALDI
2023-10-02_17h16m22s,2023-09-29_4-3_010B_Merged,Mus musculus,Brain,Cancer,Negative,Orbitrap,AP-SMALDI
2023-10-03_10h58m29s,2023-10-01_ME_PattiLab_MouseBrain_4-2_010J_AIF_600-1600_NCE30_100-600_10umss_275x275_32at,Mus musculus,Brain,Cancer,Negative,Orbitrap,AP-SMALDI
2023-10-03_11h09m24s,2023-10-02_ME_PattiLab_MouseBrain_4-2_010J_AIF_600-1600_NCE30_100-600_50umss_140x200_32at,Mus musculus,Brain,Cancer,Negative,Orbitrap,AP-SMALDI
2023-10-04_15h58m41s,Liver_Sample_EB,Mus musculus,Liver,,Positive,Orbitrap,IR-MALDESI
2023-10-04_15h59m19s,Liver_Sample_NV,Mus musculus,Liver,,Positive,Orbitrap,IR-MALDESI
2023-10-04_16h03m25s,Liver_Sample_AA,Mus musculus,Liver,,Positive,Orbitrap,IR-MALDESI
2023-10-04_16h03m43s,Liver_Sample_SH,Mus musculus,Liver,,Positive,Orbitrap,IR-MALDESI
2023-10-05_15h23m33s,PosMaxTic,Mus musculus,Brain,Section,Positive,Exploris 480,AP-MALDI
2023-10-09_12h20m59s,QEHF1_CC64_MouseHeart_UniFreiburg_4275_20um_348x278_A42-5_3-5kV,Mus musculus,Heart,Wildtype,Positive,Orbitrap,AP-SMALDI
2023-10-09_14h18m24s,M_306t2,Mus musculus,Skin,Tumor,Negative,Orbitrap,AP-SMALDI
2023-10-09_14h20m15s,M_303t2,Mus musculus,Skin,Tumor,Negative,Orbitrap,AP-SMALDI
2023-10-09_14h28m20s,M_gr4#6,Mus musculus,Skin,Tumor,Negative,Orbitrap,AP-SMALDI
2023-10-09_14h29m18s,M_t263,Mus musculus,Skin,Tumor,Negative,Orbitrap,AP-SMALDI
2023-10-09_14h31m50s,M_261t2,Mus musculus,Skin,Tumor,Negative,Orbitrap,AP-SMALDI
2023-10-09_14h40m16s,M_254t1,Mus musculus,Skin,Tumor,Negative,Orbitrap,AP-SMALDI
2023-10-09_14h41m12s,M_232,Mus musculus,Skin,Tumor,Negative,Orbitrap,AP-SMALDI
2023-10-09_14h42m19s,M_261t3,Mus musculus,Skin,Tumor,Negative,Orbitrap,AP-SMALDI
2023-10-09_14h42m48s,M_208,Mus musculus,Skin,Tumor,Negative,Orbitrap,AP-SMALDI
2023-10-09_14h46m50s,M_254t2,Mus musculus,Skin,Tumor,Negative,Orbitrap,AP-SMALDI
2023-10-09_14h47m40s,M_610,Mus musculus,Skin,Tumor,Negative,Orbitrap,AP-SMALDI
2023-10-09_14h48m26s,M_576t4,Mus musculus,Skin,Tumor,Negative,Orbitrap,AP-SMALDI
2023-10-09_14h49m10s,M_582,Mus musculus,Skin,Tumor,Negative,Orbitrap,AP-SMALDI
2023-10-09_14h49m36s,M_937,Mus musculus,Skin,Tumor,Negative,Orbitrap,AP-SMALDI
2023-10-09_14h50m17s,M_592,Mus musculus,Skin,Tumor,Negative,Orbitrap,AP-SMALDI
2023-10-09_14h50m56s,M_583,Mus musculus,Skin,Tumor,Negative,Orbitrap,AP-SMALDI
2023-10-09_14h51m15s,M_551,Mus musculus,Skin,Tumor,Negative,Orbitrap,AP-SMALDI
2023-10-09_14h51m43s,M_557,Mus musculus,Skin,Tumor,Negative,Orbitrap,AP-SMALDI
2023-10-09_14h52m21s,M_567t1,Mus musculus,Skin,Tumor,Negative,Orbitrap,AP-SMALDI
2023-10-13_05h29m31s,Ref-2210-005019_1_S3_SM_Neg_20230921_IT,Homo sapiens,Kidney,,Negative,Orbitrap,MALDI
2023-10-13_05h30m07s,Ref-2210-005019_2_S3_SM_Neg_20230921_IT,Homo sapiens,Kidney,,Negative,Orbitrap,MALDI
2023-10-13_05h39m49s,S-2206-008097_4_S3_SM_Neg_20230921_IT,Homo sapiens,Kidney,,Negative,Orbitrap,MALDI
2023-10-13_05h41m21s,S-2206-008097_9_S3_SM_Neg_20230921_IT,Homo sapiens,Kidney,,Negative,Orbitrap,MALDI
2023-10-13_05h42m49s,S-2206-008097_12_S3_SM_Neg_20230921_IT,Homo sapiens,Kidney,,Negative,Orbitrap,MALDI
2023-10-13_05h44m04s,S-2206-008097_14_S3_SM_Neg_20230921_IT,Homo sapiens,Kidney,,Negative,Orbitrap,MALDI
2023-10-13_05h44m51s,S-2212-003324_3_S3_SM_Neg_20230921_IT,Homo sapiens,Kidney,,Negative,Orbitrap,MALDI
2023-10-13_05h45m57s,S-2212-003324_6_S3_SM_Neg_20230921_IT,Homo sapiens,Kidney,,Negative,Orbitrap,MALDI
2023-10-13_05h46m45s,S-2212-003324_9_S3_SM_Neg_20230921_IT,Homo sapiens,Kidney,,Negative,Orbitrap,MALDI
2023-10-13_05h47m14s,S-2212-003324_12_S3_SM_Neg_20230921_IT,Homo sapiens,Kidney,,Negative,Orbitrap,MALDI
2023-10-18_03h45m45s,control-1-neg,Mus musculus,Liver,Wildtype,Negative,Orbitrap,DESI
2023-10-18_03h46m17s,control-2-neg,Mus musculus,Liver,Wildtype,Negative,Orbitrap,DESI
2023-10-18_03h46m44s,control-3-neg,Mus musculus,Liver,Wildtype,Negative,Orbitrap,DESI
2023-10-18_03h47m55s,sj6w-1-neg,Mus musculus,Liver,Diseased,Negative,Orbitrap,DESI
2023-10-18_03h48m23s,sj6w-2-neg,Mus musculus,Liver,Diseased,Negative,Orbitrap,DESI
2023-10-18_03h48m50s,sj6w-3-neg,Mus musculus,Liver,Diseased,Negative,Orbitrap,DESI
2023-10-18_03h49m18s,sj12w-1-neg,Mus musculus,Liver,Diseased,Negative,Orbitrap,DESI
2023-10-18_03h49m40s,sj12w-2-neg,Mus musculus,Liver,Diseased,Negative,Orbitrap,DESI
2023-10-18_03h50m36s,sj12w-3-neg,Mus musculus,Liver,Diseased,Negative,Orbitrap,DESI
2023-10-23_23h55m16s,s-2301-008482_3_s1_lip_pos_091023_bg,Homo sapiens,Kidney,Biopsy,Positive,12T FTICR,MALDI
2023-10-23_23h55m36s,s-2301-008482_2_s1_lip_pos_091023_bg,Homo sapiens,Kidney,Biopsy,Positive,12T FTICR,MALDI
2023-10-23_23h55m47s,s-2301-008482_1_s1_lip_pos_091023_bg,Homo sapiens,Kidney,Biopsy,Positive,12T FTICR,MALDI
2023-10-23_23h56m07s,s-2206-008050_3_s1_lip_pos_091023_bg,Homo sapiens,Kidney,Biopsy,Positive,12T FTICR,MALDI
2023-10-23_23h56m51s,s-2301-008482_5_s1_lip_pos_091023_bg,Homo sapiens,Kidney,Biopsy,Positive,12T FTICR,MALDI
2023-10-23_23h57m13s,s-2301-008482_4_s1_lip_pos_091023_bg,Homo sapiens,Kidney,Biopsy,Positive,12T FTICR,MALDI
2023-10-23_23h59m04s,s-2206-008050_4_s1_lip_pos_091023_bg,Homo sapiens,Kidney,Biopsy,Positive,12T FTICR,MALDI
2023-10-23_23h59m29s,s-2206-008050_5_s1_lip_pos_091023_bg,Homo sapiens,Kidney,Biopsy,Positive,12T FTICR,MALDI
2023-10-23_23h59m48s,s-2206-008050_1_s1_lip_pos_091023_bg,Homo sapiens,Kidney,Biopsy,Positive,12T FTICR,MALDI
2023-10-24_00h00m05s,s-2101-003289_5_s1_lip_pos_091023_bg,Homo sapiens,Kidney,Biopsy,Positive,12T FTICR,MALDI
2023-10-24_00h00m14s,s-2101-003289_4_s1_lip_pos_091023_bg,Homo sapiens,Kidney,Biopsy,Positive,12T FTICR,MALDI
2023-10-24_00h00m24s,s-2101-003289_3_s1_lip_pos_091023_bg,Homo sapiens,Kidney,Biopsy,Positive,12T FTICR,MALDI
2023-10-24_00h00m39s,s-2101-003289_2_s1_lip_pos_091023_bg,Homo sapiens,Kidney,Biopsy,Positive,12T FTICR,MALDI
2023-10-24_00h01m04s,s-2101-003289_1_s1_lip_pos_091023_bg,Homo sapiens,Kidney,Biopsy,Positive,12T FTICR,MALDI
2023-10-24_00h01m23s,qc-077_1_s1_lip_pos_100923_bg,Homo sapiens,Kidney,Biopsy,Positive,12T FTICR,MALDI
2023-10-24_00h01m43s,qc-077_2_s1_lip_pos_100923_bg,Homo sapiens,Kidney,Biopsy,Positive,12T FTICR,MALDI
2023-10-24_00h04m37s,s-2101-003289_1_s2_lip_neg_091023_bg,Homo sapiens,Kidney,Biopsy,Negative,12T FTICR,MALDI
2023-10-24_00h04m55s,s-2101-003289_2_s2_lip_neg_091023_bg,Homo sapiens,Kidney,Biopsy,Negative,12T FTICR,MALDI
2023-10-24_00h05m31s,s-2101-003289_3_s2_lip_neg_091023_bg,Homo sapiens,Kidney,Biopsy,Negative,12T FTICR,MALDI
2023-10-24_00h05m47s,s-2101-003289_4_s2_lip_neg_091023_bg,Homo sapiens,Kidney,Biopsy,Negative,12T FTICR,MALDI
2023-10-24_00h05m59s,s-2101-003289_5_s2_lip_neg_091023_bg,Homo sapiens,Kidney,Biopsy,Negative,12T FTICR,MALDI
2023-10-24_00h06m17s,s-2206-008050_1_s2_lip_neg_091023_bg,Homo sapiens,Kidney,Biopsy,Negative,12T FTICR,MALDI
2023-10-24_00h06m33s,s-2206-008050_5_s2_lip_neg_091023_bg,Homo sapiens,Kidney,Biopsy,Negative,12T FTICR,MALDI
2023-10-24_00h06m45s,qc-077_1_s2_lip_neg_100923_bg,Homo sapiens,Kidney,Biopsy,Negative,12T FTICR,MALDI
2023-10-24_00h10m34s,qc-077_2_s2_lip_neg_100923_bg,Homo sapiens,Kidney,Biopsy,Negative,12T FTICR,MALDI
2023-10-24_00h10m51s,s-2206-008050_3_s2_lip_neg_091023_bg,Homo sapiens,Kidney,Biopsy,Negative,12T FTICR,MALDI
2023-10-24_00h11m10s,s-2206-008050_4_s2_lip_neg_091023_bg,Homo sapiens,Kidney,Biopsy,Negative,12T FTICR,MALDI
2023-10-24_00h11m18s,s-2301-008482_1_s2_lip_neg_091023_bg,Homo sapiens,Kidney,Biopsy,Negative,12T FTICR,MALDI
2023-10-24_00h11m37s,s-2301-008482_2_s2_lip_neg_091023_bg,Homo sapiens,Kidney,Biopsy,Negative,12T FTICR,MALDI
2023-10-24_00h11m53s,s-2301-008482_3_s2_lip_neg_091023_bg,Homo sapiens,Kidney,Biopsy,Negative,12T FTICR,MALDI
2023-10-24_00h12m16s,s-2301-008482_4_s2_lip_neg_091023_bg,Homo sapiens,Kidney,Biopsy,Negative,12T FTICR,MALDI
2023-10-24_00h12m33s,s-2301-008482_5_s2_lip_neg_091023_bg,Homo sapiens,Kidney,Biopsy,Negative,12T FTICR,MALDI
2023-10-24_02h24m41s,suan-heart-1,Mus musculus,Heart,,Positive,Orbitrap,DESI
2023-10-24_02h40m57s,suan-heart-2,Mus musculus,Heart,,Positive,Orbitrap,DESI
2023-10-24_03h13m39s,suan-heart-3,Mus musculus,Heart,,Positive,Orbitrap,DESI
2023-10-24_04h36m26s,suan-kid-1,Mus musculus,Kidney,,Positive,Orbitrap,DESI
2023-10-24_05h00m50s,suan-kid-2,Mus musculus,Kidney,,Positive,Orbitrap,DESI
2023-10-24_06h04m30s,quan-liver-1,Mus musculus,Liver,,Positive,Orbitrap,DESI
2023-10-24_06h20m24s,suan-kid-3,Mus musculus,Kidney,,Positive,Orbitrap,DESI
2023-10-24_08h34m32s,quan-liver-1,Mus musculus,Liver,,Positive,Orbitrap,DESI
2023-10-24_08h57m00s,nuohe,Mus musculus,Brain,Wildtype,Positive,Orbitrap,MALDI
2023-10-24_09h18m59s,quan-liver-2,Mus musculus,Liver,,Positive,Orbitrap,DESI
2023-10-24_10h04m56s,quan-liver-3,Mus musculus,Liver,,Positive,Orbitrap,DESI
2023-10-24_10h23m43s,quan-spleen-1,Mus musculus,Spleen,,Positive,Orbitrap,DESI
2023-10-24_10h41m10s,suan-liver-2,Mus musculus,Liver,,Positive,Orbitrap,DESI
2023-10-24_10h58m30s,suan-liver-1,Mus musculus,Liver,,Positive,Orbitrap,DESI
2023-10-24_17h13m08s,20231023_MF_sample1_p3_well4_318x365_Att32_7um,Homo sapiens,Heart,,Positive,Orbitrap,MALDI
2023-10-25_09h08m09s,suan-spleen-3,Mus musculus,Spleen,,Positive,Orbitrap,DESI
2023-10-25_16h42m47s,NEDC_imaging_liver,Mus musculus,Liver,Wild type,Negative,Orbitrap,MALDI
2023-10-25_22h45m02s,OCT_Pancreas_nowash_POS,Homo sapiens,Pancreas,Cancer,Positive,Orbitrap,MALDI
2023-10-26_04h44m47s,suan-liver-3,Mus musculus,Liver,,Positive,Orbitrap,DESI
2023-10-30_02h42m04s,suan-spleen-3,Mus musculus,Spleen,,Positive,Orbitrap,DESI
2023-10-30_03h58m48s,quan-kid-1,Mus musculus,Kidney,,Positive,Orbitrap,DESI
2023-10-30_04h15m58s,quan-spleen-2,Mus musculus,Spleen,,Positive,Orbitrap,DESI
2023-10-31_01h31m57s,quan-spleen-3,Mus musculus,Spleen,,Positive,Orbitrap,DESI
2023-10-31_02h00m19s,suan-spleen-pos-1,Mus musculus,Spleen,,Positive,Orbitrap,DESI
2023-10-31_02h20m45s,suan-spleen-2,Mus musculus,Spleen,,Positive,Orbitrap,DESI
2023-10-31_03h40m25s,quan-heart-1,Mus musculus,Heart,,Positive,Orbitrap,DESI
2023-10-31_04h13m54s,quan-heart-3,Mus musculus,Heart,,Positive,Orbitrap,DESI
2023-10-31_07h01m41s,quan-heart-2,Mus musculus,Heart,,Positive,Orbitrap,DESI
2023-10-31_08h10m34s,quan-heart-2,Mus musculus,Heart,,Positive,Orbitrap,DESI
2023-10-31_08h56m29s,quan-heart-1,Mus musculus,Heart,,Positive,Orbitrap,DESI
2023-10-31_09h39m20s,quan-heart-3,Mus musculus,Heart,,Positive,Orbitrap,DESI
2023-11-02_01h02m29s,suan-heart-1,Mus musculus,Heart,,Positive,Orbitrap,DESI
2023-11-02_02h45m20s,suan-heart-2,Mus musculus,Heart,,Positive,Orbitrap,DESI
2023-11-02_03h13m06s,suan-heart-3,Mus musculus,Heart,,Positive,Orbitrap,DESI
2023-11-02_03h41m34s,suan-kid-1,Mus musculus,Kidney,,Positive,Orbitrap,DESI
2023-11-02_03h57m14s,suan-kid-pos-2,Mus musculus,Kidney,,Positive,Orbitrap,DESI
2023-11-02_07h45m13s,suan-kid-3,Mus musculus,Kidney,,Positive,Orbitrap,DESI
2023-11-02_08h55m38s,231027_35er_20_1,Homo sapiens,Brain,,Negative,timsTOF Flex,MALDI
2023-11-02_08h57m04s,231027_68er_20_1,Homo sapiens,Brain,,Negative,timsTOF Flex,MALDI
2023-11-02_21h49m19s,OCT_Pancreas_NH4wash_NEG,Homo sapiens,Pancreas,Cancer,Negative,Orbitrap,MALDI
2023-11-02_21h49m26s,OCT_Pancreas_NH4wash_POS,Homo sapiens,Pancreas,Cancer,Positive,Orbitrap,MALDI
2023-11-02_21h52m21s,OCT_Pancreas_nowash_NEG,Homo sapiens,Pancreas,Cancer,Negative,Orbitrap,MALDI
2023-11-03_02h51m06s,quan-kid-1,Mus musculus,Kidney,,Positive,Orbitrap,DESI
2023-11-06_17h04m30s,Reference_1_S3_SM_Neg_20231103_BG,Homo sapiens,Kidney,,Negative,Orbitrap,MALDI
2023-11-06_17h13m08s,Reference_2_S3_SM_Neg_20231103_BG,Homo sapiens,Kidney,,Negative,Orbitrap,MALDI
2023-11-06_17h16m33s,S-2108-000695_3_S3_SM_Neg_20231103_BG,Homo sapiens,Kidney,,Negative,Orbitrap,MALDI
2023-11-06_17h17m53s,S-2108-000695_8_S3_SM_Neg_20231103_BG,Homo sapiens,Kidney,,Negative,Orbitrap,MALDI
2023-11-06_17h18m16s,S-2108-000695_11_S3_SM_Neg_20231103_BG,Homo sapiens,Kidney,,Negative,Orbitrap,MALDI
2023-11-06_17h20m43s,S-2108-000695_15_S3_SM_Neg_20231103_BG,Homo sapiens,Kidney,,Negative,Orbitrap,MALDI
2023-11-06_17h21m29s,S-2301-008623_3_S3_SM_Neg_20231103_BG,Homo sapiens,Kidney,,Negative,Orbitrap,MALDI
2023-11-06_17h23m58s,S-2301-008623_9_S3_SM_Neg_20231103_BG,Homo sapiens,Kidney,,Negative,Orbitrap,MALDI
2023-11-06_17h28m19s,S-2301-008623_13_S3_SM_Neg_20231103_BG,Homo sapiens,Kidney,,Negative,Orbitrap,MALDI
2023-11-06_17h29m32s,S-2301-008623_16_S3_SM_Neg_20231103_BG,Homo sapiens,Kidney,,Negative,Orbitrap,MALDI
2023-11-06_17h31m27s,S-2303-008836_3_S3_SM_Neg_20231103_BG,Homo sapiens,Kidney,,Negative,Orbitrap,MALDI
2023-11-06_17h32m53s,S-2303-008836_6_S3_SM_Neg_20231103_BG,Homo sapiens,Kidney,,Negative,Orbitrap,MALDI
2023-11-06_17h33m31s,S-2303-008836_11_S3_SM_Neg_20231103_BG,Homo sapiens,Kidney,,Negative,Orbitrap,MALDI
2023-11-06_17h36m40s,S-2303-008836_14_S3_SM_Neg_20231103_BG,Homo sapiens,Kidney,,Negative,Orbitrap,MALDI
2023-11-06_17h38m27s,Reference_1_S3_SM_Neg_20231101_BG,Homo sapiens,Kidney,,Negative,Orbitrap,MALDI
2023-11-06_17h38m47s,Reference_2_S3_SM_Neg_20231101_BG,Homo sapiens,Kidney,,Negative,Orbitrap,MALDI
2023-11-06_17h39m53s,S-2006-001948_3_S3_SM_Neg_20231101_BG,Homo sapiens,Kidney,,Negative,Orbitrap,MALDI
2023-11-06_17h40m36s,S-2006-001948_6_S3_SM_Neg_20231101_BG,Homo sapiens,Kidney,,Negative,Orbitrap,MALDI
2023-11-06_17h41m01s,S-2006-001948_9_S3_SM_Neg_20231101_BG,Homo sapiens,Kidney,,Negative,Orbitrap,MALDI
2023-11-07_13h59m54s,suan-spleen-1,Mus musculus,Spleen,,Positive,Orbitrap,DESI
2023-11-07_22h09m23s,Mimetic_1_S3_SM_Neg_20231106_BG,Homo sapiens,Kidney,,Negative,Orbitrap,MALDI
2023-11-07_22h10m04s,Mimetic_2_S3_SM_Neg_20231106_BG,Homo sapiens,Kidney,,Negative,Orbitrap,MALDI
2023-11-07_22h11m04s,Reference_1_S3_SM_Neg_20231106_BG,Homo sapiens,Kidney,,Negative,Orbitrap,MALDI
2023-11-07_22h11m41s,Reference_2_S3_SM_Neg_20231106_BG,Homo sapiens,Kidney,,Negative,Orbitrap,MALDI
2023-11-07_22h12m34s,S-2301-008482_3_S3_SM_Neg_20231106_BG,Homo sapiens,Kidney,,Negative,Orbitrap,MALDI
2023-11-07_22h13m16s,S-2301-008482_6_S3_SM_Neg_20231106_BG,Homo sapiens,Kidney,,Negative,Orbitrap,MALDI
2023-11-07_22h14m02s,S-2301-008482_9_S3_SM_Neg_20231106_BG,Homo sapiens,Kidney,,Negative,Orbitrap,MALDI
2023-11-07_22h15m33s,S-2301-008482_12_S3_SM_Neg_20231106_BG,Homo sapiens,Kidney,,Negative,Orbitrap,MALDI
2023-11-07_22h16m54s,S-2303-008883_3_S3_SM_Neg_20231106_BG,Homo sapiens,Kidney,,Negative,Orbitrap,MALDI
2023-11-07_22h21m07s,S-2303-008883_6_S3_SM_Neg_20231106_BG,Homo sapiens,Kidney,,Negative,Orbitrap,MALDI
2023-11-07_22h23m18s,S-2303-008883_10_S3_SM_Neg_20231106_BG,Homo sapiens,Kidney,,Negative,Orbitrap,MALDI
2023-11-07_22h25m56s,S-2303-008883_13_S3_SM_Neg_20231106_BG,Homo sapiens,Kidney,,Negative,Orbitrap,MALDI
2023-11-07_22h28m04s,S-2303-014288_3_S3_SM_Neg_20231106_BG,Homo sapiens,Kidney,,Negative,Orbitrap,MALDI
2023-11-07_22h33m03s,S-2303-014288_6_S3_SM_Neg_20231106_BG,Homo sapiens,Kidney,,Negative,Orbitrap,MALDI
2023-11-07_22h35m05s,S-2303-014288_9_S3_SM_Neg_20231106_BG,Homo sapiens,Kidney,,Negative,Orbitrap,MALDI
2023-11-07_22h37m33s,S-2303-014288_13_S3_SM_Neg_20231106_BG,Homo sapiens,Kidney,,Negative,Orbitrap,MALDI
2023-11-08_02h28m13s,suan-spleen-2,Mus musculus,Spleen,,Positive,Orbitrap,DESI
2023-11-08_03h48m24s,suan-spleen-3,Mus musculus,Spleen,,Positive,Orbitrap,DESI
2023-11-08_04h25m39s,suan-liver-1,Mus musculus,Liver,,Positive,Orbitrap,DESI
2023-11-08_08h47m46s,suan-liver-2,Mus musculus,Liver,,Positive,Orbitrap,DESI
2023-11-08_09h20m28s,suan-liver-3,Mus musculus,Liver,,Positive,Orbitrap,DESI
2023-11-15_23h54m18s,S-2006-001948_13_S3_SM_Neg_20231101_BG,Homo sapiens,Kidney,,Negative,Orbitrap,MALDI
2023-11-16_11h30m42s,231114_SK_Labeledkidney_hexaneTREATED_40um,Mus musculus,Kidney,Wildtype,Negative,Orbitrap,MALDI
2023-11-22_10h40m34s,20231121 WN129#4,Homo sapiens,Breast,Cancer,Positive,Orbitrap,AP-SMALDI
2023-11-23_18h31m21s,IR30-129-L_5_55_SM_Neg_20230929_IT,Homo sapiens,Kidney,Healthy,Negative,Orbitrap,MALDI
2023-11-26_13h35m06s,g1-1-root mean square-root mean square,Homo sapiens,Stomach,Cancer,Positive,FTICR,MALDI
2023-11-26_13h51m54s,g1-2-root mean square,Homo sapiens,Stomach,Cancer,Positive,FTICR,MALDI
2023-11-26_15h23m06s,g2-1-root mean square,Homo sapiens,Stomach,Cancer,Positive,FTICR,MALDI
2023-11-26_15h23m09s,g2-2-root mean square,Homo sapiens,Stomach,Cancer,Positive,FTICR,MALDI
2023-11-27_04h07m54s,g3-1-root mean square,Homo sapiens,Stomach,Cancer,Positive,FTICR,MALDI
2023-11-27_04h08m07s,g4-1-root mean square,Homo sapiens,Stomach,Cancer,Positive,FTICR,MALDI
2023-11-27_04h08m13s,g4-2-root mean square,Homo sapiens,Stomach,Cancer,Positive,FTICR,MALDI
2023-11-27_04h08m17s,g5-1-root mean square,Homo sapiens,Stomach,Cancer,Positive,FTICR,MALDI
2023-11-27_04h08m21s,g5-2-root mean square,Homo sapiens,Stomach,Cancer,Positive,FTICR,MALDI
2023-11-27_04h08m27s,g6-1-root mean square,Homo sapiens,Stomach,Cancer,Positive,FTICR,MALDI
2023-11-27_04h08m31s,g6-2-root mean square,Homo sapiens,Stomach,Cancer,Positive,FTICR,MALDI
2023-11-27_04h08m34s,g7-1-root mean square,Homo sapiens,Stomach,Cancer,Positive,FTICR,MALDI
2023-11-27_04h08m38s,g7-2-root mean square,Homo sapiens,Stomach,Cancer,Positive,FTICR,MALDI
2023-11-27_04h08m41s,g8-1-root mean square,Homo sapiens,Stomach,Cancer,Positive,FTICR,MALDI
2023-11-27_04h08m45s,g8-2-root mean square,Homo sapiens,Stomach,Cancer,Positive,FTICR,MALDI
2023-11-27_04h08m51s,g9-1-root mean square,Homo sapiens,Stomach,Cancer,Positive,FTICR,MALDI
2023-11-27_04h08m55s,g9-2-root mean square,Homo sapiens,Stomach,Cancer,Positive,FTICR,MALDI
2023-11-27_04h08m59s,g10-1-root mean square,Homo sapiens,Stomach,Cancer,Positive,FTICR,MALDI
2023-11-27_04h09m03s,g10-2-root mean square,Homo sapiens,Stomach,Cancer,Positive,FTICR,MALDI
2023-11-27_04h09m07s,g11-1-root mean square,Homo sapiens,Stomach,Cancer,Positive,FTICR,MALDI
2023-11-27_04h09m11s,g11-2-root mean square,Homo sapiens,Stomach,Cancer,Positive,FTICR,MALDI
2023-11-27_04h09m15s,g12-1-root mean square,Homo sapiens,Stomach,Cancer,Positive,FTICR,MALDI
2023-11-27_04h09m18s,g12-2-root mean square,Homo sapiens,Stomach,Cancer,Positive,FTICR,MALDI
2023-11-28_14h02m10s,231123_sc_fticr,Mus musculus,Brain,,Negative,FTICR,MALDI
2023-12-01_11h35m44s,231121_SK_labeledheart_unwashed_NEDC_MALDI_40um,Mus musculus,Kidney,Wildtype,Negative,Orbitrap,MALDI
2023-12-01_17h30m01s,qc-077_1_s1_lip_pos_20231103_bg,Homo sapiens,Kidney,Biopsy,Positive,12T FTICR,MALDI
2023-12-01_17h30m13s,qc-077_2_s1_lip_pos_20231103_bg,Homo sapiens,Kidney,Biopsy,Positive,12T FTICR,MALDI
2023-12-01_18h05m58s,qc-077_1_s1_lip_pos_20231117_bg,Homo sapiens,Kidney,Biopsy,Positive,12T FTICR,MALDI
2023-12-01_18h07m13s,qc-077_2_s1_lip_pos_20231117_bg,Homo sapiens,Kidney,Biopsy,Positive,12T FTICR,MALDI
2023-12-04_10h53m49s,QEHF1_CC75_LM22122-1_A41-5_15um_380x405_3-5kV,Mixed,Muscle,Wildtype,Positive,Orbitrap,AP-SMALDI
2023-12-05_15h03m50s,tb_schirmer5um_mn_neg-root mean square,Homo sapiens,Spinal Cord,,Negative,timsTOF Flex,MALDI
2023-12-05_15h15m49s,QEHF1_CC76_LM22122-2_A40_20um_340x283_3-5kV,Mixed,Muscle,Wildtype,Positive,Orbitrap,AP-SMALDI
2023-12-07_14h49m31s,QEHF1_CC77_LM22122-3_A40_20um_299X315_3-5kv,Mixed,Muscle,Wildtype,Positive,Orbitrap,AP-SMALDI
2023-12-07_17h42m15s,QEHF1_CC78_LM22122-4_A42-5_5um_100X100_3-5kv_231207134254,Mixed,Muscle,Wildtype,Positive,Orbitrap,AP-SMALDI
2023-12-08_11h28m27s,ito_9aa_mouse1,Mus musculus,Brain,Diseased,Negative,FTICR,MALDI
2023-12-08_11h30m26s,ito_9aa_mouse3,Mus musculus,Brain,Diseased,Negative,FTICR,MALDI
2023-12-08_11h32m26s,ito_9aa_mouse4,Mus musculus,Brain,Diseased,Negative,FTICR,MALDI
2023-12-08_11h33m27s,ito_dhb_mouse1,Mus musculus,Brain,Diseased,Positive,FTICR,MALDI
2023-12-08_11h34m42s,ito_dhb_mouse3,Mus musculus,Brain,Diseased,Positive,FTICR,MALDI
2023-12-08_11h35m33s,ito_dhb_mouse4,Mus musculus,Brain,Diseased,Positive,FTICR,MALDI
2023-12-08_11h43m23s,to2_dhb,Mus musculus,Brain,Healthy,Positive,FTICR,MALDI
2023-12-08_11h45m18s,to2_norharneg,Mus musculus,Brain,Healthy,Negative,FTICR,MALDI
2023-12-08_11h46m12s,to2_norharpos,Mus musculus,Brain,Healthy,Positive,FTICR,MALDI
2023-12-08_14h03m53s,20_C1_F,Homo sapiens,Fibroblasts,,Positive,Orbitrap,IR-MALDESI
2023-12-08_14h04m27s,75_B1_N,Homo sapiens,Fibroblasts,,Positive,Orbitrap,IR-MALDESI
2023-12-08_14h04m44s,75_C2_F,Homo sapiens,Fibroblasts,,Positive,Orbitrap,IR-MALDESI
2023-12-08_14h05m00s,150_A1_N,Homo sapiens,Fibroblasts,,Positive,Orbitrap,IR-MALDESI
2023-12-08_14h05m19s,150_D2_F,Homo sapiens,Fibroblasts,,Positive,Orbitrap,IR-MALDESI
2023-12-12_09h43m19s,s-2303-014288_1_s1_lip_pos_20231103_bg,Homo sapiens,Kidney,Biopsy,Positive,12T FTICR,MALDI
2023-12-12_09h43m45s,s-2303-014288_2_s1_lip_pos_20231103_bg,Homo sapiens,Kidney,Biopsy,Positive,12T FTICR,MALDI
2023-12-12_09h44m03s,s-2303-014288_3_s1_lip_pos_20231103_bg,Homo sapiens,Kidney,Biopsy,Positive,12T FTICR,MALDI
2023-12-12_09h44m19s,s-2303-014288_4_s1_lip_pos_20231103_bg,Homo sapiens,Kidney,Biopsy,Positive,12T FTICR,MALDI
2023-12-12_09h44m46s,s-2304-003189_1_s1_lip_pos_20231103_bg,Homo sapiens,Kidney,Biopsy,Positive,12T FTICR,MALDI
2023-12-12_09h44m57s,s-2304-003189_2_s1_lip_pos_20231103_bg,Homo sapiens,Kidney,Biopsy,Positive,12T FTICR,MALDI
2023-12-12_09h47m58s,s-2304-003189_4_s1_lip_pos_20231103_bg,Homo sapiens,Kidney,Biopsy,Positive,12T FTICR,MALDI
2023-12-12_09h48m29s,s-2304-003189_5_s1_lip_pos_20231103_bg,Homo sapiens,Kidney,Biopsy,Positive,12T FTICR,MALDI
2023-12-12_09h48m47s,s-2303-008883_3_s1_lip_pos_20231103_bg,Homo sapiens,Kidney,Biopsy,Positive,12T FTICR,MALDI
2023-12-12_09h49m03s,s-2303-008883_2_s1_lip_pos_20231103_bg,Homo sapiens,Kidney,Biopsy,Positive,12T FTICR,MALDI
2023-12-12_09h58m05s,s-2303-008883_4_s1_lip_pos_20231103_bg,Homo sapiens,Kidney,Biopsy,Positive,12T FTICR,MALDI
2023-12-12_10h04m22s,s-2303-008883_1_s2_lip_neg_20231103_bg,Homo sapiens,Kidney,Biopsy,Negative,12T FTICR,MALDI
2023-12-12_10h05m03s,s-2303-008883_2_s2_lip_neg_20231103_bg,Homo sapiens,Kidney,Biopsy,Negative,12T FTICR,MALDI
2023-12-12_10h05m27s,s-2303-014288_1_s2_lip_neg_20231103_bg,Homo sapiens,Kidney,Biopsy,Negative,12T FTICR,MALDI
2023-12-12_10h05m43s,s-2303-014288_3_s2_lip_neg_20231103_bg,Homo sapiens,Kidney,Biopsy,Negative,12T FTICR,MALDI
2023-12-12_10h06m03s,s-2303-014288_4_s2_lip_neg_20231103_bg,Homo sapiens,Kidney,Biopsy,Negative,12T FTICR,MALDI
2023-12-12_10h06m13s,s-2303-014288_5_s2_lip_neg_20231103_bg,Homo sapiens,Kidney,Biopsy,Negative,12T FTICR,MALDI
2023-12-12_10h06m32s,s-2304-003189_1_s2_lip_neg_20231103_bg,Homo sapiens,Kidney,Biopsy,Negative,12T FTICR,MALDI
2023-12-12_10h07m02s,s-2304-003189_2_s2_lip_neg_20231103_bg,Homo sapiens,Kidney,Biopsy,Negative,12T FTICR,MALDI
2023-12-12_10h07m32s,s-2304-003189_3_s2_lip_neg_20231103_bg,Homo sapiens,Kidney,Biopsy,Negative,12T FTICR,MALDI
2023-12-12_10h07m54s,s-2304-003189_4_s2_lip_neg_20231103_bg,Homo sapiens,Kidney,Biopsy,Negative,12T FTICR,MALDI
2023-12-12_10h16m27s,s-2304-003189_5_s2_lip_neg_20231103_bg,Homo sapiens,Kidney,Biopsy,Negative,12T FTICR,MALDI
2023-12-12_10h17m01s,s-2303-008883_3_s2_lip_neg_20231103_bg,Homo sapiens,Kidney,Biopsy,Negative,12T FTICR,MALDI
2023-12-12_10h24m17s,s-2303-008883_4_s2_lip_neg_20231103_bg,Homo sapiens,Kidney,Biopsy,Negative,12T FTICR,MALDI
2023-12-12_10h24m56s,s-2303-008883_5_s1_lip_pos_20231103_bg,Homo sapiens,Kidney,Biopsy,Positive,12T FTICR,MALDI
2023-12-12_13h13m30s,V11T17-102_C1.Visium.FMP.220826_smamsi,Homo sapiens,Brain,Diseased,Positive,FTICR,MALDI
2023-12-12_13h14m15s,V11T17-102_D1.Visium.FMP.220826_smamsi,Homo sapiens,Brain,Diseased,Positive,FTICR,MALDI
2023-12-12_22h35m59s,s-2206-008097_2_s1_lip_pos_20231117_bg,Homo sapiens,Kidney,Biopsy,Positive,12T FTICR,MALDI
2023-12-12_22h36m12s,s-2206-008097_3_s1_lip_pos_20231117_bg,Homo sapiens,Kidney,Biopsy,Positive,12T FTICR,MALDI
2023-12-12_22h36m28s,s-2206-008097_4_s1_lip_pos_20231117_bg,Homo sapiens,Kidney,Biopsy,Positive,12T FTICR,MALDI
2023-12-12_22h36m43s,s-2206-008097_5_s1_lip_pos_20231117_bg,Homo sapiens,Kidney,Biopsy,Positive,12T FTICR,MALDI
2023-12-12_22h37m08s,s-2301-008623_1_s1_lip_pos_20231117_bg,Homo sapiens,Kidney,Biopsy,Positive,12T FTICR,MALDI
2023-12-12_22h37m40s,s-2301-008623_2_s1_lip_pos_20231117_bg,Homo sapiens,Kidney,Biopsy,Positive,12T FTICR,MALDI
2023-12-12_22h43m24s,s-2301-008623_3_s1_lip_pos_20231117_bg,Homo sapiens,Kidney,Biopsy,Positive,12T FTICR,MALDI
2023-12-12_22h43m48s,s-2301-008623_4_s1_lip_pos_20231117_bg,Homo sapiens,Kidney,Biopsy,Positive,12T FTICR,MALDI
2023-12-12_22h44m08s,s-2301-008623_5_s1_lip_pos_20231117_bg,Homo sapiens,Kidney,Biopsy,Positive,12T FTICR,MALDI
2023-12-12_22h44m26s,s-2303-008836_1_s1_lip_pos_20231117_bg,Homo sapiens,Kidney,Biopsy,Positive,12T FTICR,MALDI
2023-12-12_22h44m56s,s-2303-008836_2_s1_lip_pos_20231117_bg,Homo sapiens,Kidney,Biopsy,Positive,12T FTICR,MALDI
2023-12-12_22h46m25s,s-2303-008836_3_s1_lip_pos_20231117_bg,Homo sapiens,Kidney,Biopsy,Positive,12T FTICR,MALDI
2023-12-12_22h46m52s,s-2303-008836_4_s1_lip_pos_20231117_bg,Homo sapiens,Kidney,Biopsy,Positive,12T FTICR,MALDI
2023-12-12_23h12m12s,s-2206-008097_1_s2_lip_neg_20231117_bg,Homo sapiens,Kidney,Biopsy,Negative,12T FTICR,MALDI
2023-12-12_23h12m49s,s-2206-008097_2_s2_lip_neg_20231117_bg,Homo sapiens,Kidney,Biopsy,Negative,12T FTICR,MALDI
2023-12-12_23h13m05s,s-2206-008097_3_s2_lip_neg_20231117_bg,Homo sapiens,Kidney,Biopsy,Negative,12T FTICR,MALDI
2023-12-12_23h13m40s,s-2206-008097_4_s2_lip_neg_20231117_bg,Homo sapiens,Kidney,Biopsy,Negative,12T FTICR,MALDI
2023-12-12_23h14m03s,s-2206-008097_5_s2_lip_neg_20231117_bg,Homo sapiens,Kidney,Biopsy,Negative,12T FTICR,MALDI
2023-12-12_23h14m18s,qc-077_2_s2_lip_neg_20231117_bg,Homo sapiens,Kidney,Biopsy,Negative,12T FTICR,MALDI
2023-12-12_23h14m36s,qc-077_1_s2_lip_neg_20231117_bg,Homo sapiens,Kidney,Biopsy,Negative,12T FTICR,MALDI
2023-12-13_00h10m28s,qc-077_1_s2_lip_neg_20231103_bg,Homo sapiens,Kidney,Biopsy,Negative,12T FTICR,MALDI
2023-12-13_20h35m06s,qc-077_2_s2_lip_neg_20231103_bg,Homo sapiens,Kidney,Biopsy,Negative,12T FTICR,MALDI
2023-12-14_03h04m20s,s-2302-002735_1_s1_lip_pos_20231202_bg,Homo sapiens,Kidney,Biopsy,Positive,12T FTICR,MALDI
2023-12-14_03h04m40s,s-2302-002735_2_s1_lip_pos_20231202_bg,Homo sapiens,Kidney,Biopsy,Positive,12T FTICR,MALDI
2023-12-14_03h05m48s,s-2302-002735_3_s1_lip_pos_20231202_bg,Homo sapiens,Kidney,Biopsy,Positive,12T FTICR,MALDI
2023-12-14_03h06m22s,s-2302-002735_4_s1_lip_pos_20231202_bg,Homo sapiens,Kidney,Biopsy,Positive,12T FTICR,MALDI
2023-12-14_03h07m05s,qc-077_1_s1_lip_pos_20231103_bg,Homo sapiens,Kidney,Biopsy,Positive,12T FTICR,MALDI
2023-12-14_20h12m42s,qc-077_2_s1_lip_pos_20231202_bg,Homo sapiens,Kidney,Biopsy,Positive,12T FTICR,MALDI
2023-12-14_20h13m03s,s-2203-000768_5_s1_lip_pos_20231202_bg,Homo sapiens,Kidney,Biopsy,Positive,12T FTICR,MALDI
2023-12-14_20h13m12s,s-2203-000768_4_s1_lip_pos_20231202_bg,Homo sapiens,Kidney,Biopsy,Positive,12T FTICR,MALDI
2023-12-14_20h13m29s,s-2203-000768_3_s1_lip_pos_20231202_bg,Homo sapiens,Kidney,Biopsy,Positive,12T FTICR,MALDI
2023-12-14_20h13m39s,s-2203-000768_2_s1_lip_pos_20231202_bg,Homo sapiens,Kidney,Biopsy,Positive,12T FTICR,MALDI
2023-12-14_20h13m46s,s-2203-000768_1_s1_lip_pos_20231202_bg,Homo sapiens,Kidney,Biopsy,Positive,12T FTICR,MALDI
2023-12-18_17h45m47s,231213_SK_labeledheart_hexaneNH4OH_NEDC_MALDI_40um,Mus musculus,Heart,Wildtype,Negative,Orbitrap,MALDI
2023-12-19_13h02m39s,231218_SK_labeledkidney_HEXANE_NH4OHwash_NEDC_MALDI_40um,Mus musculus,kideny,Wildtype,Negative,Orbitrap,MALDI
2023-12-19_19h04m45s,S-2103-004078_3_S3_SM_Neg_20220520_GZ,Homo sapiens,Kidney,,Negative,Orbitrap,MALDI
2023-12-19_19h05m40s,S-2103-004078_7_S3_SM_Neg_20220520_GZ,Homo sapiens,Kidney,,Negative,Orbitrap,MALDI
2023-12-19_19h06m09s,S-2103-004150_3_S3_SM_Neg_20220520_GZ,Homo sapiens,Kidney,,Negative,Orbitrap,MALDI
2023-12-19_19h06m50s,S-2103-004150_7_S3_SM_Neg_20220520_GZ,Homo sapiens,Kidney,,Negative,Orbitrap,MALDI
2023-12-31_02h30m14s,Mimetic_6_S3_SM_Neg_20231229_BG,Homo sapiens,Kidney,Frozen,Negative,Orbitrap,MALDI
2024-01-05_03h27m19s,230710_lung_d385_17b4_lip_pos_bg_01,Homo sapiens,Lung,Frozen,Positive,12T FTICR,MALDI
2024-01-05_03h27m54s,230710_lung_d385_17b4_lip_pos_bg_02,Homo sapiens,Lung,Frozen,Positive,12T FTICR,MALDI
2024-01-05_03h28m42s,230710_lung_d434_14b4_lip_pos_bg_01,Homo sapiens,Lung,Frozen,Positive,12T FTICR,MALDI
2024-01-05_03h30m38s,230710_lung_d434_14b4_lip_pos_bg_02,Homo sapiens,Lung,Frozen,Positive,12T FTICR,MALDI
2024-01-16_21h28m13s,ms_313_nedc recrystallized,Mus musculus,Ovary,Tumor,Negative,timsTOF Flex,MALDI
2024-01-16_21h50m01s,ms_314_dan recrystallized,Mus musculus,Ovary,Tumor,Negative,timsTOF Flex,MALDI
2024-01-17_16h42m26s,2022-04-08_434_B1_V_DAN_NEG_121x114_pxl70um,Mus musculus,Skin,Tumor,Negative,Orbitrap,AP-SMALDI
2024-01-17_16h42m56s,2022-04-12_344_B2_AFL_DAN_NEG_173x90_pxl70um,Mus musculus,Skin,Tumor,Negative,Orbitrap,AP-SMALDI
2024-01-19_23h35m04s,2023-12-26 Saggital Cerebellum NEDC,Mus musculus,Brain,Wildtype,Negative,TOF,MALDI
2024-01-25_07h14m53s,s-2304-011687_1_s1_lip_pos_20240102_bg,Homo sapiens,Kidney,Biopsy,Positive,12T FTICR,MALDI
2024-01-25_07h15m11s,s-2304-011687_2_s1_lip_pos_20240102_bg,Homo sapiens,Kidney,Biopsy,Positive,12T FTICR,MALDI
2024-01-25_07h15m29s,s-2304-011687_3_s1_lip_pos_20240102_bg,Homo sapiens,Kidney,Biopsy,Positive,12T FTICR,MALDI
2024-01-25_07h15m49s,s-2304-011687_5_s1_lip_pos_20240102_bg,Homo sapiens,Kidney,Biopsy,Positive,12T FTICR,MALDI
2024-01-25_07h16m26s,s-2306-012930_1_s1_lip_pos_20240102_bg,Homo sapiens,Kidney,Biopsy,Positive,12T FTICR,MALDI
2024-01-25_07h16m49s,s-2306-012930_2_s1_lip_pos_20240102_bg,Homo sapiens,Kidney,Biopsy,Positive,12T FTICR,MALDI
2024-01-25_07h17m16s,s-2306-012930_4_s1_lip_pos_20240102_bg,Homo sapiens,Kidney,Biopsy,Positive,12T FTICR,MALDI
2024-01-25_07h17m49s,s-2306-012930_5_s1_lip_pos_20240102_bg,Homo sapiens,Kidney,Biopsy,Positive,12T FTICR,MALDI
2024-01-25_07h18m35s,qc-007b_1_s1_lip_pos_20240102_bg,Homo sapiens,Kidney,nephrectomy,Positive,12T FTICR,MALDI
2024-01-25_07h19m03s,qc-007b_2_s1_lip_pos_20240102_bg,Homo sapiens,Kidney,nephrectomy,Positive,12T FTICR,MALDI
2024-01-25_07h19m55s,s-2304-011687_1_s2_lip_neg_20240102_bg,Homo sapiens,Kidney,Biopsy,Negative,12T FTICR,MALDI
2024-01-25_07h20m16s,s-2304-011687_2_s2_lip_neg_20240102_bg,Homo sapiens,Kidney,Biopsy,Negative,12T FTICR,MALDI
2024-01-25_07h20m37s,s-2304-011687_3_s2_lip_neg_20240102_bg,Homo sapiens,Kidney,Biopsy,Negative,12T FTICR,MALDI
2024-01-25_07h21m00s,s-2304-011687_4_s2_lip_neg_20240102_bg,Homo sapiens,Kidney,Biopsy,Negative,12T FTICR,MALDI
2024-01-25_07h21m27s,s-2306-012930_1_s2_lip_neg_20240102_bg,Homo sapiens,Kidney,Biopsy,Negative,12T FTICR,MALDI
2024-01-25_07h22m02s,s-2306-012930_3_s2_lip_neg_20240102_bg,Homo sapiens,Kidney,Biopsy,Negative,12T FTICR,MALDI
2024-01-25_07h22m17s,s-2306-012930_4_s2_lip_neg_20240102_bg,Homo sapiens,Kidney,Biopsy,Negative,12T FTICR,MALDI
2024-01-25_07h22m42s,s-2306-012930_5_s2_lip_neg_20240102_bg,Homo sapiens,Kidney,Biopsy,Negative,12T FTICR,MALDI
2024-01-25_07h23m29s,qc-077b_1_s2_lip_neg_20240102_bg,Homo sapiens,Kidney,nephrectomy,Negative,12T FTICR,MALDI
2024-01-25_07h23m51s,qc-077b_2_s2_lip_neg_20240102_bg,Homo sapiens,Kidney,nephrectomy,Negative,12T FTICR,MALDI
2024-01-25_07h24m55s,s-2306-012930_2_s2_lip_neg_20240102_bg,Homo sapiens,Kidney,nephrectomy,Negative,12T FTICR,MALDI
2024-01-26_21h50m38s,ms_nedc_269,Mus musculus,Ovary,Tumor,Negative,timsTOF Flex,MALDI
2024-01-26_23h52m33s,lung_d385-7a2_lip_pos_35um_1_s4b-glass_20240114_bg,Homo sapiens,Lung,Frozen,Positive,12T FTICR,MALDI
2024-01-29_19h26m21s,mouse_brain_ctrl_20240126_bg,Mus musculus,Brain,Frozen,Positive,12T FTICR,MALDI
2024-01-29_19h29m15s,mouse_brain_cistreated_20240126_bg,Mus musculus,Brain,Frozen,Positive,12T FTICR,MALDI
2024-01-31_08h29m02s,placenta_4-APEBA_section_14_50um,Homo sapiens,placenta,,Positive,FTICR,MALDI
2024-01-31_08h30m01s,placenta_17s_apeba_25um,Homo sapiens,placenta,,Positive,FTICR,MALDI
2024-01-31_19h29m51s,placenta_21s_apeba_25um,Homo sapiens,placenta,,Positive,FTICR,MALDI
2024-02-02_00h29m28s,PNNL05A_V6b_CLMCAFAMM_Lipids_885_5ppm,Mus musculus,Brain,Wildtype,Negative,qTOF,DESI
2024-02-05_18h46m05s,mouse_brain_ctrl_lipids_neg_20240126_bg,Mus musculus,Brain,Frozen,Negative,12T FTICR,MALDI
2024-02-05_18h47m45s,mouse_brain_cistreated_lipids_neg_20240126_bg,Mus musculus,Brain,Frozen,Negative,12T FTICR,MALDI
2024-02-06_13h58m18s,231218_SK_labeledBRAIN_HEXANE_NH4OHwash_NEDC_MALDI_40um,Mus musculus,Brain,Wildtype,Negative,Orbitrap,MALDI
2024-02-11_05h45m27s,oxlp  erastin day 10 rep 3 positive_aligned,Mus musculus,Ovary,Wildtype,Positive,12T FTICR,MALDI
2024-02-11_05h45m41s,oxlp  erastin day 10 rep 2 positive_aligned,Mus musculus,Ovary,Wildtype,Positive,12T FTICR,MALDI
2024-02-11_05h45m57s,oxlp  erastin day 10 rep 1 positive_aligned,Mus musculus,Ovary,Wildtype,Positive,12T FTICR,MALDI
2024-02-11_05h46m32s,oxlp  control day 10 rep 3 positive_aligned,Mus musculus,Ovary,Wildtype,Positive,12T FTICR,MALDI
2024-02-11_05h46m51s,oxlp  control day 10 rep 2 positive_aligned,Mus musculus,Ovary,Wildtype,Positive,12T FTICR,MALDI
2024-02-11_05h47m08s,oxlp  control day 10 rep 1 positive_aligned,Mus musculus,Ovary,Wildtype,Positive,12T FTICR,MALDI
2024-02-14_19h05m44s,01-total ion count,Homo sapiens,Jurkat,,Positive,timsTOF Flex,MALDI
2024-02-15_09h28m47s,MPIMM_359_QE_P,Mus musculus,Gut,Wildtype,Positive,Orbitrap,AP-SMALDI
2024-02-15_20h25m33s,PNNL05A_V6b_CLMCAFAMM_Lipids_885_3ppm,Mus musculus,Brain,Wildtype,Negative,qTOF,DESI
2024-02-15_20h37m13s,PNNL05A_V6b_CLMCAFAMM_Lipids_885_1ppm,Mus musculus,Brain,Wildtype,Negative,qTOF,DESI
2024-02-15_21h59m00s,Ref-2210-005019_1_S3_SM_Neg_20240119_BG,Homo sapiens,Kidney,,Negative,Orbitrap,MALDI
2024-02-15_22h00m15s,Ref-2210-005019_2_S3_SM_Neg_20240119_BG,Homo sapiens,Kidney,,Negative,Orbitrap,MALDI
2024-02-15_22h02m12s,S-2010-004330_4_S3_SM_Neg_20240119_BG,Homo sapiens,Kidney,,Negative,Orbitrap,MALDI
2024-02-15_22h06m56s,S-2010-004330_8_S3_SM_Neg_20240119_BG,Homo sapiens,Kidney,,Negative,Orbitrap,MALDI
2024-02-15_22h17m42s,S-2010-004330_11_S3_SM_Neg_20240119_BG,Homo sapiens,Kidney,,Negative,Orbitrap,MALDI
2024-02-15_22h23m27s,S-2010-004330_14_S3_SM_Neg_20240119_BG,Homo sapiens,Kidney,,Negative,Orbitrap,MALDI
2024-02-15_22h26m06s,S-2101-000894_3_S3_SM_Neg_20240119_BG,Homo sapiens,Kidney,,Negative,Orbitrap,MALDI
2024-02-15_22h27m12s,S-2101-000894_7_S3_SM_Neg_20240119_BG,Homo sapiens,Kidney,,Negative,Orbitrap,MALDI
2024-02-15_22h30m57s,S-2101-000894_11_S3_SM_Neg_20240119_BG,Homo sapiens,Kidney,,Negative,Orbitrap,MALDI
2024-02-15_22h32m22s,S-2101-000894_14_S3_SM_Neg_20240119_BG,Homo sapiens,Kidney,,Negative,Orbitrap,MALDI
2024-02-15_22h33m01s,S-2302-002688_3_S3_SM_Neg_20240119_BG,Homo sapiens,Kidney,,Negative,Orbitrap,MALDI
2024-02-15_22h35m32s,S-2302-002688_6_S3_SM_Neg_20240119_BG,Homo sapiens,Kidney,,Negative,Orbitrap,MALDI
2024-02-15_22h39m22s,S-2302-002688_9_S3_SM_Neg_20240119_BG,Homo sapiens,Kidney,,Negative,Orbitrap,MALDI
2024-02-15_22h43m28s,S-2302-002688_12_S3_SM_Neg_20240119_BG,Homo sapiens,Kidney,,Negative,Orbitrap,MALDI
2024-02-15_23h04m36s,Reference_1_S3_SM_Neg_20231206_BG,Homo sapiens,Kidney,,Negative,Orbitrap,MALDI
2024-02-15_23h05m29s,Reference_2_S3_SM_Neg_20231206_BG,Homo sapiens,Kidney,,Negative,Orbitrap,MALDI
2024-02-15_23h06m43s,S-2006-005005_4_S3_SM_Neg_20231206_BG,Homo sapiens,Kidney,,Negative,Orbitrap,MALDI
2024-02-15_23h08m26s,S-2006-005005_8_S3_SM_Neg_20231206_BG,Homo sapiens,Kidney,,Negative,Orbitrap,MALDI
2024-02-15_23h14m31s,S-2006-005005_13_S3_SM_Neg_20231206_BG,Homo sapiens,Kidney,,Negative,Orbitrap,MALDI
2024-02-15_23h19m17s,S-2006-005005_16_S3_SM_Neg_20231206_BG,Homo sapiens,Kidney,,Negative,Orbitrap,MALDI
2024-02-15_23h21m47s,S-2010-012860_3_S3_SM_Neg_20231206_BG,Homo sapiens,Kidney,,Negative,Orbitrap,MALDI
2024-02-15_23h30m14s,S-2010-012860_6_S3_SM_Neg_20231206_BG,Homo sapiens,Kidney,,Negative,Orbitrap,MALDI
2024-02-15_23h34m11s,S-2010-012860_9_S3_SM_Neg_20231206_BG,Homo sapiens,Kidney,,Negative,Orbitrap,MALDI
2024-02-15_23h39m51s,S-2010-012860_12_S3_SM_Neg_20231206_BG,Homo sapiens,Kidney,,Negative,Orbitrap,MALDI
2024-02-15_23h42m14s,S-2303-014335_3_S3_SM_Neg_20231206_BG,Homo sapiens,Kidney,,Negative,Orbitrap,MALDI
2024-02-15_23h44m05s,S-2303-014335_6_S3_SM_Neg_20231206_BG,Homo sapiens,Kidney,,Negative,Orbitrap,MALDI
2024-02-15_23h49m27s,S-2303-014335_9_S3_SM_Neg_20231206_BG,Homo sapiens,Kidney,,Negative,Orbitrap,MALDI
2024-02-15_23h57m39s,S-2303-014335_12_S3_SM_Neg_20231206_BG,Homo sapiens,Kidney,,Negative,Orbitrap,MALDI
2024-02-16_08h43m24s,MPIMM_360_QE_P,Mus musculus,Gut,Wildtype,Positive,Orbitrap,AP-SMALDI
2024-02-16_08h44m28s,MPIMM_361_QE_P,Mus musculus,Gut,Wildtype,Positive,Orbitrap,AP-SMALDI
2024-02-16_14h48m19s,MPIMM_362_QE_P,Mus musculus,Gut,Wildtype,Positive,Orbitrap,AP-SMALDI
2024-02-19_06h16m33s,suan-brain-3-02,Mus musculus,Brain,,Positive,Orbitrap,DESI
2024-02-19_07h10m10s,suan-liver-2-01,Mus musculus,Liver,,Positive,Orbitrap,DESI
2024-02-19_12h46m29s,quan-liver-1-01,Mus musculus,Liver,,Positive,Orbitrap,DESI
2024-02-19_13h17m22s,quan-liver-2-01,Mus musculus,Liver,,Positive,Orbitrap,DESI
2024-02-19_14h05m01s,quan-liver-3-01,Mus musculus,Liver,,Positive,Orbitrap,DESI
2024-02-20_07h26m29s,suan-liver-1-01,Mus musculus,Liver,,Positive,Orbitrap,DESI
2024-02-20_08h30m00s,suan-liver-3-01,Mus musculus,Liver,,Positive,Orbitrap,DESI
2024-02-21_07h46m37s,lung_d385-7a2_lip_pos_s4b-glass_20240114_bg,Homo sapiens,Lung,Frozen,Positive,12T FTICR,MALDI
2024-02-21_07h47m06s,lung_d385-7a2_lip_pos_35um_2_s4b-glass_20240114_bg,Homo sapiens,Lung,Frozen,Positive,12T FTICR,MALDI
2024-02-21_07h48m49s,lung_d385-7a2_lip_neg_35um_1_s4b-glass_20240114_bg,Homo sapiens,Lung,Frozen,Negative,12T FTICR,MALDI
2024-02-21_07h50m30s,lung_d434-5b1_lip_neg_35um_1_s4b-glass_20240114_bg,Homo sapiens,Lung,Frozen,Negative,12T FTICR,MALDI
2024-02-21_07h50m59s,lung_d434-5b1_lip_neg_35um_2_s4b-glass_20240114_bg,Homo sapiens,Lung,Frozen,Negative,12T FTICR,MALDI
2024-02-21_07h51m52s,lung_d434-5b1_lip_pos_s4b-glass_20240114_bg,Homo sapiens,Lung,Frozen,Positive,12T FTICR,MALDI
2024-02-21_07h52m31s,lung_d434-5b1_lip_pos_35um_2_s4b-glass_20240114_bg,Homo sapiens,Lung,Frozen,Positive,12T FTICR,MALDI
2024-02-21_07h54m20s,lung_d434-5b1_lip_pos_35um_1_s4b-glass_20240114_bg,Homo sapiens,Lung,Frozen,Positive,12T FTICR,MALDI
2024-02-26_22h34m46s,Section3_placenta_metab_OTCD_pos,Homo sapiens,placenta,,Positive,FTICR,MALDI
2024-02-26_22h36m04s,Section4_placenta_metab_OTCD_pos,Homo sapiens,placenta,,Positive,FTICR,MALDI
2024-02-27_17h29m40s,20240221 21t#16 chca+is,Homo sapiens,Breast,Tumor,Positive,Orbitrap,AP-SMALDI
2024-02-28_03h45m28s,CF3-15_120-35um,Mus musculus,Brain,,Positive,Orbitrap,AP-SMALDI
2024-02-29_13h56m24s,dhb_notopt,Mus musculus,Brain,Diseased,Positive,TOF reflector,MALDI
2024-02-29_14h11m21s,Brain_NOR_opt_1_t,Mus musculus,Brain,Diseased,Positive,TOF reflector,MALDI
2024-02-29_14h35m49s,Brain_NOR_notopt_4_DP_40,Mus musculus,Brain,Diseased,Positive,TOF reflector,MALDI
2024-03-01_01h50m28s,s-2304-003189_3_s1_lip_pos_20231103_bg,Homo sapiens,Kidney,Biopsy,Positive,12T FTICR,MALDI
2024-03-01_16h12m06s,MPIMM_370_QE_P,Mus musculus,Gut,Wildtype,Positive,Orbitrap,AP-SMALDI
2024-03-01_17h53m59s,240213LBL_FIGCpos_n5-25um_Slide_A_FiGC#5-POS_1_corectmass,Homo sapiens,Breast,Tumor,Positive,TOF reflector,DESI
2024-03-04_10h19m16s,Brain_NOR_notopt_4_max_1000,Mus musculus,Brain,Diseased,Positive,TOF reflector,MALDI
2024-03-04_14h36m48s,MPIMM_371_QE_P,Mus musculus,Gut,Wildtype,Positive,Orbitrap,AP-SMALDI
2024-03-04_15h19m00s,228_A3_NFBS,Homo sapiens,Fibroblasts,,Positive,Orbitrap,IR-MALDESI
2024-03-04_15h19m18s,228_C3_AFBS,Homo sapiens,Fibroblasts,,Positive,Orbitrap,IR-MALDESI
2024-03-04_15h19m36s,228_C9_CFBS,Homo sapiens,Fibroblasts,,Positive,Orbitrap,IR-MALDESI
2024-03-04_15h19m54s,228_B3_NFBS,Homo sapiens,Fibroblasts,,Positive,Orbitrap,IR-MALDESI
2024-03-04_15h20m10s,228_D3_AFBS,Homo sapiens,Fibroblasts,,Positive,Orbitrap,IR-MALDESI
2024-03-04_15h20m23s,228_D9_CFBS,Homo sapiens,Fibroblasts,,Positive,Orbitrap,IR-MALDESI
2024-03-04_15h20m41s,228_A9_NFBS,Homo sapiens,Fibroblasts,,Positive,Orbitrap,IR-MALDESI
2024-03-04_15h21m01s,228_B9_AFBS,Homo sapiens,Fibroblasts,,Positive,Orbitrap,IR-MALDESI
2024-03-05_08h37m13s,MPIMM_372_QE_P,Mus musculus,Gut,Wildtype,Positive,Orbitrap,AP-SMALDI
2024-03-05_14h20m56s,MPIMM_373_QE_P,Mus musculus,Gut,Wildtype,Positive,Orbitrap,AP-SMALDI
2024-03-07_09h25m45s,Testis,Mus musculus,Testis,Wildtype,Negative,Orbitrap,MALDI
2024-03-07_16h09m47s,229_A5_NFBS,Homo sapiens,Fibroblasts,,Positive,Orbitrap,IR-MALDESI
2024-03-07_16h10m02s,229_B5_NFBS,Homo sapiens,Fibroblasts,,Positive,Orbitrap,IR-MALDESI
2024-03-07_16h10m16s,229_A11_NFBS,Homo sapiens,Fibroblasts,,Positive,Orbitrap,IR-MALDESI
2024-03-07_16h10m32s,229_C5_AFBS,Homo sapiens,Fibroblasts,,Positive,Orbitrap,IR-MALDESI
2024-03-07_16h10m41s,229_D5_AFBS,Homo sapiens,Fibroblasts,,Positive,Orbitrap,IR-MALDESI
2024-03-07_16h10m53s,229_B11_AFBS,Homo sapiens,Fibroblasts,,Positive,Orbitrap,IR-MALDESI
2024-03-07_16h11m07s,229_C11_CFBS,Homo sapiens,Fibroblasts,,Positive,Orbitrap,IR-MALDESI
2024-03-07_16h11m19s,229_D11_CFBS,Homo sapiens,Fibroblasts,,Positive,Orbitrap,IR-MALDESI
2024-03-07_16h15m42s,228_C10_C,Homo sapiens,Fibroblasts,,Positive,Orbitrap,IR-MALDESI
2024-03-07_16h16m15s,228_D10_C,Homo sapiens,Fibroblasts,,Positive,Orbitrap,IR-MALDESI
2024-03-07_16h16m32s,228_A4_N,Homo sapiens,Fibroblasts,,Positive,Orbitrap,IR-MALDESI
2024-03-07_16h16m43s,228_B4_N,Homo sapiens,Fibroblasts,,Positive,Orbitrap,IR-MALDESI
2024-03-07_16h16m52s,228_A10_N,Homo sapiens,Fibroblasts,,Positive,Orbitrap,IR-MALDESI
2024-03-07_16h17m11s,228_C4_A,Homo sapiens,Fibroblasts,,Positive,Orbitrap,IR-MALDESI
2024-03-07_16h17m26s,228_D4_A_,Homo sapiens,Fibroblasts,,Positive,Orbitrap,IR-MALDESI
2024-03-07_16h17m38s,228_B10_A,Homo sapiens,Fibroblasts,,Positive,Orbitrap,IR-MALDESI
2024-03-07_16h35m25s,229_A6_N,Homo sapiens,Fibroblasts,,Positive,Orbitrap,IR-MALDESI
2024-03-07_16h35m35s,229_B6_N,Homo sapiens,Fibroblasts,,Positive,Orbitrap,IR-MALDESI
2024-03-07_16h35m44s,229_A12_N,Homo sapiens,Fibroblasts,,Positive,Orbitrap,IR-MALDESI
2024-03-07_16h35m57s,229_C6_A,Homo sapiens,Fibroblasts,,Positive,Orbitrap,IR-MALDESI
2024-03-07_16h36m06s,229_D6_A,Homo sapiens,Fibroblasts,,Positive,Orbitrap,IR-MALDESI
2024-03-07_16h36m21s,229_B12_A,Homo sapiens,Fibroblasts,,Positive,Orbitrap,IR-MALDESI
2024-03-07_16h36m36s,229_C12_C,Homo sapiens,Fibroblasts,,Positive,Orbitrap,IR-MALDESI
2024-03-07_16h36m45s,229_D12_C,Homo sapiens,Fibroblasts,,Positive,Orbitrap,IR-MALDESI
2024-03-07_16h40m44s,227_A2_N,Homo sapiens,Fibroblasts,,Positive,Orbitrap,IR-MALDESI
2024-03-07_16h41m00s,227_B2_N,Homo sapiens,Fibroblasts,,Positive,Orbitrap,IR-MALDESI
2024-03-07_16h41m18s,227_A8_N,Homo sapiens,Fibroblasts,,Positive,Orbitrap,IR-MALDESI
2024-03-07_16h41m53s,227_C2_A,Homo sapiens,Fibroblasts,,Positive,Orbitrap,IR-MALDESI
2024-03-07_16h42m05s,227_7_D2_A,Homo sapiens,Fibroblasts,,Positive,Orbitrap,IR-MALDESI
2024-03-07_16h42m14s,227_B8_A,Homo sapiens,Fibroblasts,,Positive,Orbitrap,IR-MALDESI
2024-03-07_16h42m28s,227_D8_C,Homo sapiens,Fibroblasts,,Positive,Orbitrap,IR-MALDESI
2024-03-07_16h42m52s,227_A1_NFBS,Homo sapiens,Fibroblasts,,Positive,Orbitrap,IR-MALDESI
2024-03-07_16h43m07s,227_A7_NFBS,Homo sapiens,Fibroblasts,,Positive,Orbitrap,IR-MALDESI
2024-03-07_16h43m15s,227_B1_NFBS,Homo sapiens,Fibroblasts,,Positive,Orbitrap,IR-MALDESI
2024-03-07_16h43m26s,227_B7_AFBS,Homo sapiens,Fibroblasts,,Positive,Orbitrap,IR-MALDESI
2024-03-07_16h43m35s,227_C1_AFBS,Homo sapiens,Fibroblasts,,Positive,Orbitrap,IR-MALDESI
2024-03-07_16h43m49s,227_D1_AFBS,Homo sapiens,Fibroblasts,,Positive,Orbitrap,IR-MALDESI
2024-03-07_16h44m10s,227_D7_CFBS,Homo sapiens,Fibroblasts,,Positive,Orbitrap,IR-MALDESI
2024-03-11_10h53m57s,Brain_NOR_notopt_4_2X_DP_80_min_100_max_1700,Mus musculus,Brain,Diseased,Positive,TOF reflector,MALDI
2024-03-11_16h53m05s,Brain_NOR_notopt_4_2X_DP_80_min_100_max_1700,Mus musculus,Brain,Diseased,Positive,TOF reflector,MALDI
2024-03-12_17h45m02s,Ref-S-2210-005019_1_S3_SM_Neg_20240311_IT,Homo sapiens,Kidney,,Negative,Orbitrap,MALDI
2024-03-12_17h49m11s,S-2304-011687_3_S3_SM_Neg_20240311_IT,Homo sapiens,Kidney,,Negative,Orbitrap,MALDI
2024-03-12_17h57m30s,S-2304-011687_6_S3_SM_Neg_20240311_IT,Homo sapiens,Kidney,,Negative,Orbitrap,MALDI
2024-03-13_22h21m21s,S-2301-008529_3_S3_SM_Neg_20240311_IT,Homo sapiens,Kidney,,Negative,Orbitrap,MALDI
2024-03-13_22h31m24s,Ref-S-2210-005019_2_S3_SM_Neg_20240311_IT,Homo sapiens,Kidney,,Negative,Orbitrap,MALDI
2024-03-13_22h36m52s,S-2301-008529_6_S3_SM_Neg_20240311_IT,Homo sapiens,Kidney,,Negative,Orbitrap,MALDI
2024-03-13_22h41m10s,S-2301-008529_9_S3_SM_Neg_20240311_IT,Homo sapiens,Kidney,,Negative,Orbitrap,MALDI
2024-03-13_22h43m49s,S-2301-008529_12_S3_SM_Neg_20240311_IT,Homo sapiens,Kidney,,Negative,Orbitrap,MALDI
2024-03-13_22h48m05s,S-2304-011687_9_S3_SM_Neg_20240311_IT,Homo sapiens,Kidney,,Negative,Orbitrap,MALDI
2024-03-14_08h35m08s,MPIMM_375_QE_P,Mus musculus,Gut,Wildtype,Positive,Orbitrap,AP-SMALDI
2024-03-14_08h39m38s,MPIMM_376_QE_P,Mus musculus,Gut,Wildtype,Positive,Orbitrap,AP-SMALDI
2024-03-14_13h38m54s,MPIMM_377_QE_P,Mus musculus,Gut,Wildtype,Positive,Orbitrap,AP-SMALDI
2024-03-14_19h22m44s,tarik_kidney_dhb_01,Mus musculus,Kideny,Healthy,Positive,FTICR,MALDI
2024-03-14_19h23m05s,tarik_kidney_dhb_03,Mus musculus,Kideny,Healthy,Positive,FTICR,MALDI
2024-03-14_19h23m36s,tarik_kidney_dhb_05,Mus musculus,Kideny,Healthy,Positive,FTICR,MALDI
2024-03-15_14h50m15s,2h #10,Mus musculus,Brain,Wildtype,Positive,Orbitrap,DEFFI
2024-03-15_14h53m12s,Stroke timeline mouse brain sample - 2h #11 - Pernille,Mus musculus,Brain,Wildtype,Positive,Orbitrap,DEFFI
2024-03-15_14h53m53s,Stroke timeline mouse brain sample - 6h #15 - Pernille,Mus musculus,Brain,Wildtype,Positive,Orbitrap,DEFFI
2024-03-15_14h54m56s,Stroke timeline mouse brain sample - 24h #8 - Pernille,Mus musculus,Brain,Wildtype,Positive,Orbitrap,DEFFI
2024-03-15_18h17m07s,S-2107-023543_Mimetic1_S3_SM_Neg_20220721_GZ,Homo sapiens,Kidney,,Negative,Orbitrap,MALDI
2024-03-19_17h08m03s,Brain_NOR_notopt_4_DP_40_min_100_max_1700,Mus musculus,Brain,Diseased,Positive,TOF reflector,MALDI
2024-03-21_17h13m08s,MT-1_5_S2_SM_Neg_20240320_RN_LH,Homo sapiens,Kidney,,Negative,Orbitrap,MALDI
2024-03-22_14h08m37s,Stroke timeline mouse brain sample - 2h #11 - 2,Mus musculus,Brain,Wildtype,Positive,Orbitrap,DEFFI
2024-03-25_12h21m08s,20240207_neg_Lipid_LeuEnk_ALM1_w3_CLMC_1,Mus musculus,Brain,Wtype,Negative,Orbitrap,DESI
2024-03-27_21h04m48s,s-2203-000768_6_s2_lip_neg_20231202_bg,Homo sapiens,Kidney,Biopsy,Negative,12T FTICR,MALDI
2024-03-27_21h05m57s,s-2203-000768_3_s2_lip_neg_20231202_bg,Homo sapiens,Kidney,Biopsy,Negative,12T FTICR,MALDI
2024-03-27_21h06m29s,s-2203-000768_5_s2_lip_neg_20231202_bg,Homo sapiens,Kidney,Biopsy,Negative,12T FTICR,MALDI
2024-03-27_21h08m01s,s-2203-000768_1_s2_lip_neg_20231202_bg,Homo sapiens,Kidney,Biopsy,Negative,12T FTICR,MALDI
2024-03-27_21h09m34s,s-2203-000768_2_s2_lip_neg_20231202_bg,Homo sapiens,Kidney,Biopsy,Negative,12T FTICR,MALDI
2024-03-27_21h10m09s,s-2302-002735_4_s2_lip_neg_20231202_bg,Homo sapiens,Kidney,Biopsy,Negative,12T FTICR,MALDI
2024-03-27_21h10m30s,s-2302-002735_3_s2_lip_neg_20231202_bg,Homo sapiens,Kidney,Biopsy,Negative,12T FTICR,MALDI
2024-03-27_21h11m09s,s-2302-002735_2_s2_lip_neg_20231202_bg,Homo sapiens,Kidney,Biopsy,Negative,12T FTICR,MALDI
2024-03-27_21h11m49s,s-2302-002735_1_s2_lip_neg_20231202_bg,Homo sapiens,Kidney,Biopsy,Negative,12T FTICR,MALDI
2024-03-27_21h12m19s,qc-077_1_s2_lip_neg_20231214_bg,Homo sapiens,Kidney,Biopsy,Negative,12T FTICR,MALDI
2024-03-27_21h12m40s,qc-077_2_s2_lip_neg_20231202_bg,Homo sapiens,Kidney,Biopsy,Negative,12T FTICR,MALDI
2024-03-30_05h12m28s,Ischemia1,Mus musculus,Brain,24h-post ischemic stroke,Negative,Orbitrap,DESI
2024-03-30_05h25m24s,Ischemia3,Mus musculus,Brain,24h-post ischemic stroke,Negative,Orbitrap,DESI
2024-03-31_06h30m24s,Ischemia2,Mus musculus,Brain,24h-post ischemic stroke,Negative,Orbitrap,DESI
2024-03-31_07h07m26s,Sham2,Mus musculus,Brain,Sham surgery - MCAO,Negative,Orbitrap,DESI
2024-04-02_06h20m48s,qc-077_s2_lip_neg_20231130_bg,Homo sapiens,Kidney,Biopsy,Negative,12T FTICR,MALDI
2024-04-02_18h43m59s,s-2301-008623_2_s2_lip_neg_20231117_bg,Homo sapiens,Kidney,Biopsy,Negative,12T FTICR,MALDI
2024-04-02_18h44m50s,s-2301-008623_3_s2_lip_neg_20231117_bg,Homo sapiens,Kidney,Biopsy,Negative,12T FTICR,MALDI
2024-04-02_18h45m20s,s-2301-008623_4_s2_lip_neg_20231117_bg,Homo sapiens,Kidney,Biopsy,Negative,12T FTICR,MALDI
2024-04-02_18h48m50s,s-2301-008623_5_s2_lip_neg_20231117_bg,Homo sapiens,Kidney,Biopsy,Negative,12T FTICR,MALDI
2024-04-02_18h49m17s,s-2301-008623_1_s2_lip_neg_20231117_bg,Homo sapiens,Kidney,Biopsy,Negative,12T FTICR,MALDI
2024-04-03_01h17m03s,Brain_Test_Method_root mean square,Mus musculus,Brain,,Negative,timsTOF Flex,MALDI
2024-04-03_09h50m50s,dan_nh4-root mean square,Mus musculus,Testis,,Negative,timsTOF Flex,MALDI
2024-04-03_09h59m47s,testis_dan_hcl-root mean square,Mus musculus,Testis,,Negative,timsTOF Flex,MALDI
2024-04-03_10h07m28s,dan_tfa-root mean square,Mus musculus,Testis,,Negative,timsTOF Flex,MALDI
2024-04-03_10h09m53s,testis_dan-root mean square,Mus musculus,Testis,,Negative,timsTOF Flex,MALDI
2024-04-03_10h38m32s,Stroke timeline mouse brain sample - 2h #10 - 2,Mus musculus,Brain,Wildtype,Positive,Orbitrap,DEFFI
2024-04-04_23h53m54s,S-2304-011687_12_S3_SM_Neg_20240311_IT,Homo sapiens,Kidney,,Negative,Orbitrap,MALDI
2024-04-10_02h35m10s,kidney_ito_central_50um,Homo sapiens,Kidney,pilot sample,Positive,FTICR,MALDI
2024-04-10_02h36m38s,kidney_ito_right_25um,Homo sapiens,Kidney,pilot sample,Positive,FTICR,MALDI
2024-04-10_17h06m19s,8223301,Mus musculus,Kidney,Wildtype,Negative,Orbitrap,DESI
2024-04-10_17h34m16s,,Mus musculus,Kidney,Wildtype,Negative,Orbitrap,DESI
2024-04-10_17h47m22s,,Mus musculus,Brain,Wildtype,Negative,Orbitrap,DESI
2024-04-10_17h56m06s,,Mus musculus,Brain,Wildtype,Negative,Orbitrap,DESI
2024-04-10_17h56m17s,,Mus musculus,Brain,Wildtype,Negative,Orbitrap,DESI
2024-04-10_18h04m26s,,Mus musculus,Tumor,Diseased,Negative,Orbitrap,DESI
2024-04-10_18h09m46s,,Mus musculus,whole body,Wildtype,Negative,Orbitrap,DESI
2024-04-10_18h10m55s,,Mus musculus,Tumor,Diseased,Negative,Orbitrap,DESI
2024-04-10_18h20m52s,,Mus musculus,whole body,Wildtype,Negative,Orbitrap,DESI
2024-04-10_18h24m30s,,Mus musculus,whole body,Wildtype,Negative,Orbitrap,DESI
2024-04-10_18h26m43s,,Mus musculus,whole body,Wildtype,Negative,Orbitrap,DESI
2024-04-10_18h29m55s,,Mus musculus,whole body,Wildtype,Negative,Orbitrap,DESI
2024-04-10_18h31m51s,,Mus musculus,whole body,Wildtype,Negative,Orbitrap,DESI
2024-04-10_18h32m21s,,Mus musculus,whole body,Wildtype,Negative,Orbitrap,DESI
2024-04-10_18h33m02s,,Mus musculus,whole body,Wildtype,Negative,Orbitrap,DESI
2024-04-10_18h35m23s,,Mus musculus,whole body,Wildtype,Negative,Orbitrap,DESI
2024-04-10_18h36m11s,,Mus musculus,whole body,Wildtype,Negative,Orbitrap,DESI
2024-04-10_18h37m47s,,Mus musculus,whole body,Wildtype,Negative,Orbitrap,DESI
2024-04-10_18h49m34s,,Mus musculus,whole body,Wildtype,Negative,Orbitrap,DESI
2024-04-12_07h58m55s,,Mus musculus,Brain,Wildtype,Positive,Orbitrap,DESI
2024-04-12_08h23m52s,,Mus musculus,Brain,Wildtype,Positive,Orbitrap,DESI
2024-04-12_08h32m53s,,Mus musculus,Brain,Wildtype,Positive,Orbitrap,DESI
2024-04-12_08h36m18s,,Mus musculus,Kidney,Wildtype,Positive,Orbitrap,DESI
2024-04-12_08h49m30s,,Mus musculus,Kidney,Wildtype,Positive,Orbitrap,DESI
2024-04-12_08h53m57s,,Mus musculus,whole body,Wildtype,Positive,Orbitrap,DESI
2024-04-12_08h55m06s,,Mus musculus,whole body,Wildtype,Positive,Orbitrap,DESI
2024-04-12_08h55m13s,,Mus musculus,whole body,Wildtype,Positive,Orbitrap,DESI
2024-04-12_09h03m46s,,Mus musculus,whole body,Wildtype,Positive,Orbitrap,DESI
2024-04-12_09h41m36s,,Mus musculus,whole body,Wildtype,Positive,Orbitrap,DESI
2024-04-12_09h51m19s,,Mus musculus,whole body,Wildtype,Positive,Orbitrap,DESI
2024-04-12_09h54m11s,,Mus musculus,whole body,Wildtype,Positive,Orbitrap,DESI
2024-04-12_09h56m37s,,Mus musculus,whole body,Wildtype,Positive,Orbitrap,DESI
2024-04-12_09h58m46s,,Mus musculus,whole body,Wildtype,Positive,Orbitrap,DESI
2024-04-12_10h02m39s,,Mus musculus,whole body,Wildtype,Positive,Orbitrap,DESI
2024-04-12_10h02m46s,,Mus musculus,whole body,Wildtype,Positive,Orbitrap,DESI
2024-04-12_10h06m04s,,Mus musculus,whole body,Wildtype,Positive,Orbitrap,DESI
2024-04-12_11h48m00s,,Mus musculus,Tumor,Diseased,Positive,Orbitrap,DESI
2024-04-12_13h07m30s,,Mus musculus,Kidney,Wildtype,Positive,Orbitrap,DESI
2024-04-12_14h53m05s,Stroke timeline mouse brain sample - 2h #10 - 3,Mus musculus,Brain,Wildtype,Positive,Orbitrap,DEFFI
2024-04-16_11h03m00s,Mouse_liver_70456_Sl11S1_300uLDAN_265x352_A35_80_320_20um_neg,Mus musculus,Liver,Tumor,Negative,Orbitrap,AP-SMALDI
2024-04-17_15h30m27s,abde_group1_mrms-root mean square,Mus musculus,Testis,Wild type,Negative,FTICR,MALDI
2024-04-18_13h40m18s,Stroke timeline mouse brain sample - 24h #8 - 2,Mus musculus,Brain,Wildtype,Positive,Orbitrap,DEFFI
2024-04-24_02h15m25s,quan-liver-1,Mus musculus,Liver,,Positive,Orbitrap,DESI
2024-04-24_04h39m35s,quan-liver-2,Mus musculus,Liver,,Positive,Orbitrap,DESI
2024-04-24_09h28m58s,quan-liver-3-01,Mus musculus,Liver,,Positive,Orbitrap,DESI
2024-04-24_14h31m09s,QEHF_MouseBrain_DHAP_5um_80X80_A41-5_3-5kV_pos,Mus musculus,Brain,Wildtype,Positive,Orbitrap,AP-SMALDI
2024-04-25_00h35m51s,s-2301-008529_1_s1_lip_pos_20240217_bg,Homo sapiens,Kidney,Biopsy,Positive,12T FTICR,MALDI
2024-04-25_00h36m11s,s-2301-008529_2_s1_lip_pos_20240217_bg,Homo sapiens,Kidney,Biopsy,Positive,12T FTICR,MALDI
2024-04-25_00h36m33s,s-2301-008529_3_s1_lip_pos_20240217_bg,Homo sapiens,Kidney,Biopsy,Positive,12T FTICR,MALDI
2024-04-25_00h37m07s,s-2301-008529_4_s1_lip_pos_20240217_bg,Homo sapiens,Kidney,Biopsy,Positive,12T FTICR,MALDI
2024-04-25_00h37m39s,s-2303-014335_1_s1_lip_pos_20240217_bg,Homo sapiens,Kidney,Biopsy,Positive,12T FTICR,MALDI
2024-04-25_00h39m00s,s-2303-014335_3_s1_lip_pos_20240217_bg,Homo sapiens,Kidney,Biopsy,Positive,12T FTICR,MALDI
2024-04-25_00h39m40s,s-2303-014335_4_s1_lip_pos_20240217_bg,Homo sapiens,Kidney,Biopsy,Positive,12T FTICR,MALDI
2024-04-25_00h40m15s,s-2303-014335_5_s1_lip_pos_20240217_bg,Homo sapiens,Kidney,Biopsy,Positive,12T FTICR,MALDI
2024-04-25_00h41m02s,qc-077_1_s1_lip_pos_20240217_bg,Homo sapiens,Kidney,Healthy,Positive,12T FTICR,MALDI
2024-04-25_00h42m32s,qc-077_2_s1_lip_pos_20240217_bg,Homo sapiens,Kidney,Healthy,Positive,12T FTICR,MALDI
2024-04-25_00h43m17s,s-2301-008529_1_s2_lip_neg_20240217_bg,Homo sapiens,Kidney,Biopsy,Negative,12T FTICR,MALDI
2024-04-25_00h45m18s,s-2301-008529_2_s2_lip_neg_20240217_bg,Homo sapiens,Kidney,Biopsy,Negative,12T FTICR,MALDI
2024-04-25_00h45m33s,s-2301-008529_3_s2_lip_neg_20240217_bg,Homo sapiens,Kidney,Biopsy,Negative,12T FTICR,MALDI
2024-04-25_00h46m01s,s-2301-008529_4_s2_lip_neg_20240217_bg,Homo sapiens,Kidney,Biopsy,Negative,12T FTICR,MALDI
2024-04-25_00h46m13s,s-2303-014335_1_s2_lip_neg_20240217_bg,Homo sapiens,Kidney,Biopsy,Negative,12T FTICR,MALDI
2024-04-25_00h46m31s,s-2303-014335_2_s2_lip_neg_20240217_bg,Homo sapiens,Kidney,Biopsy,Negative,12T FTICR,MALDI
2024-04-25_00h48m53s,s-2303-014335_3_s2_lip_neg_20240217_bg,Homo sapiens,Kidney,Biopsy,Negative,12T FTICR,MALDI
2024-04-25_00h49m24s,s-2303-014335_4_s2_lip_neg_20240217_bg,Homo sapiens,Kidney,Biopsy,Negative,12T FTICR,MALDI
2024-04-25_00h49m57s,qc-077_1_s2_lip_neg_20240217_bg,Homo sapiens,Kidney,Healthy,Negative,12T FTICR,MALDI
2024-04-25_00h50m21s,qc-077_2_s2_lip_neg_20240217_bg,Homo sapiens,Kidney,Healthy,Negative,12T FTICR,MALDI
2024-04-25_00h51m26s,qc-077_1_s2_lip_neg_20240301_bg,Homo sapiens,Kidney,Healthy,Negative,12T FTICR,MALDI
2024-04-25_00h51m41s,qc-077_2_s2_lip_neg_20240301_bg,Homo sapiens,Kidney,Healthy,Negative,12T FTICR,MALDI
2024-04-25_00h52m15s,s-2305-006650_1_s2_lip_neg_20240301_bg,Homo sapiens,Kidney,Biopsy,Negative,12T FTICR,MALDI
2024-04-25_00h52m45s,s-2305-006650_3_s2_lip_neg_20240301_bg,Homo sapiens,Kidney,Biopsy,Negative,12T FTICR,MALDI
2024-04-25_00h53m16s,s-2305-006650_4_s2_lip_neg_20240301_bg,Homo sapiens,Kidney,Biopsy,Negative,12T FTICR,MALDI
2024-04-25_00h53m43s,s-2305-006650_5_s2_lip_neg_20240301_bg,Homo sapiens,Kidney,Biopsy,Negative,12T FTICR,MALDI
2024-04-25_00h54m03s,s-2305-006650_6_s2_lip_neg_20240301_bg,Homo sapiens,Kidney,Biopsy,Negative,12T FTICR,MALDI
2024-04-25_00h54m19s,s-2308-002373_1_s2_lip_neg_20240301_bg,Homo sapiens,Kidney,Biopsy,Negative,12T FTICR,MALDI
2024-04-25_00h54m36s,s-2308-002373_3_s2_lip_neg_20240301_bg,Homo sapiens,Kidney,Biopsy,Negative,12T FTICR,MALDI
2024-04-25_00h55m09s,s-2308-002373_4_s2_lip_neg_20240301_bg,Homo sapiens,Kidney,Biopsy,Negative,12T FTICR,MALDI
2024-04-25_00h55m22s,s-2308-002373_5_s2_lip_neg_20240301_bg,Homo sapiens,Kidney,Biopsy,Negative,12T FTICR,MALDI
2024-04-25_00h55m32s,s-2308-002373_6_s2_lip_neg_20240301_bg,Homo sapiens,Kidney,Biopsy,Negative,12T FTICR,MALDI
2024-04-25_00h56m23s,s-2305-006650_4_s1_lip_pos_20240301_bg,Homo sapiens,Kidney,Biopsy,Positive,12T FTICR,MALDI
2024-04-25_01h01m59s,s-2305-006650_5_s1_lip_pos_20240301_bg,Homo sapiens,Kidney,Biopsy,Positive,12T FTICR,MALDI
2024-04-25_01h02m39s,s-2305-006650_6_s1_lip_pos_20240301_bg,Homo sapiens,Kidney,Biopsy,Positive,12T FTICR,MALDI
2024-04-25_01h03m03s,s-2308-002373_1_s1_lip_pos_20240301_bg,Homo sapiens,Kidney,Biopsy,Positive,12T FTICR,MALDI
2024-04-25_01h03m19s,s-2308-002373_3_s1_lip_pos_20240301_bg,Homo sapiens,Kidney,Biopsy,Positive,12T FTICR,MALDI
2024-04-25_01h04m51s,s-2308-002373_4_s1_lip_pos_20240301_bg,Homo sapiens,Kidney,Biopsy,Positive,12T FTICR,MALDI
2024-04-25_01h05m18s,s-2308-002373_5_s1_lip_pos_20240301_bg,Homo sapiens,Kidney,Biopsy,Positive,12T FTICR,MALDI
2024-04-25_01h05m55s,s-2308-002373_6_s1_lip_pos_20240301_bg,Homo sapiens,Kidney,Biopsy,Positive,12T FTICR,MALDI
2024-04-25_01h06m17s,qc-077_1_s1_lip_pos_20240301_bg,Homo sapiens,Kidney,Healthy,Positive,12T FTICR,MALDI
2024-04-25_01h06m41s,qc-077_2_s1_lip_pos_20240301_bg,Homo sapiens,Kidney,Healthy,Positive,12T FTICR,MALDI
2024-04-25_01h07m07s,qc-077_1_s1_lip_pos_20240322_bg,Homo sapiens,Kidney,Healthy,Positive,12T FTICR,MALDI
2024-04-25_01h08m17s,qc-077_2_s1_lip_pos_20240322_bg,Homo sapiens,Kidney,Healthy,Positive,12T FTICR,MALDI
2024-04-25_01h09m25s,s-1905-017790_1_s1_lip_pos_20240322_bg,Homo sapiens,Kidney,Biopsy,Positive,12T FTICR,MALDI
2024-04-25_01h09m56s,s-1905-017790_2_s1_lip_pos_20240322_bg,Homo sapiens,Kidney,Biopsy,Positive,12T FTICR,MALDI
2024-04-25_01h10m15s,s-1905-017790_3_s1_lip_pos_20240322_bg,Homo sapiens,Kidney,Biopsy,Positive,12T FTICR,MALDI
2024-04-25_01h10m33s,s-1905-017790_4_s1_lip_pos_20240322_bg,Homo sapiens,Kidney,Biopsy,Positive,12T FTICR,MALDI
2024-04-25_01h10m59s,s-2006-002050_1_s1_lip_pos_20240322_bg,Homo sapiens,Kidney,Biopsy,Positive,12T FTICR,MALDI
2024-04-25_01h11m25s,s-2006-002050_2_s1_lip_pos_20240322_bg,Homo sapiens,Kidney,Biopsy,Positive,12T FTICR,MALDI
2024-04-25_01h11m55s,s-2006-002050_3_s1_lip_pos_20240322_bg,Homo sapiens,Kidney,Biopsy,Positive,12T FTICR,MALDI
2024-04-25_01h13m53s,s-2006-002050_4_s1_lip_pos_20240322_bg,Homo sapiens,Kidney,Biopsy,Positive,12T FTICR,MALDI
2024-04-25_01h14m47s,s-2206-007956_2_s1_lip_pos_20240322_bg,Homo sapiens,Kidney,Biopsy,Positive,12T FTICR,MALDI
2024-04-25_01h15m29s,s-2206-007956_4_s1_lip_pos_20240322_bg,Homo sapiens,Kidney,Biopsy,Positive,12T FTICR,MALDI
2024-04-25_01h15m52s,s-2206-007956_5_s1_lip_pos_20240322_bg,Homo sapiens,Kidney,Biopsy,Positive,12T FTICR,MALDI
2024-04-25_01h19m02s,s-2206-007956_6_s1_lip_pos_20240322_bg,Homo sapiens,Kidney,Biopsy,Positive,12T FTICR,MALDI
2024-04-25_01h19m34s,s-1905-017790_1_s2_lip_neg_20240322_bg,Homo sapiens,Kidney,Biopsy,Negative,12T FTICR,MALDI
2024-04-25_01h20m03s,s-1905-017790_2_s2_lip_neg_20240322_bg,Homo sapiens,Kidney,Biopsy,Negative,12T FTICR,MALDI
2024-04-25_01h34m16s,s-1905-017790_3_s2_lip_neg_20240322_bg,Homo sapiens,Kidney,Biopsy,Negative,12T FTICR,MALDI
2024-04-25_01h34m32s,s-1905-017790_4_s2_lip_neg_20240322_bg,Homo sapiens,Kidney,Biopsy,Negative,12T FTICR,MALDI
2024-04-25_01h35m02s,s-2006-002050_1_s2_lip_neg_20240322_bg,Homo sapiens,Kidney,Biopsy,Negative,12T FTICR,MALDI
2024-04-25_01h35m41s,s-2006-002050_2_s2_lip_neg_20240322_bg,Homo sapiens,Kidney,Biopsy,Negative,12T FTICR,MALDI
2024-04-25_01h36m24s,s-2006-002050_3_s2_lip_neg_20240322_bg,Homo sapiens,Kidney,Biopsy,Negative,12T FTICR,MALDI
2024-04-25_01h37m08s,s-2006-002050_4_s2_lip_neg_20240322_bg,Homo sapiens,Kidney,Biopsy,Negative,12T FTICR,MALDI
2024-04-25_01h38m16s,s-2206-007956_1_s2_lip_neg_20240322_bg,Homo sapiens,Kidney,Biopsy,Negative,12T FTICR,MALDI
2024-04-25_01h39m15s,s-2206-007956_4_s2_lip_neg_20240322_bg,Homo sapiens,Kidney,Biopsy,Negative,12T FTICR,MALDI
2024-04-25_01h39m44s,s-2206-007956_5_s2_lip_neg_20240322_bg,Homo sapiens,Kidney,Biopsy,Negative,12T FTICR,MALDI
2024-04-25_01h40m07s,s-2206-007956_6_s2_lip_neg_20240322_bg,Homo sapiens,Kidney,Biopsy,Negative,12T FTICR,MALDI
2024-04-25_01h40m41s,qc-077_1_s2_lip_neg_20240322_bg,Homo sapiens,Kidney,Healthy,Negative,12T FTICR,MALDI
2024-04-25_01h40m47s,qc-077_2_s2_lip_neg_20240322_bg,Homo sapiens,Kidney,Healthy,Negative,12T FTICR,MALDI
2024-04-25_07h49m19s,00082_lgruber_abde_testicles_neg_dhap_10um-rms,Mus musculus,Testis,Diseased,Negative,timsTOF Flex,MALDI
2024-04-25_08h47m13s,00082_lgruber_abde_testicles_dan_20um_rms,Mus musculus,Testis,Diseased,Negative,timsTOF Flex,MALDI
2024-04-29_11h38m48s,Stroke timeline mouse brain sample - 6h #15 - 2,Mus musculus,Brain,Wildtype,Positive,Orbitrap,DEFFI
2024-04-29_22h23m10s,s-2010-004330_2_s1_lip_pos_20231214_bg,Homo sapiens,Kidney,Biopsy,Positive,12T FTICR,MALDI
2024-04-29_22h23m34s,s-2010-004330_3_s1_lip_pos_20231214_bg,Homo sapiens,Kidney,Biopsy,Positive,12T FTICR,MALDI
2024-04-29_22h24m24s,s-2010-004330_4_s1_lip_pos_20231214_bg,Homo sapiens,Kidney,Biopsy,Positive,12T FTICR,MALDI
2024-04-29_22h26m36s,s-2010-004330_5_s1_lip_pos_20231214_bg,Homo sapiens,Kidney,Biopsy,Positive,12T FTICR,MALDI
2024-04-29_22h26m52s,s-2109-019250_1_s1_lip_pos_20231214_bg,Homo sapiens,Kidney,Biopsy,Positive,12T FTICR,MALDI
2024-04-29_22h27m12s,s-2109-019250_3_s1_lip_pos_20231214_bg,Homo sapiens,Kidney,Biopsy,Positive,12T FTICR,MALDI
2024-04-29_22h27m33s,s-2109-019250_4_s1_lip_pos_20231214_bg,Homo sapiens,Kidney,Biopsy,Positive,12T FTICR,MALDI
2024-04-29_22h28m12s,s-2109-019250_5_s1_lip_pos_20231214_bg,Homo sapiens,Kidney,Biopsy,Positive,12T FTICR,MALDI
2024-04-29_22h29m04s,qc-077b_2_s1_lip_pos_20231214_bg,Homo sapiens,Kidney,Biopsy,Positive,12T FTICR,MALDI
2024-04-29_22h29m21s,qc-077b_1_s1_lip_pos_20231214_bg,Homo sapiens,Kidney,Biopsy,Positive,12T FTICR,MALDI
2024-04-29_22h29m35s,qc-077_2_s1_lip_pos_20231214_bg,Homo sapiens,Kidney,Biopsy,Positive,12T FTICR,MALDI
2024-04-29_22h29m52s,qc-077_1_s1_lip_pos_20231214_bg,Homo sapiens,Kidney,Biopsy,Positive,12T FTICR,MALDI
2024-04-29_22h30m37s,s-2010-004330_2_s2_lip_neg_20231214_bg,Homo sapiens,Kidney,Biopsy,Negative,12T FTICR,MALDI
2024-04-29_22h32m19s,s-2010-004330_3_s2_lip_neg_20231214_bg,Homo sapiens,Kidney,Biopsy,Negative,12T FTICR,MALDI
2024-04-29_22h32m58s,s-2010-004330_4_s2_lip_neg_20231214_bg,Homo sapiens,Kidney,Biopsy,Negative,12T FTICR,MALDI
2024-04-29_22h33m20s,s-2010-004330_5_s2_lip_neg_20231214_bg,Homo sapiens,Kidney,Biopsy,Negative,12T FTICR,MALDI
2024-04-29_22h34m10s,s-2109-019250_2_s2_lip_neg_20231214_bg,Homo sapiens,Kidney,Biopsy,Negative,12T FTICR,MALDI
2024-04-29_22h39m17s,s-2109-019250_3_s2_lip_neg_20231214_bg,Homo sapiens,Kidney,Biopsy,Negative,12T FTICR,MALDI
2024-04-29_22h40m50s,s-2109-019250_4_s2_lip_neg_20231214_bg,Homo sapiens,Kidney,Biopsy,Negative,12T FTICR,MALDI
2024-04-29_22h41m14s,s-2109-019250_5_s2_lip_neg_20231214_bg,Homo sapiens,Kidney,Biopsy,Negative,12T FTICR,MALDI
2024-04-29_22h42m13s,qc-077_1_s2_lip_neg_20231214_bg,Homo sapiens,Kidney,Healthy,Negative,12T FTICR,MALDI
2024-04-29_22h42m28s,qc-077_2_s2_lip_neg_20231214_bg,Homo sapiens,Kidney,Healthy,Negative,12T FTICR,MALDI
2024-04-29_22h43m26s,s-2006-005005_2_s1_lip_pos_20240119_bg,Homo sapiens,Kidney,Biopsy,Positive,12T FTICR,MALDI
2024-04-29_22h46m33s,s-2006-005005_3_s1_lip_pos_20240119_bg,Homo sapiens,Kidney,Biopsy,Positive,12T FTICR,MALDI
2024-04-29_22h47m13s,s-2006-005005_4_s1_lip_pos_20240119_bg,Homo sapiens,Kidney,Biopsy,Positive,12T FTICR,MALDI
2024-04-29_22h48m23s,s-2006-005005_5_s1_lip_pos_20240119_bg,Homo sapiens,Kidney,Biopsy,Positive,12T FTICR,MALDI
2024-04-29_22h50m59s,s-2010-012860_2_s1_lip_pos_20240119_bg,Homo sapiens,Kidney,Biopsy,Positive,12T FTICR,MALDI
2024-04-29_22h51m32s,s-2010-012860_3_s1_lip_pos_20240119_bg,Homo sapiens,Kidney,Biopsy,Positive,12T FTICR,MALDI
2024-04-29_22h51m54s,s-2010-012860_4_s1_lip_pos_20240119_bg,Homo sapiens,Kidney,Biopsy,Positive,12T FTICR,MALDI
2024-04-29_22h52m48s,s-2010-012860_5_s1_lip_pos_20240119_bg,Homo sapiens,Kidney,Biopsy,Positive,12T FTICR,MALDI
2024-04-29_22h55m03s,qc-077_1_s1_lip_pos_20240119_bg,Homo sapiens,Kidney,Healthy,Positive,12T FTICR,MALDI
2024-04-29_22h55m50s,qc-077_2_s1_lip_pos_20240119_bg,Homo sapiens,Kidney,Healthy,Positive,12T FTICR,MALDI
2024-04-30_09h42m06s,"9-AA, HCl",Mus musculus,Testis,,Negative,timsTOF Flex,MALDI
2024-04-30_10h38m37s,abde_group1_timstof-is-norm,Mus musculus,Testis,Wild type,Negative,timsTOF Flex,MALDI
2024-05-01_17h50m07s,,Mus musculus,Brain,Wildtype,Negative,Select Series MRT,MALDI
2024-05-02_17h21m34s,,Mus musculus,Brain,Wildtype,Negative,Select Series MRT,MALDI
2024-05-02_17h41m41s,Liver_30x30_10ppb,Mus musculus,Liver,Wildtype,Positive,Orbitrap,IR-MALDESI
2024-05-02_20h55m36s,20240429_dv_spleen_ito-1_pos_met,Homo sapiens,spleen,unknown,Positive,FTICR,MALDI
2024-05-02_20h59m37s,20240430_dv_spleen_ito-2_neg_lip,Homo sapiens,spleen,unknown,Negative,FTICR,MALDI
2024-05-02_22h28m15s,20240430_dv_spleen_ito-2_neg_met,Homo sapiens,spleen,unknown,Negative,FTICR,MALDI
2024-05-07_16h05m23s,QEHF_CC112_DHAP_pos_25um_103X22_A41-5_3-5kV,Mixed,Gut,Wildtype,Positive,Orbitrap,AP-SMALDI
2024-05-11_05h15m25s,MALDI-2 astrocytes_centroid,Homo sapiens,Fibroblasts,fixed,Negative,Orbitrap,MALDI
2024-05-20_20h32m20s,Ref-S-2210-005019_1_S3_SM_Neg_20240517_IT,Homo sapiens,Kidney,,Negative,Orbitrap,MALDI
2024-05-20_20h33m35s,Ref-S-2210-005019_2_S3_SM_Neg_20240517_IT,Homo sapiens,Kidney,,Negative,Orbitrap,MALDI
2024-05-20_20h36m32s,S-2304-003142_3_S3_SM_Neg_20240517_IT,Homo sapiens,Kidney,,Negative,Orbitrap,MALDI
2024-05-20_20h41m13s,S-2304-003142_6_S3_SM_Neg_20240517_IT,Homo sapiens,Kidney,,Negative,Orbitrap,MALDI
2024-05-20_20h42m15s,S-2304-003142_9_S3_SM_Neg_20240517_IT,Homo sapiens,Kidney,,Negative,Orbitrap,MALDI
2024-05-20_20h43m57s,S-2304-003142_12_S3_SM_Neg_20240517_IT,Homo sapiens,Kidney,,Negative,Orbitrap,MALDI
2024-05-20_20h45m00s,S-2306-012930_3_S3_SM_Neg_20240517_IT,Homo sapiens,Kidney,,Negative,Orbitrap,MALDI
2024-05-20_20h47m22s,S-2306-012930_6_S3_SM_Neg_20240517_IT,Homo sapiens,Kidney,,Negative,Orbitrap,MALDI
2024-05-20_20h48m12s,S-2306-012930_9_S3_SM_Neg_20240517_IT,Homo sapiens,Kidney,,Negative,Orbitrap,MALDI
2024-05-20_20h52m07s,S-2306-012930_12_S3_SM_Neg_20240517_IT,Homo sapiens,Kidney,,Negative,Orbitrap,MALDI
2024-05-20_20h53m05s,S-2401-002293_3_S3_SM_Neg_20240517_IT,Homo sapiens,Kidney,,Negative,Orbitrap,MALDI
2024-05-20_20h55m15s,S-2401-002293_6_S3_SM_Neg_20240517_IT,Homo sapiens,Kidney,,Negative,Orbitrap,MALDI
2024-05-20_20h59m54s,S-2401-002293_9_S3_SM_Neg_20240517_IT,Homo sapiens,Kidney,,Negative,Orbitrap,MALDI
2024-05-20_21h16m28s,S-2401-002293_12_S3_SM_Neg_20240517_IT,Homo sapiens,Kidney,,Negative,Orbitrap,MALDI
2024-05-21_09h58m18s,abde_testis_complete_pos_rms,Mus musculus,Testis,Wildtype,Positive,timsTOF Flex,MALDI
2024-05-22_12h09m54s,abde_testis_complete_neg_roi_rms,Mus musculus,Testis,Wildtype,Negative,timsTOF Flex,MALDI
2024-05-23_14h22m54s,K3 vs K6 pos. - jano,Mus musculus,Kidney,Wildtype,Positive,Orbitrap,DEFFI
2024-05-23_14h25m01s,K3 vs K6 neg -Jano ,Mus musculus,Kidney,Wildtype,Negative,Orbitrap,DEFFI
2024-05-23_19h17m47s,17-635-007_3_S3_SM_Neg_20240401_IT,Homo sapiens,Kidney,,Negative,Orbitrap,MALDI
2024-05-23_19h30m00s,17-635-008_3_S3_SM_Neg_20240401_IT,Homo sapiens,Kidney,,Negative,Orbitrap,MALDI
2024-05-26_11h11m17s,PZQ-1-neg,Mus musculus,Liver,Diseased,Negative,Orbitrap,DESI
2024-05-26_11h12m08s,PZQ-2-neg,Mus musculus,Liver,Diseased,Negative,Orbitrap,DESI
2024-05-26_11h12m55s,PZQ-3-neg,Mus musculus,Liver,Diseased,Negative,Orbitrap,DESI
2024-05-26_23h00m23s,Mouse Spinal Cord,Mus musculus,lumbar spinal cord,fixed,Negative,Orbitrap,MALDI
2024-05-29_14h58m42s,group3_timstof_backup_rms,Mus musculus,Testis,Wildtype,Negative,timsTOF Flex,MALDI
2024-05-29_16h02m17s,FFGI 30um 3,Mus musculus,Liver,,Negative,Orbitrap,IR-MALDESI
2024-05-29_16h13m15s,FFGI 7um,Mus musculus,Liver,,Negative,Orbitrap,IR-MALDESI
2024-05-29_16h34m28s,FFGI 10um 2,Mus musculus,Liver,,Negative,Orbitrap,IR-MALDESI
2024-05-31_22h09m08s,Mimetic_1_S3_SM_Neg_20240529_IT,Homo sapiens,Kidney,,Negative,Orbitrap,MALDI
2024-05-31_22h10m03s,Mimetic_2_S3_SM_Neg_20240529_IT,Homo sapiens,Kidney,,Negative,Orbitrap,MALDI
2024-05-31_22h12m50s,Ref-S-2210-005019_1_S3_SM_Neg_20240529_IT,Homo sapiens,Kidney,,Negative,Orbitrap,MALDI
2024-05-31_22h16m12s,Ref-S-2210-005019_2_S3_SM_Neg_20240529_IT,Homo sapiens,Kidney,,Negative,Orbitrap,MALDI
2024-05-31_22h18m55s,S-2206-007909_3_S3_SM_Neg_20240529_IT,Homo sapiens,Kidney,,Negative,Orbitrap,MALDI
2024-05-31_22h19m54s,S-2206-007909_6_S3_SM_Neg_20240529_IT,Homo sapiens,Kidney,,Negative,Orbitrap,MALDI
2024-05-31_22h23m22s,S-2206-007909_12_S3_SM_Neg_20240529_IT,Homo sapiens,Kidney,,Negative,Orbitrap,MALDI
2024-05-31_22h27m37s,S-2305-001347_3_S3_SM_Neg_20240529_IT,Homo sapiens,Kidney,,Negative,Orbitrap,MALDI
2024-05-31_22h27m41s,S-2206-007909_9_S3_SM_Neg_20240529_IT,Homo sapiens,Kidney,,Negative,Orbitrap,MALDI
2024-05-31_22h29m10s,S-2305-001347_6_S3_SM_Neg_20240529_IT,Homo sapiens,Kidney,,Negative,Orbitrap,MALDI
2024-05-31_22h39m50s,S-2305-001347_12_S3_SM_Neg_20240529_IT,Homo sapiens,Kidney,,Negative,Orbitrap,MALDI
2024-05-31_22h40m24s,S-2305-001347_9_S3_SM_Neg_20240529_IT,Homo sapiens,Kidney,,Negative,Orbitrap,MALDI
2024-05-31_22h40m44s,S-2305-004634_3_S3_SM_Neg_20240529_IT,Homo sapiens,Kidney,,Negative,Orbitrap,MALDI
2024-05-31_22h41m08s,S-2305-004634_9_S3_SM_Neg_20240529_IT,Homo sapiens,Kidney,,Negative,Orbitrap,MALDI
2024-05-31_22h41m24s,S-2305-004634_6_S3_SM_Neg_20240529_IT,Homo sapiens,Kidney,,Negative,Orbitrap,MALDI
2024-05-31_22h42m36s,S-2305-004634_12_S3_SM_Neg_20240529_IT,Homo sapiens,Kidney,,Negative,Orbitrap,MALDI
2024-06-05_13h28m26s,,Mus musculus,Brain,unknown,Negative,timsTOF Flex,MALDI
2024-06-06_18h32m13s,S-2302-010741_3_S3_SM_Neg_20240604_IT,Homo sapiens,Kidney,,Negative,Orbitrap,MALDI
2024-06-06_18h45m39s,S-2302-010741_9_S3_SM_Neg_20240604_IT,Homo sapiens,Kidney,,Negative,Orbitrap,MALDI
2024-06-06_18h57m58s,S-2302-010741_12_S3_SM_Neg_20240604_IT,Homo sapiens,Kidney,,Negative,Orbitrap,MALDI
2024-06-06_19h01m37s,S-2305-004540_3_S3_SM_Neg_20240604_IT,Homo sapiens,Kidney,,Negative,Orbitrap,MALDI
2024-06-06_19h03m38s,S-2305-004540_6_S3_SM_Neg_20240604_IT,Homo sapiens,Kidney,,Negative,Orbitrap,MALDI
2024-06-06_19h08m24s,S-2305-004540_9_S3_SM_Neg_20240604_IT,Homo sapiens,Kidney,,Negative,Orbitrap,MALDI
2024-06-06_19h16m21s,S-2305-004540_12_S3_SM_Neg_20240604_IT,Homo sapiens,Kidney,,Negative,Orbitrap,MALDI
2024-06-06_19h22m09s,S-2307-011791_3_S3_SM_Neg_20240604_IT,Homo sapiens,Kidney,,Negative,Orbitrap,MALDI
2024-06-06_19h26m13s,S-2307-011791_9_S3_SM_Neg_20240604_IT,Homo sapiens,Kidney,,Negative,Orbitrap,MALDI
2024-06-07_15h15m46s,,Mixed,Brain,Cancer,Negative,timsTOF Flex,MALDI
2024-06-12_15h27m25s,NEDC_imaging_kidney_K6_replicate1,Mus musculus,Kidney,Wild type,Negative,Orbitrap,MALDI
2024-06-12_15h32m57s,NEDC_imaging_kidney_K8_replicate2,Mus musculus,Kidney,Wild type,Negative,Orbitrap,MALDI
2024-06-12_15h41m27s,NEDC_imaging_brain_coronal_BC6_replicate2,Mus musculus,Brain,Wild type,Negative,Orbitrap,MALDI
2024-06-12_15h42m30s,NEDC_imaging_brain_saggital_BS9_replicate2,Mus musculus,Brain,Wild type,Negative,Orbitrap,MALDI
2024-06-12_15h42m44s,NEDC_imaging_liver_L1_replicate1,Mus musculus,Liver,Wild type,Negative,Orbitrap,MALDI
2024-06-12_15h48m52s,NEEDC_imaging_brain_saggital_BS6_replicate3,Mus musculus,Brain,Wild type,Negative,Orbitrap,MALDI
2024-06-12_15h50m34s,NEDC_imaging_brain_saggital_BS10_replicate1,Mus musculus,Brain,Wild type,Negative,Orbitrap,MALDI
2024-06-12_22h43m11s,Ref-S-2210-005019_1_S3_SM_Neg_20240607_IT,Homo sapiens,Kidney,,Negative,Orbitrap,MALDI
2024-06-12_22h47m29s,Ref-S-2210-005019_2_S3_SM_Neg_20240607_IT,Homo sapiens,Kidney,,Negative,Orbitrap,MALDI
2024-06-12_22h49m10s,S-2307-011838_3_S3_SM_Neg_20240607_IT,Homo sapiens,Kidney,,Negative,Orbitrap,MALDI
2024-06-12_22h51m11s,S-2307-011838_6_S3_SM_Neg_20240607_IT,Homo sapiens,Kidney,,Negative,Orbitrap,MALDI
2024-06-12_22h54m44s,S-2307-011838_9_S3_SM_Neg_20240607_IT,Homo sapiens,Kidney,,Negative,Orbitrap,MALDI
2024-06-12_22h56m10s,S-2307-011838_12_S3_SM_Neg_20240607_IT,Homo sapiens,Kidney,,Negative,Orbitrap,MALDI
2024-06-12_23h16m29s,S-2307-011885_3_S3_SM_Neg_20240607_IT,Homo sapiens,Kidney,,Negative,Orbitrap,MALDI
2024-06-12_23h26m40s,S-2307-011885_6_S3_SM_Neg_20240607_IT,Homo sapiens,Kidney,,Negative,Orbitrap,MALDI
2024-06-12_23h33m36s,S-2307-011885_9_S3_SM_Neg_20240607_IT,Homo sapiens,Kidney,,Negative,Orbitrap,MALDI
2024-06-12_23h37m23s,S-2308-017237_3_S3_SM_Neg_20240607_IT,Homo sapiens,Kidney,,Negative,Orbitrap,MALDI
2024-06-12_23h37m26s,S-2308-017237_6_S3_SM_Neg_20240607_IT,Homo sapiens,Kidney,,Negative,Orbitrap,MALDI
2024-06-12_23h37m28s,S-2308-017237_9_S3_SM_Neg_20240607_IT,Homo sapiens,Kidney,,Negative,Orbitrap,MALDI
2024-06-12_23h37m30s,S-2308-017237_12_S3_SM_Neg_20240607_IT,Homo sapiens,Kidney,,Negative,Orbitrap,MALDI
2024-06-12_23h39m09s,S-2307-011885_12_S3_SM_Neg_20240607_IT,Homo sapiens,Kidney,,Negative,Orbitrap,MALDI
2024-06-13_09h35m48s,MPIMM_404_QE_P,Mus musculus,Gut,Wildtype,Negative,Orbitrap,AP-SMALDI
2024-06-19_19h36m52s,a3_met,Homo sapiens,Breast,Tumor,Negative,timsTOF Flex,MALDI
2024-06-25_08h14m48s,CTRL_neg,Mus musculus,tumor,Diseased,Negative,Orbitrap,DESI
2024-06-25_08h17m12s,FeMoO4_neg,Mus musculus,tumor,Diseased,Negative,Orbitrap,DESI
2024-07-02_13h47m39s,00098_lgruber_spinal-cord_66547_full-rms,Mus musculus,Testis,Wildtype,Negative,timsTOF Flex,MALDI
2024-07-09_11h56m00s,231221_SK_LABELEDKIDNEY_hexane_NH4OHwash_REP2_NEDC_MALDI_40um,Mus musculus,Liver,Wildtype,Negative,Orbitrap,MALDI
2024-07-09_13h50m50s,231201_SK_unlabeledkidney_unwash_NEDC_MALDI_40um,Mus musculus,Kidney,Wildtype,Negative,Orbitrap,MALDI
2024-07-09_15h39m03s,231221_SK_UNLABELEDKIDENY_hexane_NH4OHwash_NEDC_MALDI_40um,Mus musculus,Kidney,Wildtype,Negative,Orbitrap,MALDI
2024-07-09_21h11m29s,20240708_MouseBrain_LipidAtlas_Pregnant_Brain1_A1_395x280_25um_Att30,Mus musculus,Brain,,Positive,Orbitrap,MALDI
2024-07-11_15h38m33s,20240709_MouseBrain_LipidAtlas_Pregnant_Brain1_B1_458x337_25um_Att30,Mus musculus,Brain,,Positive,Orbitrap,MALDI
2024-07-11_21h28m27s,20240710_MouseBrain_LipidAtlas_Pregnant_Brain2_A1_380x297_25um_Att30,Mus musculus,Brain,,Positive,Orbitrap,MALDI
2024-07-12_04h03m29s,logc8t 1_tic mmi chip 2402,Mixed,Gastrocnemius,Tumor,Negative,TOF reflector,MALDI
2024-07-12_07h18m29s,logc10t 1_tic mmi chip 2402,Mixed,Gastrocnemius,Tumor,Negative,TOF reflector,MALDI
2024-07-12_21h26m04s,Section2_placenta_lipids_pos,Homo sapiens,Placenta,,Positive,Orbitrap,MALDI
2024-07-12_21h29m37s,Section1_placenta_lipids_pos,Homo sapiens,Placenta,,Positive,Orbitrap,MALDI
2024-07-13_18h38m14s,20240711_MouseBrain_LipidAtlas_Pregnant_Brain1_F1_424x338_25um_Att30,Mus musculus,Brain,,Positive,Orbitrap,MALDI
2024-07-14_14h24m11s,20240712_MouseBrain_LipidAtlas_Pregnant_Brain1_C2_459x352_25um_Att30,Mus musculus,Brain,,Positive,Orbitrap,MALDI
2024-07-15_10h22m30s,logc6t_no norm,Mixed,Gastrocnemius,Tumor,Negative,TOF reflector,MALDI
2024-07-16_16h14m25s,20240714_MouseBrain_LipidAtlas_Pregnant_Brain1_D1_477x346_25um_Att30,Mus musculus,Brain,,Positive,Orbitrap,MALDI
2024-07-17_11h50m12s,20240715_MouseBrain_LipidAtlas_Pregnant_Brain1_E1_454x310_25um_Att30,Mus musculus,Brain,,Positive,Orbitrap,MALDI
2024-07-18_14h21m18s,20240716_MouseBrain_LipidAtlas_Pregnant_Brain2_C1_445x318_25um_Att30,Mus musculus,Brain,,Positive,Orbitrap,MALDI
2024-07-18_19h17m30s,Pan-tail_DHA,Homo sapiens,Pancreas,,Positive,Orbitrap,MALDI
2024-07-19_13h37m23s,20240717_MouseBrain_LipidAtlas_Pregnant_Brain2_D1_452x333_25um_Att30,Mus musculus,Brain,,Positive,Orbitrap,MALDI
2024-07-20_13h16m22s,20240719_MouseBrain_LipidAtlas_Pregnant_Brain2_F1_383x288_25um_Att30,Mus musculus,Brain,,Positive,Orbitrap,MALDI
2024-07-21_16h36m13s,20240720_MouseBrain_LipidAtlas_Pregnant_Brain2_E1_436x299_25um_Att30,Mus musculus,Brain,,Positive,Orbitrap,MALDI
2024-07-21_22h31m56s,Pan-tail_DHA-Au,Homo sapiens,Pancreas,,Positive,Orbitrap,MALDI
2024-07-22_17h00m38s,20240721_MouseBrain_LipidAtlas_Pregnant_Brain2_B1_434x310_25um_Att30,Mus musculus,Brain,,Positive,Orbitrap,MALDI
2024-07-23_09h31m37s,MPIMM_433_QE_P,Mus musculus,duodenum,A5 SPF,Negative,Orbitrap,AP-SMALDI
2024-07-23_14h41m04s,20240722_MouseBrain_LipidAtlas_Pregnant_Brain4_A1_383x301_25um_Att30,Mus musculus,Brain,,Positive,Orbitrap,MALDI
2024-07-25_01h59m23s,Pan-tail_DHA_reup,Homo sapiens,Pancreas,,Positive,Orbitrap,MALDI
2024-07-25_15h11m15s,20240723_MouseBrain_LipidAtlas_Pregnant_Brain4_B1_432x321_25um_Att30,Mus musculus,Brain,,Positive,Orbitrap,MALDI
2024-07-26_14h26m46s,20240724_MouseBrain_LipidAtlas_Pregnant_Brain4_C1_467x353_25um_Att30,Mus musculus,Brain,,Positive,Orbitrap,MALDI
2024-07-26_16h33m42s,20240725_MouseBrain_LipidAtlas_Pregnant_Brain4_F1_336x273_25um_Att30,Mus musculus,Brain,,Positive,Orbitrap,MALDI
2024-07-29_12h25m06s,20240727_MouseBrain_LipidAtlas_Pregnant_Brain4_D1_452x307_25um_Att30,Mus musculus,Brain,,Positive,Orbitrap,MALDI
2024-07-29_16h56m20s,20240726_MouseBrain_LipidAtlas_Pregnant_Brain4_E1_436x307_25um_Att30,Mus musculus,Brain,,Positive,Orbitrap,MALDI
2024-07-29_21h50m25s,231_ctl_6hr_n2_met_2-total ion count,Homo sapiens,Cell Line,Radiated,Negative,timsTOF Flex,MALDI
2024-07-29_21h52m31s,231_ctl_6hr_n2_met_3-total ion count,Homo sapiens,Cell Line,Radiated,Negative,timsTOF Flex,MALDI
2024-07-29_21h52m53s,231_ctl_6hr_n2_met_4-total ion count,Homo sapiens,Cell Line,Radiated,Negative,timsTOF Flex,MALDI
2024-07-29_21h54m02s,231_ctl_6hr_n2_met_7-total ion count,Homo sapiens,Cell Line,Radiated,Negative,timsTOF Flex,MALDI
2024-07-29_21h54m19s,231_ctl_6hr_n2_met_8-total ion count,Homo sapiens,Cell Line,Radiated,Negative,timsTOF Flex,MALDI
2024-07-29_21h54m48s,231_ctl_6hr_n2_met_10-total ion count,Homo sapiens,Cell Line,Radiated,Negative,timsTOF Flex,MALDI
2024-07-29_21h55m17s,231_ctl_24hr_n2_met_1-total ion count,Homo sapiens,Cell Line,Radiated,Negative,timsTOF Flex,MALDI
2024-07-29_21h55m34s,231_ctl_24hr_n2_met_2-total ion count,Homo sapiens,Cell Line,Radiated,Negative,timsTOF Flex,MALDI
2024-07-29_21h57m38s,231_ctl_24hr_n2_met_4-total ion count,Homo sapiens,Cell Line,Radiated,Negative,timsTOF Flex,MALDI
2024-07-29_21h57m49s,231_ctl_24hr_n2_met_5-total ion count,Homo sapiens,Cell Line,Radiated,Negative,timsTOF Flex,MALDI
2024-07-29_22h03m06s,231_rx_6hr_n2_met_1-total ion count,Homo sapiens,Cell Line,Radiated,Negative,timsTOF Flex,MALDI
2024-07-29_22h03m25s,231_rx_6hr_n2_met_2-total ion count,Homo sapiens,Cell Line,Radiated,Negative,timsTOF Flex,MALDI
2024-07-29_22h03m42s,231_rx_6hr_n2_met_3-total ion count,Homo sapiens,Cell Line,Radiated,Negative,timsTOF Flex,MALDI
2024-07-29_22h03m58s,231_rx_6hr_n2_met_4-total ion count,Homo sapiens,Cell Line,Radiated,Negative,timsTOF Flex,MALDI
2024-07-29_22h04m10s,231_rx_6hr_n2_met_5-total ion count,Homo sapiens,Cell Line,Radiated,Negative,timsTOF Flex,MALDI
2024-07-29_22h04m26s,231_rx_24hr_n2_met_1-total ion count,Homo sapiens,Cell Line,Radiated,Negative,timsTOF Flex,MALDI
2024-07-29_22h04m59s,231_rx_24hr_n2_met_3-total ion count,Homo sapiens,Cell Line,Radiated,Negative,timsTOF Flex,MALDI
2024-07-29_22h05m15s,231_rx_24hr_n2_met_5-total ion count,Homo sapiens,Cell Line,Radiated,Negative,timsTOF Flex,MALDI
2024-07-29_22h05m27s,231_rx_24hr_n2_met_6-total ion count,Homo sapiens,Cell Line,Radiated,Negative,timsTOF Flex,MALDI
2024-07-29_22h12m48s,231_ctl_6hr_n2_cer_8-total ion count,Homo sapiens,Cell Line,Radiated,Negative,timsTOF Flex,MALDI
2024-07-29_22h13m04s,231_ctl_6hr_n2_cer_10-total ion count,Homo sapiens,Cell Line,Radiated,Negative,timsTOF Flex,MALDI
2024-07-29_22h13m19s,231_ctl_6hr_n2_cer_12-total ion count,Homo sapiens,Cell Line,Radiated,Negative,timsTOF Flex,MALDI
2024-07-29_22h13m32s,231_ctl_24hr_n2_cer_2-total ion count,Homo sapiens,Cell Line,Radiated,Negative,timsTOF Flex,MALDI
2024-07-29_22h13m45s,231_ctl_24hr_n2_cer_3-total ion count,Homo sapiens,Cell Line,Radiated,Negative,timsTOF Flex,MALDI
2024-07-29_22h13m57s,231_ctl_24hr_n2_cer_4-total ion count,Homo sapiens,Cell Line,Radiated,Negative,timsTOF Flex,MALDI
2024-07-29_22h14m50s,231_rx_6hr_n2_cer_1-total ion count,Homo sapiens,Cell Line,Radiated,Negative,timsTOF Flex,MALDI
2024-07-29_22h15m03s,231_rx_6hr_n2_cer_2-total ion count,Homo sapiens,Cell Line,Radiated,Negative,timsTOF Flex,MALDI
2024-07-29_22h15m17s,231_rx_6hr_n2_cer_3-total ion count,Homo sapiens,Cell Line,Radiated,Negative,timsTOF Flex,MALDI
2024-07-29_22h15m35s,231_rx_6hr_n2_cer_4-total ion count,Homo sapiens,Cell Line,Radiated,Negative,timsTOF Flex,MALDI
2024-07-29_22h15m49s,231_rx_6hr_n2_cer_5-total ion count,Homo sapiens,Cell Line,Radiated,Negative,timsTOF Flex,MALDI
2024-07-29_22h16m03s,231_rx_24hr_n2_cer_1-total ion count,Homo sapiens,Cell Line,Radiated,Negative,timsTOF Flex,MALDI
2024-07-29_22h16m20s,231_rx_24hr_n2_cer_2-total ion count,Homo sapiens,Cell Line,Radiated,Negative,timsTOF Flex,MALDI
2024-07-29_22h16m33s,231_rx_24hr_n2_cer_3-total ion count,Homo sapiens,Cell Line,Radiated,Negative,timsTOF Flex,MALDI
2024-07-29_22h16m47s,231_rx_24hr_n2_cer_6-total ion count,Homo sapiens,Cell Line,Radiated,Negative,timsTOF Flex,MALDI
2024-07-29_22h19m26s,231_ctl_6hr_n2_sm_2-total ion count,Homo sapiens,Cell Line,Radiated,Positive,timsTOF Flex,MALDI
2024-07-29_22h20m31s,231_ctl_6hr_n2_sm_8-total ion count,Homo sapiens,Cell Line,Radiated,Positive,timsTOF Flex,MALDI
2024-08-01_15h22m13s,2024-05-21_chen_colon_CRC Tumor_TSM_nega_3rdseq_slideCC_200-1000_1.25ul_75um,Mus musculus,CRC Tumor,,Negative,Orbitrap,DESI
2024-08-01_15h23m42s,2024-05-21_chen_jejunum_CRC Tumor_TSM_nega_3rdseq_slideCC_200-1000_1.25ul_75um,Mus musculus,Jejunum,,Negative,Orbitrap,DESI
2024-08-05_10h37m24s,dan ff_rms,Mixed,Kidney,,Negative,TOF reflector,MALDI
2024-08-06_15h10m57s,"gastric tissue, murine_E3B3S15_1wk infected",Mus musculus,stomach,infected,Negative,Orbitrap,DESI
2024-08-09_23h30m52s,S-2303-014382_3_S3_SM_Neg_20240613_IT,Homo sapiens,Kidney,,Negative,Orbitrap,MALDI
2024-08-09_23h31m11s,S-2303-014429_3_S3_SM_Neg_20240613_IT,Homo sapiens,Kidney,,Negative,Orbitrap,MALDI
2024-08-09_23h31m22s,S-2303-014429_6_S3_SM_Neg_20240613_IT,Homo sapiens,Kidney,,Negative,Orbitrap,MALDI
2024-08-09_23h31m32s,S-2303-014429_9_S3_SM_Neg_20240613_IT,Homo sapiens,Kidney,,Negative,Orbitrap,MALDI
2024-08-09_23h31m51s,S-2308-017190_3_S3_SM_Neg_20240613_IT,Homo sapiens,Kidney,,Negative,Orbitrap,MALDI
2024-08-09_23h32m00s,S-2308-017190_6_S3_SM_Neg_20240613_IT,Homo sapiens,Kidney,,Negative,Orbitrap,MALDI
2024-08-09_23h34m49s,S-2303-014429_12_S3_SM_Neg_20240613_IT,Homo sapiens,Kidney,,Negative,Orbitrap,MALDI
2024-08-09_23h34m58s,S-2308-017190_9_S3_SM_Neg_20240613_IT,Homo sapiens,Kidney,,Negative,Orbitrap,MALDI
2024-08-09_23h39m21s,S-2303-014382_6_S3_SM_Neg_20240613_IT,Homo sapiens,Kidney,,Negative,Orbitrap,MALDI
2024-08-10_00h17m43s,S-2303-014382_9_S3_SM_Neg_20240613_IT,Homo sapiens,Kidney,,Negative,Orbitrap,MALDI
2024-08-10_00h17m51s,S-2303-014382_12_S3_SM_Neg_20240613_IT,Homo sapiens,Kidney,,Negative,Orbitrap,MALDI
2024-08-10_00h17m57s,S-2308-017190_12_S3_SM_Neg_20240613_IT,Homo sapiens,Kidney,,Negative,Orbitrap,MALDI
2024-08-10_00h18m04s,S-2308-007564_3_S3_SM_Neg_20240614_IT,Homo sapiens,Kidney,,Negative,Orbitrap,MALDI
2024-08-10_00h30m31s,S-2310-001390_12_S3_SM_Neg_20240614_IT,Homo sapiens,Kidney,,Negative,Orbitrap,MALDI
2024-08-10_00h30m36s,S-2106-003653_3_S3_SM_Neg_20240614_IT,Homo sapiens,Kidney,,Negative,Orbitrap,MALDI
2024-08-10_00h30m58s,S-2106-003653_6_S3_SM_Neg_20240614_IT,Homo sapiens,Kidney,,Negative,Orbitrap,MALDI
2024-08-10_00h31m01s,S-2106-003653_9_S3_SM_Neg_20240614_IT,Homo sapiens,Kidney,,Negative,Orbitrap,MALDI
2024-08-10_00h31m04s,S-2106-003653_12_S3_SM_Neg_20240614_IT,Homo sapiens,Kidney,,Negative,Orbitrap,MALDI
2024-08-10_00h31m07s,S-2308-007564_6_S3_SM_Neg_20240614_IT,Homo sapiens,Kidney,,Negative,Orbitrap,MALDI
2024-08-10_00h31m11s,S-2308-007564_9_S3_SM_Neg_20240614_IT,Homo sapiens,Kidney,,Negative,Orbitrap,MALDI
2024-08-10_00h31m15s,S-2308-007564_12_S3_SM_Neg_20240614_IT,Homo sapiens,Kidney,,Negative,Orbitrap,MALDI
2024-08-10_00h31m19s,S-2310-001390_3_S3_SM_Neg_20240614_IT,Homo sapiens,Kidney,,Negative,Orbitrap,MALDI
2024-08-10_00h31m25s,S-2310-001390_6_S3_SM_Neg_20240614_IT,Homo sapiens,Kidney,,Negative,Orbitrap,MALDI
2024-08-10_00h31m29s,S-2310-001390_9_S3_SM_Neg_20240614_IT,Homo sapiens,Kidney,,Negative,Orbitrap,MALDI
2024-08-13_21h07m10s,S-2305-006650_3_S3_SM_Neg_20240411_IT,Homo sapiens,Kidney,,Negative,Orbitrap,MALDI
2024-08-13_22h30m09s,S-2305-006650_6_S3_SM_Neg_20240411_IT,Homo sapiens,Kidney,,Negative,Orbitrap,MALDI
2024-08-13_23h23m56s,S-2305-006650_9_S3_SM_Neg_20240411_IT,Homo sapiens,Kidney,,Negative,Orbitrap,MALDI
2024-08-13_23h24m07s,S-2308-002373_3_S3_SM_Neg_20240411_IT,Homo sapiens,Kidney,,Negative,Orbitrap,MALDI
2024-08-13_23h24m14s,S-2308-002373_6_S3_SM_Neg_20240411_IT,Homo sapiens,Kidney,,Negative,Orbitrap,MALDI
2024-08-13_23h32m01s,S-2302-010741_6_S3_SM_Neg_20240604_IT,Homo sapiens,Kidney,,Negative,Orbitrap,MALDI
2024-08-13_23h47m40s,S-2305-006650_12_S3_SM_Neg_20240411_IT,Homo sapiens,Kidney,,Negative,Orbitrap,MALDI
2024-08-13_23h55m34s,S-2308-002373_12_S3_SM_Neg_20240411_IT,Homo sapiens,Kidney,,Negative,Orbitrap,MALDI
2024-08-14_00h01m29s,S-2308-002373_9_S3_SM_Neg_20240411_IT,Homo sapiens,Kidney,,Negative,Orbitrap,MALDI
2024-08-23_15h23m31s,total region_positive_tic normalized,Mus musculus,Kidney,Frozen,Positive,timsTOF MALDI,MALDI
2024-08-26_10h15m22s,WT4_4wpcSNc_HPMCEmbedding_POS_10um,Mus musculus,Sciatic nerve,Wildtype,Positive,timsTOF Flex,MALDI
2024-08-26_10h18m16s,WT4_4wpcSNc_HPMCEmbedding_POS_20um,Mus musculus,Sciatic nerve,Wildtype,Positive,timsTOF Flex,MALDI
2024-08-26_10h25m15s,pre-LM_01,Mus musculus,Brain,Tumor,Positive,TOF,MALDI
2024-08-26_10h34m01s,pre-LM_02,Mus musculus,Brain,Tumor,Positive,TOF,MALDI
2024-08-26_10h42m40s,pre-LM_03,Mus musculus,Brain,Tumor,Positive,TOF,MALDI
2024-08-26_10h57m51s,Pri_01,Mus musculus,Brain,Tumor,Positive,TOF,MALDI
2024-08-26_11h19m36s,Pri_02,Mus musculus,Brain,Tumor,Positive,TOF,MALDI
2024-08-26_11h42m41s,Pri_03,Mus musculus,Brain,Tumor,Positive,TOF,MALDI
2024-08-27_13h52m43s,WT4_4wpcSNc_HPMCEmbedding_NEG_10um,Mus musculus,Sciatic nerve,Wildtype,Negative,timsTOF Flex,MALDI
2024-08-27_13h56m24s,WT4_4wpcSNc_HPMCEmbedding_NEG_20um,Mus musculus,Sciatic nerve,Wildtype,Negative,timsTOF Flex,MALDI
2024-08-27_15h06m14s,WT3_2wpcSNc_GelatineEmbedding_NEG_20um,Mus musculus,Sciatic nerve,Wildtype,Negative,timsTOF Flex,MALDI
2024-08-27_15h08m05s,WT3_2wpcSNc_GelatineEmbedding_POS_20um,Mus musculus,Sciatic nerve,Wildtype,Positive,timsTOF Flex,MALDI
2024-09-02_09h26m36s,MPIMM_458_QE_P,Mus musculus,duodenum,SPF,Positive,Orbitrap,AP-SMALDI
2024-09-07_10h59m37s,sWAT_60_20E_2KHz_25um,Mus musculus,adipose tissues,Wildtype,Positive,Exploris 240,AP-MALDI
2024-09-10_21h28m37s,canavan-root mean square,Mus musculus,Brain,Diseased,Positive,Q-TOF,MALDI
2024-09-18_00h49m44s,qc-077_1_s2_lip_neg_09092024_bg,Homo sapiens,Kidney,Healthy,Negative,timsTOF Flex,MALDI
2024-09-26_23h57m31s,Ctrl2_neg_1,Mixed,Pancreas,Wildtype,Negative,Xevo G2-XS,DESI
2024-09-27_00h08m08s,Treat2_pos_1,Mixed,Pancreas,Wildtype,Negative,Xevo G2-XS,DESI
2024-09-27_00h20m26s,Treat2_neg_1,Mixed,Pancreas,Wildtype,Negative,Xevo G2-XS,DESI
2024-09-28_16h12m14s,231127_SK_labeledkidney_hexane_washed_NEDC_MALDI_40um,Mus musculus,Kidney,Wildtype,Negative,Orbitrap,MALDI
2024-10-03_12h49m35s,231120_SK_kidney_LABELLED_DHB_60_600_hex_NH4OH,Mus musculus,Kidney,Wildtype,Positive,Orbitrap,MALDI
2024-10-03_20h18m06s,S-2210-005028-OCT_2_S2_MALDI-IF_20241002_IT,Homo sapiens,Kidney,,Negative,Orbitrap,MALDI
2024-10-03_20h18m08s,S-2210-005030-CMC2pt6_2_S2_MALDI-IF_20241002_IT,Homo sapiens,Kidney,,Negative,Orbitrap,MALDI
2024-10-03_20h18m09s,S-2210-005034-H2O_2_S2_MALDI-IF_20241002_IT,Homo sapiens,Kidney,,Negative,Orbitrap,MALDI
2024-10-07_22h03m24s,qc-077_1_s2_lip_neg_09092024_bg-recal,Homo sapiens,Kidney,Healthy,Negative,timsTOF Flex,MALDI
2024-10-08_23h45m06s,S-2307-011791_12_S3_SM_Neg_20240604_IT,Homo sapiens,Kidney,,Negative,Orbitrap,MALDI
2024-10-08_23h55m58s,S-2307-011791_6_S3_SM_Neg_20240604_IT,Homo sapiens,Kidney,,Negative,Orbitrap,MALDI
2024-10-10_09h05m36s,MPIMM_471_QE_P,Mus musculus,small intestine (jejunum),Wildtype,Positive,Orbitrap,AP-SMALDI
2024-10-10_20h31m12s,M28-ALS_4_S4_SM_Neg_20241009_IT,Mus musculus,Lumbar Spinal Cord,,Negative,Orbitrap,MALDI
2024-10-11_08h49m16s,MPIMM_473_QE_P,Mus musculus,small intestine (jejunum),Wildtype,Positive,Orbitrap,AP-SMALDI
2024-10-12_11h33m23s,MPIMM_475_QE_P,Mus musculus,small intestine (jejunum),Wildtype,Positive,Orbitrap,AP-SMALDI
2024-10-12_22h25m46s,20240927-HS-ACN-DMF_Pos_26-left,Homo sapiens,Skin,,Positive,Orbitrap,DESI
2024-10-12_22h27m03s,20240927-HS-MeOH-DMF_Pos_26-middle,Homo sapiens,Skin,,Positive,Orbitrap,DESI
2024-10-14_17h47m19s,MPIMM_477_QE_P,Mus musculus,small intestine (jejunum),Wildtype,Positive,Orbitrap,AP-SMALDI
2024-10-14_18h04m22s,MPIMM_476_QE_P,Mus musculus,small intestine (jejunum),B1GF,Positive,Orbitrap,AP-SMALDI
2024-10-15_09h14m56s,MPIMM_478_QE_P,Mus musculus,small intestine (jejunum),A5SPF,Positive,Orbitrap,AP-SMALDI
2024-10-21_09h37m40s,MPIMM_479_QE_P,Mus musculus,small intestine (jejunum),Wildtype,Negative,Orbitrap,AP-SMALDI
2024-10-21_09h39m41s,MPIMM_480_QE_P,Mus musculus,small intestine (jejunum),Wildtype,Negative,Orbitrap,AP-SMALDI
2024-10-21_09h40m49s,MPIMM_481_QE_P,Mus musculus,small intestine (jejunum),Wildtype,Negative,Orbitrap,AP-SMALDI
2024-10-21_13h12m02s,MPIMM_482_QE_P,Mus musculus,small intestine (jejunum),Wildtype,Negative,Orbitrap,AP-SMALDI
2024-10-21_13h14m26s,MPIMM_483_GF_QE_P,Mus musculus,small intestine (jejunum),B1GF,Negative,Orbitrap,AP-SMALDI
2024-10-25_08h45m14s,MPIMM_484_QE_P,Mus musculus,colon,B1GF,Negative,Orbitrap,AP-SMALDI
2024-10-26_04h01m43s,union,Homo sapiens,Skin,Diseased,Positive,Orbitrap,MALDI
2024-10-28_08h48m28s,MPIMM_485_QE_P,Mus musculus,colon,A5SPF,Negative,Orbitrap,AP-SMALDI
2024-10-28_08h49m48s,MPIMM_486_QE_P,Mus musculus,colon,A5SPF,Negative,Orbitrap,AP-SMALDI
2024-10-28_11h50m56s,20240927-HS-ACN-DMF_Pos_26-left,Homo sapiens,Skin,,Positive,Orbitrap,DESI
2024-10-28_11h52m14s,20240927-HS-MeOH-DMF_Pos_26-middle,Homo sapiens,Skin,,Positive,Orbitrap,DESI
2024-10-29_03h32m04s,positive-XIV-82492-res-97583-at-mass-314.153861.imzML_proc_recal,Homo sapiens,Brain,Diseased,Positive,Orbitrap,MALDI
2024-11-04_15h00m28s,GSRC-Dataset-A,Homo sapiens,Stomach,Diseased,Positive,Agilent 6224 Accurate-Mass TOF,DESI
2024-11-04_16h08m58s,GSRC-Dataset-C,Homo sapiens,Stomach,Diseased,Positive,Agilent 6224 Accurate-Mass TOF,DESI
2024-11-05_10h05m10s,2024_11_04_Neg,Mus musculus,Testis,,Negative,timsTOF Flex,MALDI
2024-11-05_10h06m17s,2024_11_04_NEDC_NEG,Mus musculus,Testis,,Negative,timsTOF Flex,MALDI
2024-11-05_12h30m04s,2024_11_04_pos_tims_off_dan2,Mus musculus,Testis,,Positive,timsTOF Flex,MALDI
2024-11-07_01h47m04s,dhb in eaem-root mean square,Mus musculus,Kidney,Wildtype,Positive,TOF reflector,MALDI
2024-11-07_01h51m05s,dhb in meoh-root mean square,Mus musculus,Kidney,Wildtype,Positive,TOF reflector,MALDI
2024-11-15_20h49m11s,s-2307-011838_1_s1_lip_pos_20241003_bg,Homo sapiens,Kidney,Biopsy,Positive,12T FTICR,MALDI
2024-11-15_20h49m59s,s-2307-011838_2_s1_lip_pos_20241003_bg,Homo sapiens,Kidney,Biopsy,Positive,12T FTICR,MALDI
2024-11-15_20h51m45s,s-2307-011838_3_s1_lip_pos_20241003_bg,Homo sapiens,Kidney,Biopsy,Positive,12T FTICR,MALDI
2024-11-15_20h52m16s,s-2307-011838_4_s1_lip_pos_20241003_bg,Homo sapiens,Kidney,Biopsy,Positive,12T FTICR,MALDI
2024-11-15_20h52m54s,s-2307-011838_1_s2_lip_neg_20241003_bg,Homo sapiens,Kidney,Healthy,Negative,12T FTICR,MALDI
2024-11-15_20h53m16s,s-2307-011838_2_s2_lip_neg_20241003_bg,Homo sapiens,Kidney,Healthy,Negative,12T FTICR,MALDI
2024-11-15_20h53m34s,s-2307-011838_3_s2_lip_neg_20241003_bg,Homo sapiens,Kidney,Healthy,Negative,12T FTICR,MALDI
2024-11-15_20h54m10s,s-2307-011838_4_s2_lip_neg_20241003_bg,Homo sapiens,Kidney,Healthy,Negative,12T FTICR,MALDI
2024-11-15_20h54m50s,s-2305-001347_1_s2_lip_neg_20241003_bg,Homo sapiens,Kidney,Healthy,Negative,12T FTICR,MALDI
2024-11-15_20h55m12s,s-2305-001347_2_s2_lip_neg_20241003_bg,Homo sapiens,Kidney,Healthy,Negative,12T FTICR,MALDI
2024-11-15_20h55m36s,s-2305-001347_3_s2_lip_neg_20241003_bg,Homo sapiens,Kidney,Healthy,Negative,12T FTICR,MALDI
2024-11-15_20h56m01s,s-2305-001347_4_s2_lip_neg_20241003_bg,Homo sapiens,Kidney,Healthy,Negative,12T FTICR,MALDI
2024-11-15_20h57m05s,s-2305-001347_4_s1_lip_pos_20241003_bg,Homo sapiens,Kidney,Biopsy,Positive,12T FTICR,MALDI
2024-11-15_20h57m27s,s-2305-001347_3_s1_lip_pos_20241003_bg,Homo sapiens,Kidney,Biopsy,Positive,12T FTICR,MALDI
2024-11-15_20h58m45s,s-2305-001347_2_s1_lip_pos_20241003_bg,Homo sapiens,Kidney,Biopsy,Positive,12T FTICR,MALDI
2024-11-15_20h59m27s,s-2305-001347_1_s1_lip_pos_20241003_bg,Homo sapiens,Kidney,Biopsy,Positive,12T FTICR,MALDI
2024-11-15_20h59m45s,s-2304-003142_4_s1_lip_pos_20241003_bg,Homo sapiens,Kidney,Biopsy,Positive,12T FTICR,MALDI
2024-11-15_21h00m12s,s-2304-003142_3_s1_lip_pos_20241003_bg,Homo sapiens,Kidney,Biopsy,Positive,12T FTICR,MALDI
2024-11-15_21h00m29s,s-2304-003142_2_s1_lip_pos_20241003_bg,Homo sapiens,Kidney,Biopsy,Positive,12T FTICR,MALDI
2024-11-15_21h00m49s,s-2304-003142_1_s1_lip_pos_20241003_bg,Homo sapiens,Kidney,Biopsy,Positive,12T FTICR,MALDI
2024-11-15_21h01m31s,s-2304-003142_2_s2_lip_neg_20241003_bg,Homo sapiens,Kidney,Healthy,Negative,12T FTICR,MALDI
2024-11-15_21h01m47s,s-2304-003142_3_s2_lip_neg_20241003_bg,Homo sapiens,Kidney,Healthy,Negative,12T FTICR,MALDI
2024-11-15_21h02m07s,s-2304-003142_4_s2_lip_neg_20241003_bg,Homo sapiens,Kidney,Healthy,Negative,12T FTICR,MALDI
2024-11-15_21h04m11s,qc-077_1_s2_lip_neg_20241003_bg,Homo sapiens,Kidney,Healthy,Negative,12T FTICR,MALDI
2024-11-15_21h04m26s,qc-077_2_s2_lip_neg_20241003_bg,Homo sapiens,Kidney,Healthy,Negative,12T FTICR,MALDI
2024-11-15_21h04m51s,qc-077_2_s1_lip_pos_20241003_bg,Homo sapiens,Kidney,Biopsy,Positive,12T FTICR,MALDI
2024-11-15_21h05m03s,qc-077_1_s1_lip_pos_20241003_bg,Homo sapiens,Kidney,Biopsy,Positive,12T FTICR,MALDI
2024-11-16_00h46m19s,s-2303-014382_1_s1_lip_pos_20241017_bg,Homo sapiens,Kidney,Biopsy,Positive,12T FTICR,MALDI
2024-11-16_00h46m40s,s-2303-014382_2_s1_lip_pos_20241017_bg,Homo sapiens,Kidney,Biopsy,Positive,12T FTICR,MALDI
2024-11-16_00h58m25s,s-2303-014382_4_s1_lip_pos_20241017_bg,Homo sapiens,Kidney,Biopsy,Positive,12T FTICR,MALDI
2024-11-16_01h00m06s,s-2308-017190_1_s1_lip_pos_20241017_bg,Homo sapiens,Kidney,Biopsy,Positive,12T FTICR,MALDI
2024-11-16_01h04m21s,s-2308-017190_2_s1_lip_pos_20241017_bg,Homo sapiens,Kidney,Biopsy,Positive,12T FTICR,MALDI
2024-11-16_01h07m15s,s-2308-017190_3_s1_lip_pos_20241017_bg,Homo sapiens,Kidney,Biopsy,Positive,12T FTICR,MALDI
2024-11-16_01h07m28s,s-2308-017190_4_s1_lip_pos_20241017_bg,Homo sapiens,Kidney,Biopsy,Positive,12T FTICR,MALDI
2024-11-16_01h07m44s,s-2308-017237_1_s1_lip_pos_20241017_bg,Homo sapiens,Kidney,Biopsy,Positive,12T FTICR,MALDI
2024-11-16_01h07m59s,s-2308-017237_2_s1_lip_pos_20241017_bg,Homo sapiens,Kidney,Biopsy,Positive,12T FTICR,MALDI
2024-11-16_01h08m29s,s-2308-017237_3_s1_lip_pos_20241017_bg,Homo sapiens,Kidney,Biopsy,Positive,12T FTICR,MALDI
2024-11-16_01h08m45s,s-2308-017237_4_s1_lip_pos_20241017_bg,Homo sapiens,Kidney,Biopsy,Positive,12T FTICR,MALDI
2024-11-16_01h09m01s,qc-077_1_s1_lip_pos_20241017_bg,Homo sapiens,Kidney,Biopsy,Positive,12T FTICR,MALDI
2024-11-16_01h09m13s,qc-077_2_s1_lip_pos_20241017_bg,Homo sapiens,Kidney,Biopsy,Positive,12T FTICR,MALDI
2024-11-16_01h09m41s,qc-077-2_1_s1_lip_pos_20241017_bg,Homo sapiens,Kidney,Biopsy,Positive,12T FTICR,MALDI
2024-11-16_01h10m05s,qc-077-2_2_s1_lip_pos_20241017_bg,Homo sapiens,Kidney,Biopsy,Positive,12T FTICR,MALDI
2024-11-16_01h20m42s,qc-077_1_s2_lip_neg_20241017_bg,Homo sapiens,Kidney,Healthy,Negative,12T FTICR,MALDI
2024-11-16_01h20m54s,qc-077_2_s2_lip_neg_20241017_bg,Homo sapiens,Kidney,Healthy,Negative,12T FTICR,MALDI
2024-11-16_01h21m06s,qc-077-2_1_s2_lip_neg_20241017_bg,Homo sapiens,Kidney,Healthy,Negative,12T FTICR,MALDI
2024-11-16_01h21m18s,qc-077-2_2_s2_lip_neg_20241017_bg,Homo sapiens,Kidney,Healthy,Negative,12T FTICR,MALDI
2024-11-16_01h23m08s,s-2303-014382_1_s2_lip_neg_20241017_bg,Homo sapiens,Kidney,Healthy,Negative,12T FTICR,MALDI
2024-11-16_01h23m31s,s-2303-014382_2_s2_lip_neg_20241017_bg,Homo sapiens,Kidney,Healthy,Negative,12T FTICR,MALDI
2024-11-16_01h23m43s,s-2303-014382_3_s2_lip_neg_20241017_bg,Homo sapiens,Kidney,Healthy,Negative,12T FTICR,MALDI
2024-11-16_01h34m37s,s-2303-014382_4_s2_lip_neg_20241017_bg,Homo sapiens,Kidney,Healthy,Negative,12T FTICR,MALDI
2024-11-16_01h34m50s,s-2308-017190_1_s2_lip_neg_20241017_bg,Homo sapiens,Kidney,Healthy,Negative,12T FTICR,MALDI
2024-11-16_01h35m03s,s-2308-017190_2_s2_lip_neg_20241017_bg,Homo sapiens,Kidney,Healthy,Negative,12T FTICR,MALDI
2024-11-16_01h35m15s,s-2308-017190_3_s2_lip_neg_20241017_bg,Homo sapiens,Kidney,Healthy,Negative,12T FTICR,MALDI
2024-11-16_01h35m30s,s-2308-017190_4_s2_lip_neg_20241017_bg,Homo sapiens,Kidney,Healthy,Negative,12T FTICR,MALDI
2024-11-16_01h35m40s,s-2308-017237_1_s2_lip_neg_20241017_bg,Homo sapiens,Kidney,Healthy,Negative,12T FTICR,MALDI
2024-11-16_01h35m55s,s-2308-017237_2_s2_lip_neg_20241017_bg,Homo sapiens,Kidney,Healthy,Negative,12T FTICR,MALDI
2024-11-16_01h36m11s,s-2308-017237_3_s2_lip_neg_20241017_bg,Homo sapiens,Kidney,Healthy,Negative,12T FTICR,MALDI
2024-11-16_01h36m25s,s-2308-017237_4_s2_lip_neg_20241017_bg,Homo sapiens,Kidney,Healthy,Negative,12T FTICR,MALDI
2024-11-21_15h37m00s,MPIMM_487_QE_P,Mus musculus,jejunum,KO 643,Positive,Orbitrap,AP-SMALDI
2024-11-21_15h40m02s,MPIMM_489_QE_P,Mus musculus,jejunum,KO 643,Negative,Orbitrap,AP-SMALDI
2024-11-21_15h41m14s,MPIMM_490_QE_P,Mus musculus,jejunum,WT 638,Negative,Orbitrap,AP-SMALDI
2024-11-28_15h40m16s,24t008329#13_chca_pos_20um,Homo sapiens,Medular adipocyte,Healthy,Positive,timsTOF Flex,MALDI
2024-12-02_10h45m12s,230728_SC,Mus musculus,Brain,,Negative,timsTOF Flex,MALDI
2024-12-06_06h56m13s,qc-077-2_1_s2_lip_neg_20241108_bg,Homo sapiens,Kidney,Healthy,Negative,12T FTICR,MALDI
2024-12-06_06h56m26s,qc-077-2_2_s2_lip_neg_20241108_bg,Homo sapiens,Kidney,Healthy,Negative,12T FTICR,MALDI
2024-12-06_07h18m05s,qc-077-2_1_s1_lip_pos_20241104_bg,Homo sapiens,Kidney,Biopsy,Positive,12T FTICR,MALDI
2024-12-06_07h18m28s,qc-077-2_2_s1_lip_pos_20241104_bg,Homo sapiens,Kidney,Biopsy,Positive,12T FTICR,MALDI
2024-12-06_18h58m53s,qc-077-2_1_s2_lip_neg_20241104_bg,Homo sapiens,Kidney,Healthy,Negative,12T FTICR,MALDI
2024-12-06_18h59m14s,qc-077-2_2_s2_lip_neg_20241104_bg,Homo sapiens,Kidney,Healthy,Negative,12T FTICR,MALDI
2024-12-07_00h33m42s,Ref-S-2210-005019_1_S3_SM_Neg_20240604_IT,Homo sapiens,Kidney,,Negative,Orbitrap,MALDI
2024-12-07_01h07m57s,Ref-S-2210-005019_1_S3_SM_Neg_20240613_IT,Homo sapiens,Kidney,,Negative,Orbitrap,MALDI
2024-12-07_01h07m59s,Ref-S-2210-005019_2_S3_SM_Neg_20240613_IT,Homo sapiens,Kidney,,Negative,Orbitrap,MALDI
2024-12-07_01h08m00s,Ref-S-2210-005019_1_S3_SM_Neg_20240614_IT,Homo sapiens,Kidney,,Negative,Orbitrap,MALDI
2024-12-07_01h08m02s,Ref-S-2210-005019_2_S3_SM_Neg_20240614_IT,Homo sapiens,Kidney,,Negative,Orbitrap,MALDI
2024-12-08_23h19m43s,S-2210-005026-H2O_2_S2_SM_Neg_20241206_IT,Homo sapiens,Kidney,,Negative,Orbitrap,MALDI
2024-12-08_23h19m45s,S-2210-005032-OCT_2_S2_SM_Neg_20241206_IT,Homo sapiens,Kidney,,Negative,Orbitrap,MALDI
2024-12-10_04h23m56s,brain timstof maldi2 rms,Mus musculus,Brain,,Positive,timsTOF Flex,MALDI
2024-12-11_15h41m27s,Figure 7 g - Römpp et al. (2025) Nature Communications,Mus musculus,Lung,Diseased,Positive,Orbitrap,AP-SMALDI
2024-12-11_15h44m28s,Supplementary Figure 8 e - Römpp et al. (2025) Nature Communications,Mus musculus,Lung,Diseased,Positive,Orbitrap,AP-SMALDI
2024-12-11_15h47m07s,Supplementary Figure 8 g - Römpp et al. (2025) Nature Communications,Mus musculus,Lung,Diseased,Positive,Orbitrap,AP-SMALDI
2024-12-11_19h45m16s,aa_mcf7_1_cer,Homo sapiens,Breast,Tumor,Negative,timsTOF Flex,MALDI
2024-12-11_19h47m41s,aa_mcf7_4_cer,Homo sapiens,Breast,Tumor,Negative,timsTOF Flex,MALDI
2024-12-11_19h51m00s,aa_mcf7_8_cer,Homo sapiens,Breast,Tumor,Negative,timsTOF Flex,MALDI
2024-12-11_19h53m09s,aa_mcf7_13_cer,Homo sapiens,Breast,Tumor,Negative,timsTOF Flex,MALDI
2024-12-11_19h53m33s,aa_mcf7_14_cer,Homo sapiens,Breast,Tumor,Negative,timsTOF Flex,MALDI
2024-12-11_19h54m10s,aa_mcf7_15_cer,Homo sapiens,Breast,Tumor,Negative,timsTOF Flex,MALDI
2024-12-11_19h54m38s,aa_mcf7_17_cer,Homo sapiens,Breast,Tumor,Negative,timsTOF Flex,MALDI
2024-12-11_19h55m08s,aa_mcf7_18_cer,Homo sapiens,Breast,Tumor,Negative,timsTOF Flex,MALDI
2024-12-11_19h56m05s,ctl_mcf7_2_cer,Homo sapiens,Breast,Tumor,Negative,timsTOF Flex,MALDI
2024-12-11_19h56m59s,ctl_mcf7_4_cer,Homo sapiens,Breast,Tumor,Negative,timsTOF Flex,MALDI
2024-12-11_19h57m28s,ctl_mcf7_6_cer,Homo sapiens,Breast,Tumor,Negative,timsTOF Flex,MALDI
2024-12-11_20h11m56s,ctl_mcf7_12_cer,Homo sapiens,Breast,Tumor,Negative,timsTOF Flex,MALDI
2024-12-11_20h12m08s,ctl_mcf7_13_cer,Homo sapiens,Breast,Tumor,Negative,timsTOF Flex,MALDI
2024-12-11_20h14m18s,ctl_mcf7_14_cer,Homo sapiens,Breast,Tumor,Negative,timsTOF Flex,MALDI
2024-12-11_20h14m33s,ctl_mcf7_15_cer,Homo sapiens,Breast,Tumor,Negative,timsTOF Flex,MALDI
2024-12-11_20h15m20s,ctl_mcf7_17_cer,Homo sapiens,Breast,Tumor,Negative,timsTOF Flex,MALDI
2024-12-11_20h16m12s,ctl_mcf7_19_cer,Homo sapiens,Breast,Tumor,Negative,timsTOF Flex,MALDI
2024-12-11_20h17m12s,ctl_mcf7_21_cer,Homo sapiens,Breast,Tumor,Negative,timsTOF Flex,MALDI
2024-12-11_20h17m31s,ctl_mcf7_22_cer,Homo sapiens,Breast,Tumor,Negative,timsTOF Flex,MALDI
2024-12-11_20h18m08s,ctl_mcf7_23_cer,Homo sapiens,Breast,Tumor,Negative,timsTOF Flex,MALDI
2024-12-11_20h18m40s,ctl_mcf7_24_cer,Homo sapiens,Breast,Tumor,Negative,timsTOF Flex,MALDI
2024-12-11_20h20m53s,aa_mcf7_1_met,Homo sapiens,Breast,Tumor,Negative,timsTOF Flex,MALDI
2024-12-11_20h21m19s,aa_mcf7_2_met,Homo sapiens,Breast,Tumor,Negative,timsTOF Flex,MALDI
2024-12-11_20h21m49s,aa_mcf7_3_met,Homo sapiens,Breast,Tumor,Negative,timsTOF Flex,MALDI
2024-12-11_20h22m03s,aa_mcf7_4_met,Homo sapiens,Breast,Tumor,Negative,timsTOF Flex,MALDI
2024-12-11_20h22m40s,aa_mcf7_5_met,Homo sapiens,Breast,Tumor,Negative,timsTOF Flex,MALDI
2024-12-11_20h22m52s,aa_mcf7_6_met,Homo sapiens,Breast,Tumor,Negative,timsTOF Flex,MALDI
2024-12-11_20h23m35s,aa_mcf7_7_met,Homo sapiens,Breast,Tumor,Negative,timsTOF Flex,MALDI
2024-12-11_20h23m49s,aa_mcf7_8_met,Homo sapiens,Breast,Tumor,Negative,timsTOF Flex,MALDI
2024-12-11_20h25m32s,aa_mcf7_9_met,Homo sapiens,Breast,Tumor,Negative,timsTOF Flex,MALDI
2024-12-11_20h26m16s,aa_mcf7_10_met,Homo sapiens,Breast,Tumor,Negative,timsTOF Flex,MALDI
2024-12-11_20h26m31s,aa_mcf7_11_met,Homo sapiens,Breast,Tumor,Negative,timsTOF Flex,MALDI
2024-12-11_20h27m27s,aa_mcf7_12_met,Homo sapiens,Breast,Tumor,Negative,timsTOF Flex,MALDI
2024-12-11_20h28m41s,ctl_mcf7_2_met,Homo sapiens,Breast,Tumor,Negative,timsTOF Flex,MALDI
2024-12-11_20h29m28s,ctl_mcf7_6_met,Homo sapiens,Breast,Tumor,Negative,timsTOF Flex,MALDI
2024-12-11_20h30m05s,ctl_mcf7_9_met,Homo sapiens,Breast,Tumor,Negative,timsTOF Flex,MALDI
2024-12-11_20h30m16s,ctl_mcf7_10_met,Homo sapiens,Breast,Tumor,Negative,timsTOF Flex,MALDI
2024-12-11_20h30m28s,ctl_mcf7_11_met,Homo sapiens,Breast,Tumor,Negative,timsTOF Flex,MALDI
2024-12-11_20h30m40s,ctl_mcf7_12_met,Homo sapiens,Breast,Tumor,Negative,timsTOF Flex,MALDI
2024-12-11_20h30m51s,ctl_mcf7_13_met,Homo sapiens,Breast,Tumor,Negative,timsTOF Flex,MALDI
2024-12-11_20h31m03s,ctl_mcf7_14_met,Homo sapiens,Breast,Tumor,Negative,timsTOF Flex,MALDI
2024-12-11_20h31m15s,ctl_mcf7_15_met,Homo sapiens,Breast,Tumor,Negative,timsTOF Flex,MALDI
2024-12-11_20h31m42s,ctl_mcf7_17_met,Homo sapiens,Breast,Tumor,Negative,timsTOF Flex,MALDI
2024-12-11_20h32m12s,ctl_mcf7_19_met,Homo sapiens,Breast,Tumor,Negative,timsTOF Flex,MALDI
2024-12-11_20h32m24s,ctl_mcf7_20_met,Homo sapiens,Breast,Tumor,Negative,timsTOF Flex,MALDI
2024-12-11_20h32m53s,ctl_mcf7_21_met,Homo sapiens,Breast,Tumor,Negative,timsTOF Flex,MALDI
2024-12-11_20h34m40s,ctl_mcf7_23_met,Homo sapiens,Breast,Tumor,Negative,timsTOF Flex,MALDI
2024-12-11_20h36m07s,ctl_mcf7_24_met,Homo sapiens,Breast,Tumor,Negative,timsTOF Flex,MALDI
2024-12-11_20h37m10s,aa_mcf7_1_SM,Homo sapiens,Breast,Tumor,Positive,timsTOF Flex,MALDI
2024-12-11_20h37m21s,aa_mcf7_2_SM,Homo sapiens,Breast,Tumor,Positive,timsTOF Flex,MALDI
2024-12-11_20h37m35s,aa_mcf7_3_SM,Homo sapiens,Breast,Tumor,Positive,timsTOF Flex,MALDI
2024-12-11_20h37m48s,aa_mcf7_4_SM,Homo sapiens,Breast,Tumor,Positive,timsTOF Flex,MALDI
2024-12-11_20h37m59s,aa_mcf7_5_SM,Homo sapiens,Breast,Tumor,Positive,timsTOF Flex,MALDI
2024-12-11_20h38m11s,aa_mcf7_6_SM,Homo sapiens,Breast,Tumor,Positive,timsTOF Flex,MALDI
2024-12-11_20h38m23s,aa_mcf7_7_SM,Homo sapiens,Breast,Tumor,Positive,timsTOF Flex,MALDI
2024-12-11_20h38m39s,aa_mcf7_8_SM,Homo sapiens,Breast,Tumor,Positive,timsTOF Flex,MALDI
2024-12-11_20h38m52s,aa_mcf7_9_SM,Homo sapiens,Breast,Tumor,Positive,timsTOF Flex,MALDI
2024-12-11_20h39m31s,aa_mcf7_10_SM,Homo sapiens,Breast,Tumor,Positive,timsTOF Flex,MALDI
2024-12-11_20h39m43s,aa_mcf7_11_SM,Homo sapiens,Breast,Tumor,Positive,timsTOF Flex,MALDI
2024-12-11_20h39m57s,aa_mcf7_12_SM,Homo sapiens,Breast,Tumor,Positive,timsTOF Flex,MALDI
2024-12-11_20h40m08s,aa_mcf7_13_SM,Homo sapiens,Breast,Tumor,Positive,timsTOF Flex,MALDI
2024-12-11_20h40m21s,aa_mcf7_14_SM,Homo sapiens,Breast,Tumor,Positive,timsTOF Flex,MALDI
2024-12-11_20h40m35s,aa_mcf7_15_SM,Homo sapiens,Breast,Tumor,Positive,timsTOF Flex,MALDI
2024-12-11_20h41m04s,aa_mcf7_17_SM,Homo sapiens,Breast,Tumor,Positive,timsTOF Flex,MALDI
2024-12-11_20h41m17s,aa_mcf7_18_SM,Homo sapiens,Breast,Tumor,Positive,timsTOF Flex,MALDI
2024-12-11_20h42m21s,ctl_mcf7_5_SM,Homo sapiens,Breast,Tumor,Positive,timsTOF Flex,MALDI
2024-12-11_20h42m36s,ctl_mcf7_6_SM,Homo sapiens,Breast,Tumor,Positive,timsTOF Flex,MALDI
2024-12-11_20h42m53s,ctl_mcf7_7_SM,Homo sapiens,Breast,Tumor,Positive,timsTOF Flex,MALDI
2024-12-11_20h44m27s,ctl_mcf7_14_SM,Homo sapiens,Breast,Tumor,Positive,timsTOF Flex,MALDI
2024-12-11_20h44m42s,ctl_mcf7_15_SM,Homo sapiens,Breast,Tumor,Positive,timsTOF Flex,MALDI
2024-12-11_20h44m53s,ctl_mcf7_16_SM,Homo sapiens,Breast,Tumor,Positive,timsTOF Flex,MALDI
2024-12-11_20h45m04s,ctl_mcf7_17_SM,Homo sapiens,Breast,Tumor,Positive,timsTOF Flex,MALDI
2024-12-11_20h45m16s,ctl_mcf7_19_SM,Homo sapiens,Breast,Tumor,Positive,timsTOF Flex,MALDI
2024-12-11_20h45m29s,ctl_mcf7_20_SM,Homo sapiens,Breast,Tumor,Positive,timsTOF Flex,MALDI
2024-12-11_20h45m53s,ctl_mcf7_22_SM,Homo sapiens,Breast,Tumor,Positive,timsTOF Flex,MALDI
2024-12-11_20h46m04s,ctl_mcf7_23_SM,Homo sapiens,Breast,Tumor,Positive,timsTOF Flex,MALDI
2024-12-11_20h46m16s,ctl_mcf7_24_SM,Homo sapiens,Breast,Tumor,Positive,timsTOF Flex,MALDI
2024-12-11_20h46m28s,ctl_mcf7_25_SM,Homo sapiens,Breast,Tumor,Positive,timsTOF Flex,MALDI
2024-12-12_10h23m49s,Supplementary Figure 8 h - Römpp et al. (2025) Nature Communications,Mus musculus,Lung,Diseased,Positive,Orbitrap,AP-SMALDI
2024-12-12_13h21m11s,241125_ToothControl_posDHB_50um_230by298,Homo sapiens,Tooth,Untreated,Positive,Orbitrap,AP-SMALDI
2024-12-12_13h22m24s,Tooth_Control,Homo sapiens,Tooth,Untreated,Positive,Orbitrap,AP-SMALDI
2024-12-12_20h35m28s,HP_1_POS_Slide_A_Analyte 1_1,Mus musculus,Tumor,Biopsy,Positive,qTOF,DESI
2024-12-16_20h11m30s,s-2303-014429_2_s1_lip_pos_20241104_bg,Homo sapiens,Kidney,Biopsy,Positive,12T FTICR,MALDI
2024-12-16_20h11m44s,s-2303-014429_3_s1_lip_pos_20241104_bg,Homo sapiens,Kidney,Biopsy,Positive,12T FTICR,MALDI
2024-12-16_20h12m02s,s-2303-014429_4_s1_lip_pos_20241104_bg,Homo sapiens,Kidney,Biopsy,Positive,12T FTICR,MALDI
2024-12-16_20h12m29s,s-2307-011791_1_s1_lip_pos_20241104_bg,Homo sapiens,Kidney,Biopsy,Positive,12T FTICR,MALDI
2024-12-16_20h13m15s,s-2307-011791_2_s1_lip_pos_20241104_bg,Homo sapiens,Kidney,Biopsy,Positive,12T FTICR,MALDI
2024-12-16_20h13m48s,s-2307-011791_3_s1_lip_pos_20241104_bg,Homo sapiens,Kidney,Biopsy,Positive,12T FTICR,MALDI
2024-12-16_20h14m35s,s-2307-011791_4_s1_lip_pos_20241104_bg,Homo sapiens,Kidney,Biopsy,Positive,12T FTICR,MALDI
2024-12-16_20h15m14s,s-2307-011885_1_s1_lip_pos_20241104_bg,Homo sapiens,Kidney,Biopsy,Positive,12T FTICR,MALDI
2024-12-16_20h15m44s,s-2307-011885_2_s1_lip_pos_20241104_bg,Homo sapiens,Kidney,Biopsy,Positive,12T FTICR,MALDI
2024-12-16_20h16m04s,s-2307-011885_3_s1_lip_pos_20241104_bg,Homo sapiens,Kidney,Biopsy,Positive,12T FTICR,MALDI
2024-12-16_20h18m38s,s-2307-011885_4_s1_lip_pos_20241104_bg,Homo sapiens,Kidney,Biopsy,Positive,12T FTICR,MALDI
2024-12-16_20h19m17s,s-2303-014429_2_s2_lip_neg_20241104_bg,Homo sapiens,Kidney,Healthy,Negative,12T FTICR,MALDI
2024-12-16_20h19m42s,s-2303-014429_3_s2_lip_neg_20241104_bg,Homo sapiens,Kidney,Healthy,Negative,12T FTICR,MALDI
2024-12-16_20h20m28s,s-2303-014429_4_s2_lip_neg_20241104_bg,Homo sapiens,Kidney,Healthy,Negative,12T FTICR,MALDI
2024-12-16_20h20m59s,s-2307-011791_1_s2_lip_neg_20241104_bg,Homo sapiens,Kidney,Healthy,Negative,12T FTICR,MALDI
2024-12-16_20h21m22s,s-2307-011791_2_s2_lip_neg_20241104_bg,Homo sapiens,Kidney,Healthy,Negative,12T FTICR,MALDI
2024-12-16_20h22m17s,s-2307-011791_3_s2_lip_neg_20241104_bg,Homo sapiens,Kidney,Healthy,Negative,12T FTICR,MALDI
2024-12-16_20h23m17s,s-2307-011885_1_s2_lip_neg_20241104_bg,Homo sapiens,Kidney,Healthy,Negative,12T FTICR,MALDI
2024-12-16_20h23m35s,s-2307-011885_2_s2_lip_neg_20241104_bg,Homo sapiens,Kidney,Healthy,Negative,12T FTICR,MALDI
2024-12-16_20h23m55s,s-2307-011885_3_s2_lip_neg_20241104_bg,Homo sapiens,Kidney,Healthy,Negative,12T FTICR,MALDI
2024-12-16_20h24m17s,s-2307-011885_4_s2_lip_neg_20241104_bg,Homo sapiens,Kidney,Healthy,Negative,12T FTICR,MALDI
2024-12-16_20h31m34s,s-2302-010741_1_s2_lip_neg_20241108_bg,Homo sapiens,Kidney,Healthy,Negative,12T FTICR,MALDI
2024-12-16_20h32m12s,s-2302-010741_2_s2_lip_neg_20241108_bg,Homo sapiens,Kidney,Healthy,Negative,12T FTICR,MALDI
2024-12-16_20h35m41s,s-2302-010741_3_s2_lip_neg_20241108_bg,Homo sapiens,Kidney,Healthy,Negative,12T FTICR,MALDI
2024-12-16_20h41m42s,s-2302-010741_4_s2_lip_neg_20241108_bg,Homo sapiens,Kidney,Healthy,Negative,12T FTICR,MALDI
2024-12-16_20h41m57s,s-2305-004540_1_s2_lip_neg_20241108_bg,Homo sapiens,Kidney,Healthy,Negative,12T FTICR,MALDI
2024-12-16_20h42m11s,s-2305-004540_2_s2_lip_neg_20241108_bg,Homo sapiens,Kidney,Healthy,Negative,12T FTICR,MALDI
2024-12-16_20h42m50s,s-2305-004540_3_s2_lip_neg_20241108_bg,Homo sapiens,Kidney,Healthy,Negative,12T FTICR,MALDI
2024-12-16_20h43m09s,s-2305-004540_4_s2_lip_neg_20241108_bg,Homo sapiens,Kidney,Healthy,Negative,12T FTICR,MALDI
2024-12-16_20h43m30s,s-2310-001390_1_s2_lip_neg_20241108_bg,Homo sapiens,Kidney,Healthy,Negative,12T FTICR,MALDI
2024-12-16_20h43m53s,s-2310-001390_2_s2_lip_neg_20241108_bg,Homo sapiens,Kidney,Healthy,Negative,12T FTICR,MALDI
2024-12-16_20h44m16s,s-2310-001390_3_s2_lip_neg_20241108_bg,Homo sapiens,Kidney,Healthy,Negative,12T FTICR,MALDI
2024-12-16_20h44m33s,s-2310-001390_4_s2_lip_neg_20241108_bg,Homo sapiens,Kidney,Healthy,Negative,12T FTICR,MALDI
2024-12-17_16h33m27s,00070_lgruber_qcl-ir-msi_paper_data9_slide3-rms,Mus musculus,Kidney,Diseased,Negative,FTICR,MALDI
2024-12-17_16h38m04s,00070_lgruber_qcl-msi_data10_slide3_rms,Mus musculus,Kidney,Diseased,Negative,FTICR,MALDI
2024-12-17_16h40m47s,00070_lgruber_qcl-msi_mrms_data7_slide2_full_ko-5002,Mus musculus,Kidney,Diseased,Negative,FTICR,MALDI
2024-12-18_08h39m12s,00070_lgruber_qcl-ir-msi_paper_data12_slide3,Mus musculus,Kidney,Diseased,Negative,FTICR,MALDI
2024-12-18_09h04m51s,00070_lgruber_qcl-ir-msi_paper_data8_slide3-rms,Mus musculus,Kidney,Diseased,Negative,FTICR,MALDI
2024-12-18_09h47m36s,00070_lgruber_qcl-msi_data5_slide1_mrms_full_rms,Mus musculus,Kidney,Diseased,Negative,FTICR,MALDI
2024-12-18_10h34m07s,00070_lgruber_qcl-msi_mrms_80k_ko-0710_data9-rms,Mus musculus,Kidney,Diseased,Negative,FTICR,MALDI
2024-12-18_10h39m25s,00070_lgruber_qcl-msi_mrms_80k_ko-4658_data2-rms,Mus musculus,Kidney,Diseased,Negative,FTICR,MALDI
2024-12-19_10h20m30s,00070_lgruber_qcl-ir-msi_paper_data8_slide3-rms,Mus musculus,Kidney,Diseased,Negative,FTICR,MALDI
2024-12-19_10h24m37s,00070_lgruber_qcl-ir-msi_paper_data9_slide3-rms,Mus musculus,Kidney,Diseased,Negative,FTICR,MALDI
2024-12-19_10h25m05s,00070_lgruber_qcl-msi_data10_slide3_rms,Mus musculus,Kidney,Diseased,Negative,FTICR,MALDI
2024-12-19_10h29m23s,00070_lgruber_qcl-ir-msi_paper_data12_slide3_rms,Mus musculus,Kidney,Diseased,Negative,FTICR,MALDI
2024-12-19_12h00m15s,00070_lgruber_qcl-msi_mrms_80k_ko-4658_imp+isom_data2-rms,Mus musculus,Kidney,Diseased,Negative,FTICR,MALDI
2024-12-19_12h07m25s,00070_lgruber_qcl-msi_data5_slide1_mrms_imp+isom_rms,Mus musculus,Kidney,Diseased,Negative,FTICR,MALDI
2024-12-19_12h08m11s,00070_lgruber_qcl-msi_mrms_80k_ko-0710_imp+isom_data9-rms,Mus musculus,Kidney,Diseased,Negative,FTICR,MALDI
2024-12-19_12h08m46s,00070_lgruber_qcl-msi_mrms_80k_ko-5002_imp+isom_data7-rms,Mus musculus,Kidney,Diseased,Negative,FTICR,MALDI
2024-12-19_12h28m03s,00070_lgruber_qcl-msi_mrms_80k_ko-4658_imp+isom_data2-rms,Mus musculus,Kidney,Diseased,Negative,FTICR,MALDI
2024-12-19_12h28m30s,00070_lgruber_qcl-msi_data5_slide1_mrms_imp+isom_rms,Mus musculus,Kidney,Diseased,Negative,FTICR,MALDI
2024-12-19_12h28m53s,00070_lgruber_qcl-msi_mrms_80k_ko-0710_imp+isom_data9-rms,Mus musculus,Kidney,Diseased,Negative,FTICR,MALDI
2024-12-19_12h29m25s,00070_lgruber_qcl-msi_mrms_80k_ko-5002_imp+isom_data7-rms,Mus musculus,Kidney,Diseased,Negative,FTICR,MALDI
2024-12-21_07h33m51s,20230422_Au60_mouse brain_90um,Mus musculus,Brain,,Positive,TOF,MALDI
2024-12-21_08h36m39s,doublecali_thre0.025_0.5,Mus musculus,Brain,,Positive,TOF,MALDI
2024-12-21_10h17m55s,Au_3_90um,Mus musculus,Brain,,Positive,TOF,MALDI
2024-12-22_09h12m31s,cali_doubleline,Mus musculus,Brain,,Positive,TOF,MALDI
2025-01-06_12h04m32s,HNSCC-1,Homo sapiens,Whole organism,Diseased,Negative,Orbitrap,DESI
2025-01-06_12h07m52s,HNSCC-2,Homo sapiens,Whole organism,Diseased,Negative,Orbitrap,DESI
2025-01-06_12h10m14s,HNSCC-3,Homo sapiens,Whole organism,Diseased,Negative,Orbitrap,DESI
2025-01-06_12h13m38s,HNSCC-4,Homo sapiens,Whole organism,Diseased,Negative,Orbitrap,DESI
2025-01-06_13h09m47s,,Homo sapiens,Whole organism,Diseased,Negative,Orbitrap,DESI
2025-01-08_22h31m42s,,Homo sapiens,Whole organism,Diseased,Negative,Orbitrap,DESI
2025-01-09_01h06m35s,s-2302-010741_4_s1_lip_pos_20241108_bg,Homo sapiens,Kidney,Biopsy,Positive,12T FTICR,MALDI
2025-01-09_01h06m50s,s-2302-010741_3_s1_lip_pos_20241108_bg,Homo sapiens,Kidney,Biopsy,Positive,12T FTICR,MALDI
2025-01-09_01h07m04s,s-2302-010741_2_s1_lip_pos_20241108_bg,Homo sapiens,Kidney,Biopsy,Positive,12T FTICR,MALDI
2025-01-09_01h07m54s,s-2302-010741_1_s1_lip_pos_20241108_bg,Homo sapiens,Kidney,Biopsy,Positive,12T FTICR,MALDI
2025-01-09_01h08m12s,s-2310-001390_4_s1_lip_pos_20241108_bg,Homo sapiens,Kidney,Biopsy,Positive,12T FTICR,MALDI
2025-01-09_01h09m01s,s-2310-001390_3_s1_lip_pos_20241108_bg,Homo sapiens,Kidney,Biopsy,Positive,12T FTICR,MALDI
2025-01-09_01h09m17s,s-2310-001390_2_s1_lip_pos_20241108_bg,Homo sapiens,Kidney,Biopsy,Positive,12T FTICR,MALDI
2025-01-09_01h10m06s,s-2310-001390_1_s1_lip_pos_20241108_bg,Homo sapiens,Kidney,Biopsy,Positive,12T FTICR,MALDI
2025-01-09_01h10m35s,s-2305-004540_4_s1_lip_pos_20241108_bg,Homo sapiens,Kidney,Biopsy,Positive,12T FTICR,MALDI
2025-01-09_01h11m02s,s-2305-004540_3_s1_lip_pos_20241108_bg,Homo sapiens,Kidney,Biopsy,Positive,12T FTICR,MALDI
2025-01-09_01h11m17s,s-2305-004540_2_s1_lip_pos_20241108_bg,Homo sapiens,Kidney,Biopsy,Positive,12T FTICR,MALDI
2025-01-09_01h11m49s,s-2305-004540_1_s1_lip_pos_20241108_bg,Homo sapiens,Kidney,Biopsy,Positive,12T FTICR,MALDI
2025-01-09_01h12m06s,qc-077-2_2_s1_lip_pos_20241108_bg,Homo sapiens,Kidney,Biopsy,Positive,12T FTICR,MALDI
2025-01-09_02h39m32s,s-2303-014382_3_s1_lip_pos_20241017_bg,Homo sapiens,Kidney,Biopsy,Positive,12T FTICR,MALDI
2025-01-09_03h05m10s,s-2303-014429_4_s1_lip_pos_20241104_bg,Homo sapiens,Kidney,Biopsy,Positive,12T FTICR,MALDI
2025-01-09_15h54m29s,A1_Ctrl,Homo sapiens,Fibroblasts,,Positive,Orbitrap,IR-MALDESI
2025-01-09_15h54m58s,A2_Neo,Homo sapiens,Fibroblasts,,Positive,Orbitrap,IR-MALDESI
2025-01-09_15h55m39s,A4_S1,Homo sapiens,Fibroblasts,,Positive,Orbitrap,IR-MALDESI
2025-01-09_15h56m16s,A5_S2,Homo sapiens,Fibroblasts,,Positive,Orbitrap,IR-MALDESI
2025-01-09_15h56m31s,A6_S3,Homo sapiens,Fibroblasts,,Positive,Orbitrap,IR-MALDESI
2025-01-09_15h56m44s,A7_S4,Homo sapiens,Fibroblasts,,Positive,Orbitrap,IR-MALDESI
2025-01-09_15h57m14s,A8_ctrl,Homo sapiens,Fibroblasts,,Positive,Orbitrap,IR-MALDESI
2025-01-09_15h57m42s,B1_Ctrl,Homo sapiens,Fibroblasts,,Positive,Orbitrap,IR-MALDESI
2025-01-09_15h58m14s,B2_Neo,Homo sapiens,Fibroblasts,,Positive,Orbitrap,IR-MALDESI
2025-01-09_15h58m34s,B3_Adu,Homo sapiens,Fibroblasts,,Positive,Orbitrap,IR-MALDESI
2025-01-09_15h59m13s,B4_S1,Homo sapiens,Fibroblasts,,Positive,Orbitrap,IR-MALDESI
2025-01-09_15h59m36s,B5_S2,Homo sapiens,Fibroblasts,,Positive,Orbitrap,IR-MALDESI
2025-01-09_16h00m02s,B6_S3,Homo sapiens,Fibroblasts,,Positive,Orbitrap,IR-MALDESI
2025-01-09_16h00m29s,B7_S4,Homo sapiens,Fibroblasts,,Positive,Orbitrap,IR-MALDESI
2025-01-09_16h00m44s,B8_ctrl,Homo sapiens,Fibroblasts,,Positive,Orbitrap,IR-MALDESI
2025-01-09_16h13m36s,C1_ctrl,Homo sapiens,Fibroblasts,,Negative,Orbitrap,IR-MALDESI
2025-01-09_16h13m53s,C2_neo,Homo sapiens,Fibroblasts,,Negative,Orbitrap,IR-MALDESI
2025-01-09_16h14m20s,C3_adu,Homo sapiens,Fibroblasts,,Negative,Orbitrap,IR-MALDESI
2025-01-09_16h14m30s,C4_S1,Homo sapiens,Fibroblasts,,Negative,Orbitrap,IR-MALDESI
2025-01-09_16h14m42s,C5_S2,Homo sapiens,Fibroblasts,,Negative,Orbitrap,IR-MALDESI
2025-01-09_16h14m58s,C6_S3,Homo sapiens,Fibroblasts,,Negative,Orbitrap,IR-MALDESI
2025-01-09_16h15m10s,C7_S4,Homo sapiens,Fibroblasts,,Negative,Orbitrap,IR-MALDESI
2025-01-09_16h15m25s,C8_ctrl,Homo sapiens,Fibroblasts,,Negative,Orbitrap,IR-MALDESI
2025-01-09_16h15m59s,D1_Ctrl,Homo sapiens,Fibroblasts,,Negative,Orbitrap,IR-MALDESI
2025-01-09_16h16m09s,D2_neo,Homo sapiens,Fibroblasts,,Negative,Orbitrap,IR-MALDESI
2025-01-09_16h16m34s,D3_adu,Homo sapiens,Fibroblasts,,Negative,Orbitrap,IR-MALDESI
2025-01-09_16h16m48s,D4_S1,Homo sapiens,Fibroblasts,,Negative,Orbitrap,IR-MALDESI
2025-01-09_16h17m02s,D5_S2,Homo sapiens,Fibroblasts,,Negative,Orbitrap,IR-MALDESI
2025-01-09_16h17m13s,D6_S3,Homo sapiens,Fibroblasts,,Negative,Orbitrap,IR-MALDESI
2025-01-09_16h17m51s,D7_S4,Homo sapiens,Fibroblasts,,Negative,Orbitrap,IR-MALDESI
2025-01-09_16h18m02s,D8_ctrl,Homo sapiens,Fibroblasts,,Negative,Orbitrap,IR-MALDESI
2025-01-09_22h07m28s,Ref-S-2210-005019_1_S3_SM_Neg_20241213_IT,Homo sapiens,Kidney,,Negative,Orbitrap,MALDI
2025-01-10_17h51m14s,S-2302-010882_3_S3_SM_Neg_20241213_IT,Homo sapiens,Kidney,,Negative,Orbitrap,MALDI
2025-01-10_20h10m52s,S-2302-010882_6_S3_SM_Neg_20241213_IT,Homo sapiens,Kidney,,Negative,Orbitrap,MALDI
2025-01-10_20h10m53s,S-2302-010882_9_S3_SM_Neg_20241213_IT,Homo sapiens,Kidney,,Negative,Orbitrap,MALDI
2025-01-10_20h10m57s,S-2305-001394_3_S3_SM_Neg_20241213_IT,Homo sapiens,Kidney,,Negative,Orbitrap,MALDI
2025-01-10_20h10m59s,S-2305-001394_6_S3_SM_Neg_20241213_IT,Homo sapiens,Kidney,,Negative,Orbitrap,MALDI
2025-01-10_20h11m00s,S-2305-001394_9_S3_SM_Neg_20241213_IT,Homo sapiens,Kidney,,Negative,Orbitrap,MALDI
2025-01-10_20h59m38s,Ref-S-2210-005019_2_S3_SM_Neg_HR_20241213_IT,Homo sapiens,Kidney,,Negative,Orbitrap,MALDI
2025-01-10_22h02m14s,S-2302-010882_12_S3_SM_Neg_HR_20241213_IT,Homo sapiens,Kidney,,Negative,Orbitrap,MALDI
2025-01-10_23h06m59s,S-2305-001394_12_S3_SM_Neg_HR_20241213_IT,Homo sapiens,Kidney,,Negative,Orbitrap,MALDI
2025-01-10_23h26m52s,Ref-S-2210-005018_1_S3_SM_Neg_20250102_IT,Homo sapiens,Kidney,,Negative,Orbitrap,MALDI
2025-01-10_23h26m55s,Ref-S-2210-005018_2_S3_SM_Neg_20250102_IT,Homo sapiens,Kidney,,Negative,Orbitrap,MALDI
2025-01-10_23h57m25s,Ref-S-2210-005018_3_S3_SM_Neg_20250102_IT,Homo sapiens,Kidney,,Negative,Orbitrap,MALDI
2025-01-10_23h57m28s,Ref-S-2210-005018_4_S3_SM_Neg_20250102_IT,Homo sapiens,Kidney,,Negative,Orbitrap,MALDI
2025-01-11_06h20m41s,Y27-T-pos,Homo sapiens,Kidney,Diseased,Positive,Orbitrap,AP-SMALDI
2025-01-13_20h51m17s,S-2309-028497_6_S3_SM_Neg_20250102_IT,Homo sapiens,Kidney,,Negative,Orbitrap,MALDI
2025-01-13_20h58m06s,S-2305-012699_9_S3_SM_Neg_20250102_IT,Homo sapiens,Kidney,,Negative,Orbitrap,MALDI
2025-01-13_20h58m10s,S-2309-028497_3_S3_SM_Neg_20250102_IT,Homo sapiens,Kidney,,Negative,Orbitrap,MALDI
2025-01-13_20h59m22s,S-2305-012699_3_S3_SM_Neg_20250102_IT,Homo sapiens,Kidney,,Negative,Orbitrap,MALDI
2025-01-13_21h21m26s,S-2305-012699_6_S3_SM_Neg_20250102_IT,Homo sapiens,Kidney,,Negative,Orbitrap,MALDI
2025-01-13_21h21m31s,S-2309-028497_9_S3_SM_Neg_20250102_IT,Homo sapiens,Kidney,,Negative,Orbitrap,MALDI
2025-01-13_22h42m38s,S-2309-028497_12_S3_SM_Neg_HR_20250102_IT,Homo sapiens,Kidney,,Negative,Orbitrap,MALDI
2025-01-13_22h42m41s,S-2305-012699_12_S3_SM_Neg_HR_20250102_IT,Homo sapiens,Kidney,,Negative,Orbitrap,MALDI
2025-01-15_15h46m18s,regions-total ion count,Mus musculus,Brain,,Positive,timsTOF Flex,MALDI
2025-01-15_22h12m52s,s-2308-002420_1_s1_lip_pos_20241213_bg,Homo sapiens,Kidney,Biopsy,Positive,12T FTICR,MALDI
2025-01-15_22h13m30s,s-2308-002420_2_s1_lip_pos_20241213_bg,Homo sapiens,Kidney,Biopsy,Positive,12T FTICR,MALDI
2025-01-15_22h14m00s,s-2308-002420_3_s1_lip_pos_20241213_bg,Homo sapiens,Kidney,Biopsy,Positive,12T FTICR,MALDI
2025-01-15_22h15m57s,s-2308-002420_4_s1_lip_pos_20241213_bg,Homo sapiens,Kidney,Biopsy,Positive,12T FTICR,MALDI
2025-01-15_22h16m51s,s-2308-007564_1_s1_lip_pos_20241213_bg,Homo sapiens,Kidney,Biopsy,Positive,12T FTICR,MALDI
2025-01-15_22h17m08s,s-2308-007564_2_s1_lip_pos_20241213_bg,Homo sapiens,Kidney,Biopsy,Positive,12T FTICR,MALDI
2025-01-15_22h18m07s,s-2308-007564_3_s1_lip_pos_20241213_bg,Homo sapiens,Kidney,Biopsy,Positive,12T FTICR,MALDI
2025-01-15_22h18m39s,s-2308-007564_4_s1_lip_pos_20241213_bg,Homo sapiens,Kidney,Biopsy,Positive,12T FTICR,MALDI
2025-01-15_22h19m14s,s-2401-002293_1_s1_lip_pos_20241213_bg,Homo sapiens,Kidney,Biopsy,Positive,12T FTICR,MALDI
2025-01-15_22h19m55s,s-2401-002293_2_s1_lip_pos_20241213_bg,Homo sapiens,Kidney,Biopsy,Positive,12T FTICR,MALDI
2025-01-15_22h20m28s,s-2401-002293_3_s1_lip_pos_20241213_bg,Homo sapiens,Kidney,Biopsy,Positive,12T FTICR,MALDI
2025-01-15_22h21m01s,s-2401-002293_4_s1_lip_pos_20241213_bg,Homo sapiens,Kidney,Biopsy,Positive,12T FTICR,MALDI
2025-01-15_22h22m26s,qc-077_1_s1_lip_pos_20241213_bg,Homo sapiens,Kidney,Biopsy,Positive,12T FTICR,MALDI
2025-01-15_22h24m12s,qc-077_2_s1_lip_pos_20241213_bg,Homo sapiens,Kidney,Biopsy,Positive,12T FTICR,MALDI
2025-01-15_22h31m17s,qc-077_1_s1_lip_pos_hr_20241213_bg,Homo sapiens,Kidney,Biopsy,Positive,timsTOF Flex,MALDI
2025-01-15_22h36m54s,s-2308-002420_1_s2_lip_neg_20241213_bg,Homo sapiens,Kidney,Healthy,Negative,12T FTICR,MALDI
2025-01-15_22h37m09s,s-2308-002420_2_s2_lip_neg_20241213_bg,Homo sapiens,Kidney,Healthy,Negative,12T FTICR,MALDI
2025-01-15_22h37m33s,s-2308-002420_3_s2_lip_neg_20241213_bg,Homo sapiens,Kidney,Healthy,Negative,12T FTICR,MALDI
2025-01-15_22h37m50s,s-2308-002420_4_s2_lip_neg_20241213_bg,Homo sapiens,Kidney,Healthy,Negative,12T FTICR,MALDI
2025-01-15_22h38m03s,s-2308-007564_1_s2_lip_neg_20241213_bg,Homo sapiens,Kidney,Healthy,Negative,12T FTICR,MALDI
2025-01-15_22h38m15s,s-2308-007564_2_s2_lip_neg_20241213_bg,Homo sapiens,Kidney,Healthy,Negative,12T FTICR,MALDI
2025-01-15_22h38m30s,s-2308-007564_3_s2_lip_neg_20241213_bg,Homo sapiens,Kidney,Healthy,Negative,12T FTICR,MALDI
2025-01-15_22h39m00s,s-2308-007564_4_s2_lip_neg_20241213_bg,Homo sapiens,Kidney,Healthy,Negative,12T FTICR,MALDI
2025-01-15_22h40m18s,s-2401-002293_1_s2_lip_neg_20241213_bg,Homo sapiens,Kidney,Healthy,Negative,12T FTICR,MALDI
2025-01-15_22h40m42s,s-2401-002293_2_s2_lip_neg_20241213_bg,Homo sapiens,Kidney,Healthy,Negative,12T FTICR,MALDI
2025-01-15_22h41m30s,s-2401-002293_3_s2_lip_neg_20241213_bg,Homo sapiens,Kidney,Healthy,Negative,12T FTICR,MALDI
2025-01-15_22h42m04s,s-2401-002293_4_s2_lip_neg_20241213_bg,Homo sapiens,Kidney,Healthy,Negative,12T FTICR,MALDI
2025-01-15_22h42m22s,qc-077_1_s2_lip_neg_20241213_bg,Homo sapiens,Kidney,Healthy,Negative,12T FTICR,MALDI
2025-01-15_22h42m38s,qc-077_2_s2_lip_neg_20241213_bg,Homo sapiens,Kidney,Healthy,Negative,12T FTICR,MALDI
2025-01-15_23h51m00s,qc-077_1_s2_lip_neg_hr_20241213_bg,Homo sapiens,Kidney,Healthy,Negative,timsTOF Flex,MALDI
2025-01-15_23h54m25s,qc-077_2_s2_lip_neg_hr_20241213_bg,Homo sapiens,Kidney,Healthy,Negative,timsTOF Flex,MALDI
2025-01-16_00h07m04s,qc-077_2_s1_lip_pos_hr_20241213_bg,Homo sapiens,Kidney,Biopsy,Positive,timsTOF Flex,MALDI
2025-01-16_00h11m51s,qc-077_1_s1_lip_pos_hr_20241231_bg,Homo sapiens,Kidney,Biopsy,Positive,timsTOF Flex,MALDI
2025-01-16_01h14m24s,qc-077_2_s1_lip_pos_hr_20241231_bg,Homo sapiens,Kidney,Biopsy,Positive,timsTOF Flex,MALDI
2025-01-16_10h27m03s,2025_01_15_lipidoscreen1_9aa-total ion count,Mus musculus,Brain,,Positive,timsTOF Flex,MALDI
2025-01-16_10h28m37s,2025_01_15_lipidoscreen1_chca-total ion count,Mus musculus,Brain,,Positive,timsTOF Flex,MALDI
2025-01-16_10h30m01s,2025_01_15_lipidoscreen1_dhb-total ion count,Mus musculus,Brain,,Positive,timsTOF Flex,MALDI
2025-01-16_10h36m04s,2025_01_15_lipidoscreen1bis_dan_hcl-total ion count,Mus musculus,Brain,,Positive,timsTOF Flex,MALDI
2025-01-16_10h42m28s,2025_01_15_lipidoscreen1bis_dan_lipido-total ion count,Mus musculus,Brain,,Positive,timsTOF Flex,MALDI
2025-01-16_10h45m33s,2025_01_15_lipidoscreen1bis_norharmane-total ion count,Mus musculus,Brain,,Positive,timsTOF Flex,MALDI
2025-01-17_09h52m41s,20250116_APMALDI_Image2_PAG_30um_120k_280min,Mus musculus,Brain,Wildtype,Positive,Orbitrap,AP-MALDI
2025-01-20_09h11m27s,MPIMM_503_QE_P,Mus musculus,small intestine (jejunum),SPF A5,Negative,Orbitrap,AP-SMALDI
2025-01-21_06h26m25s,,Homo sapiens,Whole organism,Diseased,Negative,Orbitrap,DESI
2025-01-21_07h02m47s,,Homo sapiens,Whole organism,Diseased,Negative,Orbitrap,DESI
2025-01-21_09h06m12s,MPIMM_503.2_QE_P,Mus musculus,small intestine (jejunum),SPF A5,Positive,Orbitrap,AP-SMALDI
2025-01-21_17h08m45s,Mouse Brain Old 1 Pos Mode,Mus musculus,Brain,Wildtype,Positive,timsTOF Flex,MALDI
2025-01-21_18h06m18s,Mouse Brain Old 1 Neg Mode,Mus musculus,Brain,Wildtype,Negative,timsTOF Flex,MALDI
2025-01-21_18h23m05s,,Homo sapiens,Whole organism,Diseased,Negative,Orbitrap,DESI
2025-01-23_18h22m01s,tb1lu_ctrl_3_cer,Homo sapiens,Lung,Tumor,Negative,timsTOF Flex,MALDI
2025-01-23_18h23m16s,tb1lu_ctrl_4_cer,Homo sapiens,Lung,Tumor,Negative,timsTOF Flex,MALDI
2025-01-23_18h24m08s,tb1lu_rx_1_cer,Homo sapiens,Lung,Tumor,Negative,timsTOF Flex,MALDI
2025-01-23_18h24m39s,tb1lu_rx_2_cer,Homo sapiens,Lung,Tumor,Negative,timsTOF Flex,MALDI
2025-01-23_18h25m33s,tb1lu_rx_3_cer,Homo sapiens,Lung,Tumor,Negative,timsTOF Flex,MALDI
2025-01-23_18h26m39s,tb1luaa_ctrl_2_cer,Homo sapiens,Lung,Tumor,Negative,timsTOF Flex,MALDI
2025-01-23_18h28m31s,tb1luaa_ctrl_4_cer,Homo sapiens,Lung,Tumor,Negative,timsTOF Flex,MALDI
2025-01-23_18h28m50s,tb1luaa_ctrl_5_cer,Homo sapiens,Lung,Tumor,Negative,timsTOF Flex,MALDI
2025-01-23_18h29m12s,tb1luaa_ctrl_6_cer,Homo sapiens,Lung,Tumor,Negative,timsTOF Flex,MALDI
2025-01-23_18h29m39s,tb1luaa_ctrl_7_cer,Homo sapiens,Lung,Tumor,Negative,timsTOF Flex,MALDI
2025-01-23_18h30m54s,tb1luaa_rx_2_cer,Homo sapiens,Lung,Tumor,Negative,timsTOF Flex,MALDI
2025-01-23_18h32m05s,tb1luaa_rx_3_cer,Homo sapiens,Lung,Tumor,Negative,timsTOF Flex,MALDI
2025-01-23_18h35m37s,tb1lu_ctrl_3_met,Homo sapiens,Lung,Tumor,Negative,timsTOF Flex,MALDI
2025-01-23_18h36m17s,tb1lu_ctrl_4_met,Homo sapiens,Lung,Tumor,Negative,timsTOF Flex,MALDI
2025-01-23_18h36m54s,tb1lu_ctrl_5_met,Homo sapiens,Lung,Tumor,Negative,timsTOF Flex,MALDI
2025-01-23_18h37m15s,tb1lu_rx_1_met,Homo sapiens,Lung,Tumor,Negative,timsTOF Flex,MALDI
2025-01-23_18h38m07s,tb1lu_rx_3_met,Homo sapiens,Lung,Tumor,Negative,timsTOF Flex,MALDI
2025-01-23_18h38m33s,tb1luaa_ctrl_1_met,Homo sapiens,Lung,Tumor,Negative,timsTOF Flex,MALDI
2025-01-23_18h38m59s,tb1luaa_ctrl_2_met,Homo sapiens,Lung,Tumor,Negative,timsTOF Flex,MALDI
2025-01-23_18h39m20s,tb1luaa_ctrl_4_met,Homo sapiens,Lung,Tumor,Negative,timsTOF Flex,MALDI
2025-01-23_18h39m45s,tb1luaa_ctrl_5_met,Homo sapiens,Lung,Tumor,Negative,timsTOF Flex,MALDI
2025-01-23_18h40m31s,tb1luaa_ctrl_7_met,Homo sapiens,Lung,Tumor,Negative,timsTOF Flex,MALDI
2025-01-23_18h41m11s,tb1luaa_rx_1_met,Homo sapiens,Lung,Tumor,Negative,timsTOF Flex,MALDI
2025-01-23_18h43m21s,tb1lu_ctrl_3_SM,Homo sapiens,Lung,Tumor,Positive,timsTOF Flex,MALDI
2025-01-23_18h49m06s,tb1lu_ctrl_4_SM,Homo sapiens,Lung,Tumor,Positive,timsTOF Flex,MALDI
2025-01-23_18h52m53s,tb1lu_ctrl_5_SM,Homo sapiens,Lung,Tumor,Positive,timsTOF Flex,MALDI
2025-01-23_18h54m11s,tb1lu_rx_1_SM,Homo sapiens,Lung,Tumor,Positive,timsTOF Flex,MALDI
2025-01-23_18h54m35s,tb1lu_rx_2_SM,Homo sapiens,Lung,Tumor,Positive,timsTOF Flex,MALDI
2025-01-23_18h55m06s,tb1lu_rx_3_SM,Homo sapiens,Lung,Tumor,Positive,timsTOF Flex,MALDI
2025-01-23_18h55m55s,tb1luaa_ctrl_1_SM,Homo sapiens,Lung,Tumor,Positive,timsTOF Flex,MALDI
2025-01-23_18h56m12s,tb1luaa_ctrl_2_SM,Homo sapiens,Lung,Tumor,Positive,timsTOF Flex,MALDI
2025-01-23_18h56m44s,tb1luaa_ctrl_4_SM,Homo sapiens,Lung,Tumor,Positive,timsTOF Flex,MALDI
2025-01-23_18h57m09s,tb1luaa_ctrl_5_SM,Homo sapiens,Lung,Tumor,Positive,timsTOF Flex,MALDI
2025-01-23_18h57m55s,tb1luaa_ctrl_7_SM,Homo sapiens,Lung,Tumor,Positive,timsTOF Flex,MALDI
2025-01-23_19h02m22s,a549_01_rx_cer,Homo sapiens,Lung,Tumor,Negative,timsTOF Flex,MALDI
2025-01-23_19h03m16s,a549_02_rx_cer,Homo sapiens,Lung,Tumor,Negative,timsTOF Flex,MALDI
2025-01-23_19h03m49s,a549_01_cer,Homo sapiens,Lung,Tumor,Negative,timsTOF Flex,MALDI
2025-01-23_19h08m00s,tb-1 lu_6.5_01_cer,Homo sapiens,Lung,Tumor,Negative,timsTOF Flex,MALDI
2025-01-23_19h09m01s,tb-1 lu_6.5_01_rx_cer,Homo sapiens,Lung,Tumor,Negative,timsTOF Flex,MALDI
2025-01-23_19h09m42s,tb-1 lu_6.5_02_rx_cer,Homo sapiens,Lung,Tumor,Negative,timsTOF Flex,MALDI
2025-01-23_19h10m06s,tb-1 lu_6.5_03_rx_cer,Homo sapiens,Lung,Tumor,Negative,timsTOF Flex,MALDI
2025-01-23_19h14m05s,tb-1 lu_6.5_04_rx_cer,Homo sapiens,Lung,Tumor,Negative,timsTOF Flex,MALDI
2025-01-23_19h15m11s,tb-1 lu_6.5_05_rx_cer,Homo sapiens,Lung,Tumor,Negative,timsTOF Flex,MALDI
2025-01-23_19h24m00s,tb-1 lu_6.5_05_rx_cer,Homo sapiens,Lung,Tumor,Negative,timsTOF Flex,MALDI
2025-01-23_19h28m19s,tb-1 lu_7.4_01_rx-cer,Homo sapiens,Lung,Tumor,Negative,timsTOF Flex,MALDI
2025-01-23_19h31m21s,tb-1 lu_7.4_01-cer,Homo sapiens,Lung,Tumor,Negative,timsTOF Flex,MALDI
2025-01-23_19h32m33s,tb-1 lu_7.4_02_rx-cer,Homo sapiens,Lung,Tumor,Negative,timsTOF Flex,MALDI
2025-01-23_19h33m20s,tb-1 lu_7.4_02-cer,Homo sapiens,Lung,Tumor,Negative,timsTOF Flex,MALDI
2025-01-26_07h52m40s,,Homo sapiens,Whole organism,Diseased,Negative,Orbitrap,DESI
2025-01-27_07h57m54s,,Homo sapiens,Whole organism,Diseased,Negative,Orbitrap,DESI
2025-01-29_16h26m40s,2025_01_15_lipidoscreen1bis_norharmane_neg,Mus musculus,Brain,,Negative,timsTOF Flex,MALDI
2025-01-29_16h28m17s,2025_01_15_lipidoscreen1bis_dan_lipido_neg,Mus musculus,Brain,,Negative,timsTOF Flex,MALDI
2025-01-29_16h29m40s,2025_01_15_lipidoscreen1bis_dan_hcl_neg,Mus musculus,Brain,,Negative,timsTOF Flex,MALDI
2025-01-30_11h17m17s,duo_9292_9298-30-chca_dan_pos_20um,Mixed,Breast,Cancer,Positive,timsTOF Flex,MALDI
2025-01-31_09h13m43s,2025jan22_sbc_slide2_20_1,Homo sapiens,Cells,,Negative,timsTOF Flex,MALDI
2025-02-11_04h28m00s,rp dhb rms,Mus musculus,Stomach,,Positive,TOF reflector,MALDI
2025-02-14_12h22m18s,pancreatic necrosis,Homo sapiens,Pancreas,necrosis,Positive,Orbitrap,DESI
2025-02-17_08h52m41s,con1-root mean square,Mus musculus,Ovary,Wild type,Negative,FTICR,MALDI
2025-02-17_08h53m39s,con2-root mean square,Mus musculus,Ovary,Wild type,Negative,FTICR,MALDI
2025-02-17_08h54m37s,ko1-root mean square,Mus musculus,Ovary,Wild type,Negative,FTICR,MALDI
2025-02-17_08h56m23s,ko2-root mean square,Mus musculus,Ovary,Agk cKO,Negative,FTICR,MALDI
2025-02-18_11h00m19s,full scan positive second,Homo sapiens,Pancreas,necrosis,Positive,Orbitrap,DESI
2025-02-18_11h01m47s,full scan negative,Homo sapiens,Pancreas,necrosis,Negative,Orbitrap,DESI
2025-02-20_09h46m59s,MPIMM_510_QE_P,Mus musculus,small intestine (jejunum),m_Y3,Positive,Orbitrap,AP-SMALDI
2025-02-21_18h24m33s,S-2210-005027-CMC-r3_1_S1_SM_Neg_20250214_IT,Homo sapiens,Kidney,,Negative,Orbitrap,MALDI
2025-02-21_18h24m34s,S-2210-005031-OCT-r3_1_S1_SM_Neg_20250214_IT,Homo sapiens,Kidney,,Negative,Orbitrap,MALDI
2025-02-21_18h24m41s,S-2210-005033-H2O-r3_1_S1_SM_Neg_20250214_IT,Homo sapiens,Kidney,,Negative,Orbitrap,MALDI
2025-02-21_23h41m11s,2025_0131_MouseHeart_3_1,Mus musculus,Heart,Wildtype,Positive,Q-TOF,DESI
2025-02-28_02h07m16s,2025_02_27_nih_50x50_a32_ss25_DanNeg,Mus musculus,Cells,Wildtype,Negative,Orbitrap,MALDI
2025-02-28_20h41m50s,qc-077_2_s2_lip_neg_20250127_bg,Homo sapiens,Kidney,Biopsy,Negative,timsTOF Flex,MALDI
2025-03-07_17h08m32s,qc-077_1_s1_lip_pos_20250127_bg-01,Homo sapiens,Kidney,Biopsy,Positive,timsTOF Flex,MALDI
2025-03-07_17h34m37s,qc-077_1_s1_lip_pos_20250127_bg-01-12ppm,Homo sapiens,Kidney,Biopsy,Positive,timsTOF Flex,MALDI
2025-03-08_01h50m54s,qc-077_1_s2_lip_neg_20250127_bg-recal,Homo sapiens,Kidney,Biopsy,Negative,timsTOF Flex,MALDI
2025-03-11_21h20m34s,Tiissue_100um_pos_Price_082624_Slide_B_Analyte 2_1,Homo sapiens,Dorsal root ganglion,Diseased,Positive,qTOF,DESI
2025-03-12_11h20m29s,2025_03_11_bruker_ext_mz_k0-total ion count,Mus musculus,Brain,,Positive,timsTOF Flex,MALDI
2025-03-12_11h21m26s,2025_03_11-mcf_total ion count,Mus musculus,Brain,,Positive,timsTOF Flex,MALDI
2025-03-12_22h04m15s,100um_082624_CLMC,Homo sapiens,Dorsal root ganglion,Diseased,Positive,qTOF,DESI
2025-03-14_13h30m04s,FeMoO4_pos,Homo sapiens,Whole organism,Biopsy,Positive,Orbitrap,MALDI
2025-03-17_09h52m42s,FeMoO4_pos,Homo sapiens,Whole organism,Biopsy,Positive,Orbitrap,MALDI
2025-03-18_01h50m20s,20250314_SC3_HeLa2DG.Slide1.A4.0,Homo sapiens,HeLa,Healthy,Negative,Orbitrap,MALDI
2025-03-18_01h50m33s,20250314_SC3_HeLa2DG.Slide1.B1.0,Homo sapiens,HeLa,Healthy,Negative,Orbitrap,MALDI
2025-03-18_01h51m53s,20250314_SC3_HeLa2DG.Slide1.E2.0,Homo sapiens,HeLa,2DG-12h,Negative,Orbitrap,MALDI
2025-03-18_01h52m09s,20250314_SC3_HeLa2DG.Slide1.E3.0,Homo sapiens,HeLa,2DG-12h,Negative,Orbitrap,MALDI
2025-03-18_01h52m21s,20250314_SC3_HeLa2DG.Slide1.E4.0,Homo sapiens,HeLa,2DG-12h,Negative,Orbitrap,MALDI
2025-03-18_01h52m46s,20250314_SC3_HeLa2DG.Slide1.F2.0,Homo sapiens,HeLa,2DG-12h,Negative,Orbitrap,MALDI
2025-03-18_01h53m02s,20250314_SC3_HeLa2DG.Slide1.F3.0,Homo sapiens,HeLa,2DG-12h,Negative,Orbitrap,MALDI
2025-03-18_01h53m41s,20250314_SC3_HeLa2DG.Slide1.H2.0,Homo sapiens,HeLa,2DG-24h,Negative,Orbitrap,MALDI
2025-03-18_01h54m01s,20250314_SC3_HeLa2DG.Slide1.H3.0,Homo sapiens,HeLa,2DG-24h,Negative,Orbitrap,MALDI
2025-03-18_01h54m19s,20250314_SC3_HeLa2DG.Slide1.I1.0,Homo sapiens,HeLa,2DG-24h,Negative,Orbitrap,MALDI
2025-03-18_01h54m47s,20250314_SC3_HeLa2DG.Slide1.I3.0,Homo sapiens,HeLa,2DG-24h,Negative,Orbitrap,MALDI
2025-03-18_01h55m01s,20250314_SC3_HeLa2DG.Slide1.I4.0,Homo sapiens,HeLa,2DG-24h,Negative,Orbitrap,MALDI
2025-03-18_08h39m08s,3984-pos,Homo sapiens,Breast,Diseased,Positive,timsTOF Flex,MALDI
2025-03-18_08h43m52s,4636-neg,Homo sapiens,Breast,Diseased,Negative,timsTOF Flex,MALDI
2025-03-18_09h01m53s,4636-pos,Homo sapiens,Breast,Diseased,Positive,timsTOF Flex,MALDI
2025-03-18_09h12m16s,6610-neg,Homo sapiens,Breast,Diseased,Negative,timsTOF Flex,MALDI
2025-03-18_09h40m15s,6610-pos,Homo sapiens,Breast,Diseased,Positive,timsTOF Flex,MALDI
2025-03-18_09h58m01s,59430-neg,Homo sapiens,Breast,Diseased,Negative,timsTOF Flex,MALDI
2025-03-18_11h10m38s,63538-pos,Homo sapiens,Breast,Diseased,Positive,timsTOF Flex,MALDI
2025-03-18_11h46m16s,59430-pos,Homo sapiens,Breast,Diseased,Positive,timsTOF Flex,MALDI
2025-03-18_12h03m44s,63538-neg,Homo sapiens,Breast,Diseased,Negative,timsTOF Flex,MALDI
2025-03-19_16h15m47s,2025_03_17_BRK_NEG,Mus musculus,Brain,,Negative,timsTOF Flex,MALDI
2025-03-19_16h20m57s,2025_03_17_MCF_NEG,Mus musculus,Brain,,Negative,timsTOF Flex,MALDI
2025-03-19_16h33m19s,2025_03_18_BRK_POS,Mus musculus,Brain,,Positive,timsTOF Flex,MALDI
2025-03-19_16h39m11s,2025_03_18_MCF_POS,Mus musculus,Brain,,Positive,timsTOF Flex,MALDI
2025-03-19_16h45m41s,2025_03_18_mcf_pos_500-2001-total ion count,Mus musculus,Brain,,Positive,timsTOF Flex,MALDI
2025-03-22_08h05m10s,CXL_20250321_liver_P_1 Analyte 3_1,Mus musculus,Liver,,Positive,Q-TOF,MALDI
2025-03-24_20h33m17s,S-2310-001296_3_S3_SM_Neg_20250109_IT,Homo sapiens,Kidney,,Negative,Orbitrap,MALDI
2025-03-24_20h33m30s,S-2310-001296_6_S3_SM_Neg_20250109_IT,Homo sapiens,Kidney,,Negative,Orbitrap,MALDI
2025-03-24_20h33m40s,S-2310-001343_3_S3_SM_Neg_20250109_IT,Homo sapiens,Kidney,,Negative,Orbitrap,MALDI
2025-03-24_20h42m59s,S-2310-001296_9_S3_SM_Neg_20250109_IT,Homo sapiens,Kidney,,Negative,Orbitrap,MALDI
2025-03-24_20h43m07s,S-2310-001343_6_S3_SM_Neg_20250109_IT,Homo sapiens,Kidney,,Negative,Orbitrap,MALDI
2025-03-24_20h57m05s,S-2310-001296_12_S3_SM_Neg_20250109_IT,Homo sapiens,Kidney,,Negative,Orbitrap,MALDI
2025-03-24_21h20m17s,S-2310-001343_9_S3_SM_Neg_20250109_IT,Homo sapiens,Kidney,,Negative,Orbitrap,MALDI
2025-03-24_21h54m09s,S-2310-016617_3_S3_SM_Neg_20250127_IT,Homo sapiens,Kidney,,Negative,Orbitrap,MALDI
2025-03-24_21h54m18s,S-2310-016617_6_S3_SM_Neg_20250127_IT,Homo sapiens,Kidney,,Negative,Orbitrap,MALDI
2025-03-24_21h54m26s,S-2310-016617_9_S3_SM_Neg_20250127_IT,Homo sapiens,Kidney,,Negative,Orbitrap,MALDI
2025-03-24_22h30m42s,S-2310-016617_12_S3_SM_Neg_20250127_IT,Homo sapiens,Kidney,,Negative,Orbitrap,MALDI
2025-03-24_22h30m47s,S-2310-016664_3_S3_SM_Neg_20250127_IT,Homo sapiens,Kidney,,Negative,Orbitrap,MALDI
2025-03-24_22h30m53s,S-2310-016664_6_S3_SM_Neg_20250127_IT,Homo sapiens,Kidney,,Negative,Orbitrap,MALDI
2025-03-24_22h31m01s,S-2310-016664_9_S3_SM_Neg_20250127_IT,Homo sapiens,Kidney,,Negative,Orbitrap,MALDI
2025-03-24_23h37m35s,S-2310-016664_12_S3_SM_Neg_20250127_IT,Homo sapiens,Kidney,,Negative,Orbitrap,MALDI
2025-03-25_06h19m42s,20230422_Au60_mouse_brain_90um,Mus musculus,Brain,,Positive,TOF reflector,MALDI
2025-03-25_22h20m47s,20250314_SC3_HeLa2DG.Slide1.B3.0,Homo sapiens,HeLa,Healthy,Negative,Orbitrap,MALDI
2025-03-25_22h22m30s,20250314_SC3_HeLa2DG.Slide1.B4.0,Homo sapiens,HeLa,Healthy,Negative,Orbitrap,MALDI
2025-03-26_19h28m26s,s-2210-005031_3_s1_lip_pos_20240909_bg-recal,Homo sapiens,Kidney,Biopsy,Positive,timsTOF Flex,MALDI
2025-03-27_14h43m24s,20250325_jkl_qc_neg_timsoff-1-total ion count,Mus musculus,Brain,Wildtype,Negative,timsTOF Flex,MALDI
2025-03-27_16h41m08s,20250325_jkl_qc_neg_timson-2-total ion count,Mus musculus,Brain,Wildtype,Negative,timsTOF Flex,MALDI
2025-03-27_20h55m00s,qc-077_1_s2_lip_neg_20241108_bg,Homo sapiens,Kidney,Biopsy,Negative,timsTOF Flex,MALDI
2025-03-28_01h00m53s,qc-077_1_s1_lip_pos_20241231_bg,Homo sapiens,Kidney,Biopsy,Positive,12T FTICR,MALDI
2025-03-28_01h01m06s,qc-077_2_s1_lip_pos_20241231_bg,Homo sapiens,Kidney,Biopsy,Positive,12T FTICR,MALDI
2025-03-28_01h01m20s,s-2302-010882_1_s1_lip_pos_20241231_bg,Homo sapiens,Kidney,Biopsy,Positive,12T FTICR,MALDI
2025-03-28_01h01m56s,s-2302-010882_2_s1_lip_pos_20241231_bg,Homo sapiens,Kidney,Biopsy,Positive,12T FTICR,MALDI
2025-03-28_01h02m40s,s-2302-010882_3_s1_lip_pos_20241231_bg,Homo sapiens,Kidney,Biopsy,Positive,12T FTICR,MALDI
2025-03-28_01h02m54s,s-2302-010882_4_s1_lip_pos_20241231_bg,Homo sapiens,Kidney,Biopsy,Positive,12T FTICR,MALDI
2025-03-28_01h03m30s,s-2305-001394_1_s1_lip_pos_20241231_bg,Homo sapiens,Kidney,Biopsy,Positive,12T FTICR,MALDI
2025-03-28_01h04m14s,s-2305-001394_2_s1_lip_pos_20241231_bg,Homo sapiens,Kidney,Biopsy,Positive,12T FTICR,MALDI
2025-03-28_01h05m06s,s-2305-001394_3_s1_lip_pos_20241231_bg,Homo sapiens,Kidney,Biopsy,Positive,12T FTICR,MALDI
2025-03-28_01h05m23s,s-2305-001394_4_s1_lip_pos_20241231_bg,Homo sapiens,Kidney,Biopsy,Positive,12T FTICR,MALDI
2025-03-28_01h05m39s,s-2305-012699_1_s1_lip_pos_20241231_bg,Homo sapiens,Kidney,Biopsy,Positive,12T FTICR,MALDI
2025-03-28_01h06m25s,s-2305-012699_2_s1_lip_pos_20241231_bg,Homo sapiens,Kidney,Biopsy,Positive,12T FTICR,MALDI
2025-03-28_01h06m50s,s-2305-012699_3_s1_lip_pos_20241231_bg,Homo sapiens,Kidney,Biopsy,Positive,12T FTICR,MALDI
2025-03-28_01h07m46s,s-2305-012699_4_s1_lip_pos_20241231_bg,Homo sapiens,Kidney,Biopsy,Positive,12T FTICR,MALDI
2025-03-28_01h09m14s,qc-077_1_s2_lip_neg_20241231_bg,Homo sapiens,Kidney,Healthy,Negative,12T FTICR,MALDI
2025-03-28_01h09m29s,qc-077_2_s2_lip_neg_20241231_bg,Homo sapiens,Kidney,Healthy,Negative,12T FTICR,MALDI
2025-03-28_17h32m02s,s-2302-010882_1_s2_lip_neg_20241231_bg,Homo sapiens,Kidney,Healthy,Negative,12T FTICR,MALDI
2025-03-28_17h32m14s,s-2302-010882_2_s2_lip_neg_20241231_bg,Homo sapiens,Kidney,Healthy,Negative,12T FTICR,MALDI
2025-03-28_17h32m25s,s-2302-010882_3_s2_lip_neg_20241231_bg,Homo sapiens,Kidney,Healthy,Negative,12T FTICR,MALDI
2025-03-28_17h32m34s,s-2302-010882_4_s2_lip_neg_20241231_bg,Homo sapiens,Kidney,Healthy,Negative,12T FTICR,MALDI
2025-03-28_17h32m47s,s-2305-001394_1_s2_lip_neg_20241231_bg,Homo sapiens,Kidney,Healthy,Negative,12T FTICR,MALDI
2025-03-28_17h33m31s,s-2305-001394_2_s2_lip_neg_20241231_bg,Homo sapiens,Kidney,Healthy,Negative,12T FTICR,MALDI
2025-03-28_17h33m48s,s-2305-001394_3_s2_lip_neg_20241231_bg,Homo sapiens,Kidney,Healthy,Negative,12T FTICR,MALDI
2025-03-28_17h34m18s,s-2305-001394_4_s2_lip_neg_20241231_bg,Homo sapiens,Kidney,Healthy,Negative,12T FTICR,MALDI
2025-03-28_17h34m32s,s-2305-012699_1_s2_lip_neg_20241231_bg,Homo sapiens,Kidney,Healthy,Negative,12T FTICR,MALDI
2025-03-28_17h35m15s,s-2305-012699_2_s2_lip_neg_20241231_bg,Homo sapiens,Kidney,Healthy,Negative,12T FTICR,MALDI
2025-03-28_17h35m36s,s-2305-012699_3_s2_lip_neg_20241231_bg,Homo sapiens,Kidney,Healthy,Negative,12T FTICR,MALDI
2025-03-28_17h36m14s,s-2305-012699_4_s2_lip_neg_20241231_bg,Homo sapiens,Kidney,Healthy,Negative,12T FTICR,MALDI
2025-03-28_17h47m10s,qc-077_1_s2_lip_neg_hr_20241231_bg,Homo sapiens,Kidney,Healthy,Negative,timsTOF Flex,MALDI
2025-03-29_00h15m21s,qc-077_1_s2_lip_neg_20250103_bg,Homo sapiens,Kidney,Healthy,Negative,12T FTICR,MALDI
2025-03-29_00h15m36s,qc-077_2_s2_lip_neg_20250103_bg,Homo sapiens,Kidney,Healthy,Negative,12T FTICR,MALDI
2025-03-29_00h16m35s,s-2309-028497_1_s2_lip_neg_20250103_bg,Homo sapiens,Kidney,Healthy,Negative,12T FTICR,MALDI
2025-03-29_00h20m55s,s-2309-028497_2_s2_lip_neg_20250103_bg,Homo sapiens,Kidney,Healthy,Negative,12T FTICR,MALDI
2025-03-29_00h21m32s,s-2309-028497_3_s2_lip_neg_20250103_bg,Homo sapiens,Kidney,Healthy,Negative,12T FTICR,MALDI
2025-03-29_00h22m50s,s-2309-028497_4_s2_lip_neg_20250103_bg,Homo sapiens,Kidney,Healthy,Negative,12T FTICR,MALDI
2025-03-29_00h23m05s,s-2310-001296_1_s2_lip_neg_20250103_bg,Homo sapiens,Kidney,Healthy,Negative,12T FTICR,MALDI
2025-03-29_00h26m10s,s-2310-001296_2_s2_lip_neg_20250103_bg,Homo sapiens,Kidney,Healthy,Negative,12T FTICR,MALDI
2025-03-29_00h27m37s,s-2310-001296_3_s2_lip_neg_20250103_bg,Homo sapiens,Kidney,Healthy,Negative,12T FTICR,MALDI
2025-03-29_00h27m53s,s-2310-001296_4_s2_lip_neg_20250103_bg,Homo sapiens,Kidney,Healthy,Negative,12T FTICR,MALDI
2025-03-29_00h28m15s,s-2310-001343_1_s2_lip_neg_20250103_bg,Homo sapiens,Kidney,Healthy,Negative,12T FTICR,MALDI
2025-03-29_00h28m51s,s-2310-001343_2_s2_lip_neg_20250103_bg,Homo sapiens,Kidney,Healthy,Negative,12T FTICR,MALDI
2025-03-29_00h29m38s,s-2310-001343_3_s2_lip_neg_20250103_bg,Homo sapiens,Kidney,Healthy,Negative,12T FTICR,MALDI
2025-03-29_00h31m22s,s-2310-001343_4_s2_lip_neg_20250103_bg,Homo sapiens,Kidney,Healthy,Negative,12T FTICR,MALDI
2025-03-29_00h34m03s,qc-077_1_s1_lip_pos_20250103_bg,Homo sapiens,Kidney,Biopsy,Positive,12T FTICR,MALDI
2025-03-29_00h34m20s,qc-077_2_s1_lip_pos_20250103_bg,Homo sapiens,Kidney,Biopsy,Positive,12T FTICR,MALDI
2025-03-29_00h35m01s,s-2309-028497_1_s1_lip_pos_20250103_bg,Homo sapiens,Kidney,Biopsy,Positive,12T FTICR,MALDI
2025-03-29_00h35m16s,s-2309-028497_2_s1_lip_pos_20250103_bg,Homo sapiens,Kidney,Biopsy,Positive,12T FTICR,MALDI
2025-03-29_00h35m47s,s-2309-028497_3_s1_lip_pos_20250103_bg,Homo sapiens,Kidney,Biopsy,Positive,12T FTICR,MALDI
2025-03-29_00h36m12s,s-2309-028497_4_s1_lip_pos_20250103_bg,Homo sapiens,Kidney,Biopsy,Positive,12T FTICR,MALDI
2025-03-29_00h36m30s,s-2310-001296_1_s1_lip_pos_20250103_bg,Homo sapiens,Kidney,Biopsy,Positive,12T FTICR,MALDI
2025-03-29_00h36m41s,s-2310-001296_2_s1_lip_pos_20250103_bg,Homo sapiens,Kidney,Biopsy,Positive,12T FTICR,MALDI
2025-03-29_00h37m02s,s-2310-001296_3_s1_lip_pos_20250103_bg,Homo sapiens,Kidney,Biopsy,Positive,12T FTICR,MALDI
2025-03-29_00h42m40s,s-2310-001296_4_s1_lip_pos_20250103_bg,Homo sapiens,Kidney,Biopsy,Positive,12T FTICR,MALDI
2025-03-29_00h43m18s,s-2310-001343_1_s1_lip_pos_20250103_bg,Homo sapiens,Kidney,Biopsy,Positive,12T FTICR,MALDI
2025-03-29_00h43m33s,s-2310-001343_2_s1_lip_pos_20250103_bg,Homo sapiens,Kidney,Biopsy,Positive,12T FTICR,MALDI
2025-03-29_00h44m20s,s-2310-001343_3_s1_lip_pos_20250103_bg,Homo sapiens,Kidney,Biopsy,Positive,12T FTICR,MALDI
2025-03-29_00h45m14s,s-2310-001343_4_s1_lip_pos_20250103_bg,Homo sapiens,Kidney,Biopsy,Positive,12T FTICR,MALDI
2025-03-31_10h41m20s,ITO-PET_ glass 30um,Mus musculus,Brain,,Positive,Orbitrap,MALDI
2025-03-31_10h49m02s,thermo_PEN_glass 30um,Mus musculus,Brain,,Positive,Orbitrap,MALDI
2025-03-31_13h24m15s,221128CB_Au_P_BU1627_T2_Tumor_new-trimmed,Homo sapiens,Bladder,Diseased,Positive,Orbitrap,MALDI
2025-04-07_22h39m28s,UTSW_1149_T3_03_pos_1AFAMMA_1,Homo sapiens,HNC,Diseased,Positive,qTOF,DESI
2025-04-08_14h28m00s,20250407_A3T_CLC_257x268_10um_DAN_NEG_mode_200-1000mz_140K_Laser35.5_2KV_350C_Slens90,Homo sapiens,Pancreas,Tumor,Negative,Orbitrap,AP-SMALDI
2025-04-09_01h57m25s,04072025_chcasubrex_slide6_2-total ion count,Mus musculus,Brain,Wildtype,Positive,TOF reflector,MALDI
2025-04-10_14h45m11s,"brain from Janda M, .., & Liebke M 2021",Mus musculus,Brain,unknown,Positive,Orbitrap,AP-SMALDI
2025-04-10_14h53m38s,"cerebellum Bonjd N, ..., Griffin J & Hall Z 2017",Mus musculus,Cerebellum,Healthy,Positive,Orbitrap,MALDI
2025-04-10_17h46m31s,2025_0327_Burton__Set8_slide3_top4_pos_1_CLMCAFAMM_1,Homo sapiens,Lymph node,Diseased,Positive,qTOF,DESI
2025-04-10_17h56m52s,20201029scilslab_ncfr_glia_combine_root_mean_square,Homo sapiens,Brain,,Negative,FTICR,MALDI
2025-04-10_23h29m14s,re-annotate RB_a2s2 2018,Mus musculus,Brain,Wild type,Positive,FTICR,MALDI
2025-04-11_02h14m31s,s-2502-004902_1_s1_lip_pos_20250402_bg,Homo sapiens,Kidney,Biopsy,Positive,timsTOF Flex,MALDI
2025-04-12_06h29m29s,UTD_Burton__Set3_slide3_bottom4_pos_2_CLMCAFAMM_1,Homo sapiens,Lymph node,Diseased,Positive,qTOF,DESI
2025-04-12_06h43m35s,UTD_Burton__Set3_slide3_top4_pos_2_CLMCAFAMM_1,Homo sapiens,Lymph node,Diseased,Positive,qTOF,DESI
2025-04-12_07h05m34s,UTD_Burton__Set3_slide3_bottom4_pos_2_CLMCAFAMM_1,Homo sapiens,Lymph node,Diseased,Positive,qTOF,DESI
2025-04-12_07h25m34s,2025_0327_Burton__Set8_slide3_bottom4_pos_1_CLMCAFAMM_1,Homo sapiens,Lymph node,Diseased,Positive,qTOF,DESI
2025-04-14_09h00m43s,00070_lgruber_qcl-msi_het-0707_data5_slide1-rms,Mus musculus,Kidney,Wild type,Negative,timsTOF Flex,MALDI
2025-04-14_09h06m15s,00070_lgruber_qcl-msi_het-0717_data3_slide1-rms,Mus musculus,Kidney,Wild type,Negative,timsTOF Flex,MALDI
2025-04-14_09h12m31s,00070_lgruber_qcl-msi_ko-0710_data3_slide1-rms,Mus musculus,Kidney,Diseased,Negative,timsTOF Flex,MALDI
2025-04-14_09h34m27s,00070_lgruber_qcl-msi_ko-4658_data1_slide1-rms,Mus musculus,Kidney,Diseased,Negative,timsTOF Flex,MALDI
2025-04-14_09h45m39s,00070_lgruber_qcl-msi_ko-5002_data6_slide1-rms,Mus musculus,Kidney,Diseased,Negative,timsTOF Flex,MALDI
2025-04-14_10h18m43s,00070_lgruber_qcl-msi_wt-4628_data1_slide1-rms,Mus musculus,Kidney,Wildtype,Negative,timsTOF Flex,MALDI
2025-04-15_08h27m36s,00084_lgruber_qcl-msi_rev_data16_slide4_timson_2-1mbar-rms,Mus musculus,Kidney,Diseased,Negative,timsTOF Flex,MALDI
2025-04-15_08h37m04s,00084_lgruber_qcl-msi_rev_data15_slide4_timson_2-1mbar-rms,Mus musculus,Kidney,Diseased,Negative,timsTOF Flex,MALDI
2025-04-16_09h07m11s,00098_lgruber_spinal-cord_66547_mn-rms,Mus musculus,Spinal Cord,Diseased,Negative,timsTOF Flex,MALDI
2025-04-16_17h12m30s,MPIMM_512_QE_P,Mus musculus,small intestine (jejunum),GF B1,Negative,Orbitrap,AP-SMALDI
2025-04-16_17h14m26s,MPIMM_522_QE_P,Mus musculus,small intestine (jejunum),GF B1,Positive,Orbitrap,AP-SMALDI
2025-04-18_21h01m22s,s-2502-004902_1_s2_lip_neg_20250402_bg,Homo sapiens,Kidney,Healthy,Negative,timsTOF Flex,MALDI
2025-04-19_02h14m47s,s-2502-004902_2_s1_lip_pos_20250402_bg,Homo sapiens,Kidney,Biopsy,Positive,timsTOF Flex,MALDI
2025-04-19_02h19m36s,s-2502-004955_1_s1_lip_pos_20250402_bg,Homo sapiens,Kidney,Biopsy,Positive,timsTOF Flex,MALDI
2025-04-19_02h21m33s,qc-077c_2_s1_lip_pos_20250402_bg,Homo sapiens,Kidney,Biopsy,Positive,timsTOF Flex,MALDI
2025-04-19_02h27m28s,s-2502-004955_1_s2_lip_neg_20250402_bg,Homo sapiens,Kidney,Biopsy,Negative,timsTOF Flex,MALDI
2025-04-19_02h55m31s,qc-077_1_s1_lip_pos_hr_20250103_bg,Homo sapiens,Kidney,Biopsy,Positive,timsTOF Flex,MALDI
2025-04-20_23h16m00s,qc-077c_2_s2_lip_neg_20250402_bg,Homo sapiens,Kidney,Biopsy,Negative,timsTOF Flex,MALDI
2025-04-20_23h35m05s,s-2502-004902_2_s2_lip_neg_20250402_bg,Homo sapiens,Kidney,Biopsy,Negative,timsTOF Flex,MALDI
2025-04-20_23h51m46s,s-2502-004955_2_s2_lip_neg_20250402_bg,Homo sapiens,Kidney,Biopsy,Negative,timsTOF Flex,MALDI
2025-04-21_00h19m24s,k230021qc-024_2_s2_kidney_lip_neg_101323_bg8-3fb_2_s2_kidney_lip_neg_101323_bg,Homo sapiens,Kidney,Biopsy,Negative,12T FTICR,MALDI
2025-04-21_00h23m16s,qc-024_1_s2_kidney_lip_neg_101323_bg,Homo sapiens,Kidney,Biopsy,Negative,12T FTICR,MALDI
2025-04-21_01h07m08s,k2300218-3fb_2_s2_kidney_lip_neg_101323_bg,Homo sapiens,Kidney,Biopsy,Negative,12T FTICR,MALDI
2025-04-21_01h07m36s,k2300218-3fb_1_s2_kidney_lip_neg_101323_bg,Homo sapiens,Kidney,Biopsy,Negative,12T FTICR,MALDI
2025-04-21_01h19m38s,qc-077_1_s1_lip_neg_hr_20250117_bg,Homo sapiens,Kidney,Biopsy,Negative,timsTOF Flex,MALDI
2025-04-21_04h41m07s,S-2310-001343_12_S3_SM_Neg_20250109_IT,Homo sapiens,Kidney,,Negative,Orbitrap,MALDI
2025-04-21_04h41m15s,S-2309-028497_9_S3_SM_Neg_20250102_IT,Homo sapiens,Kidney,,Negative,Orbitrap,MALDI
2025-04-21_21h11m27s,qc-077_2_s1_lip_neg_hr_20250117_bg,Homo sapiens,Kidney,Biopsy,Negative,timsTOF Flex,MALDI
2025-04-21_21h32m30s,qc-077_1_s1_lip_pos_20250117_bg,Homo sapiens,Kidney,Biopsy,Positive,12T FTICR,MALDI
2025-04-21_21h32m48s,qc-077_2_s1_lip_pos_20250117_bg,Homo sapiens,Kidney,Biopsy,Positive,12T FTICR,MALDI
2025-04-21_21h33m55s,s-2212-003371_1_s1_lip_pos_20250117_bg,Homo sapiens,Kidney,Biopsy,Positive,12T FTICR,MALDI
2025-04-21_21h34m11s,s-2212-003371_2_s1_lip_pos_20250117_bg,Homo sapiens,Kidney,Biopsy,Positive,12T FTICR,MALDI
2025-04-21_21h34m28s,s-2212-003371_3_s1_lip_pos_20250117_bg,Homo sapiens,Kidney,Biopsy,Positive,12T FTICR,MALDI
2025-04-21_21h34m48s,s-2212-003371_4_s1_lip_pos_20250117_bg,Homo sapiens,Kidney,Biopsy,Positive,12T FTICR,MALDI
2025-04-21_21h35m03s,s-2310-016664_1_s1_lip_pos_20250117_bg,Homo sapiens,Kidney,Biopsy,Positive,12T FTICR,MALDI
2025-04-21_21h36m11s,s-2310-016664_2_s1_lip_pos_20250117_bg,Homo sapiens,Kidney,Biopsy,Positive,12T FTICR,MALDI
2025-04-21_21h36m31s,s-2310-016664_3_s1_lip_pos_20250117_bg,Homo sapiens,Kidney,Biopsy,Positive,12T FTICR,MALDI
2025-04-21_21h36m47s,s-2310-016664_4_s1_lip_pos_20250117_bg,Homo sapiens,Kidney,Biopsy,Positive,12T FTICR,MALDI
2025-04-21_21h41m30s,qc-077_1_s2_lip_neg_20250117_bg,Homo sapiens,Kidney,Biopsy,Negative,12T FTICR,MALDI
2025-04-21_21h41m41s,qc-077_2_s2_lip_neg_20250117_bg,Homo sapiens,Kidney,Biopsy,Negative,12T FTICR,MALDI
2025-04-21_21h52m48s,s-2212-003371_1_s2_lip_neg_20250117_bg,Homo sapiens,Kidney,Biopsy,Negative,12T FTICR,MALDI
2025-04-21_21h53m11s,s-2212-003371_2_s2_lip_neg_20250117_bg,Homo sapiens,Kidney,Biopsy,Negative,12T FTICR,MALDI
2025-04-21_21h54m27s,s-2212-003371_3_s2_lip_neg_20250117_bg,Homo sapiens,Kidney,Biopsy,Negative,12T FTICR,MALDI
2025-04-21_21h54m59s,s-2212-003371_4_s2_lip_neg_20250117_bg,Homo sapiens,Kidney,Biopsy,Negative,12T FTICR,MALDI
2025-04-21_21h55m42s,s-2310-016664_2_s2_lip_neg_20250117_bg,Homo sapiens,Kidney,Biopsy,Negative,12T FTICR,MALDI
2025-04-21_21h56m24s,s-2310-016664_3_s2_lip_neg_20250117_bg,Homo sapiens,Kidney,Biopsy,Negative,12T FTICR,MALDI
2025-04-21_21h56m47s,s-2310-016664_4_s2_lip_neg_20250117_bg,Homo sapiens,Kidney,Biopsy,Negative,12T FTICR,MALDI
2025-04-21_22h17m29s,qc-077_1_s1_lip_pos_20250412_bg,Homo sapiens,Kidney,Biopsy,Positive,12T FTICR,MALDI
2025-04-21_22h17m44s,qc-077_2_s1_lip_pos_20250412_bg,Homo sapiens,Kidney,Biopsy,Positive,12T FTICR,MALDI
2025-04-21_22h17m56s,qc-077c_1_s1_lip_pos_20250412_bg,Homo sapiens,Kidney,Biopsy,Positive,12T FTICR,MALDI
2025-04-21_22h18m49s,qc-077_1_s2_lip_neg_20250412_bg,Homo sapiens,Kidney,Biopsy,Negative,12T FTICR,MALDI
2025-04-21_22h19m34s,qc-077_2_s2_lip_neg_20250412_bg,Homo sapiens,Kidney,Biopsy,Negative,12T FTICR,MALDI
2025-04-21_22h19m51s,qc-077c_1_s2_lip_neg_20250412_bg,Homo sapiens,Kidney,Biopsy,Negative,12T FTICR,MALDI
2025-04-21_22h20m00s,qc-077c_2_s2_lip_neg_20250412_bg,Homo sapiens,Kidney,Biopsy,Negative,12T FTICR,MALDI
2025-04-21_23h38m38s,s-2407-021118_1_s2_lip_neg_20250412_bg,Homo sapiens,Kidney,Biopsy,Negative,12T FTICR,MALDI
2025-04-21_23h38m55s,s-2407-021118_2_s2_lip_neg_20250412_bg,Homo sapiens,Kidney,Biopsy,Negative,12T FTICR,MALDI
2025-04-21_23h39m05s,s-2407-021118_3_s2_lip_neg_20250412_bg,Homo sapiens,Kidney,Biopsy,Negative,12T FTICR,MALDI
2025-04-21_23h39m51s,s-2409-009186_1_s2_lip_neg_20250412_bg,Homo sapiens,Kidney,Biopsy,Negative,12T FTICR,MALDI
2025-04-21_23h40m06s,s-2409-009186_3_s2_lip_neg_20250412_bg,Homo sapiens,Kidney,Biopsy,Negative,12T FTICR,MALDI
2025-04-21_23h40m37s,s-2311-000737_1_s2_lip_neg_20250412_bg,Homo sapiens,Kidney,Biopsy,Negative,12T FTICR,MALDI
2025-04-21_23h40m49s,s-2311-000737_2_s2_lip_neg_20250412_bg,Homo sapiens,Kidney,Biopsy,Negative,12T FTICR,MALDI
2025-04-21_23h42m03s,s-2407-021118_2_s1_lip_pos_20250412_bg,Homo sapiens,Kidney,Biopsy,Positive,12T FTICR,MALDI
2025-04-21_23h51m20s,s-2407-021118_3_s1_lip_pos_20250412_bg,Homo sapiens,Kidney,Biopsy,Positive,12T FTICR,MALDI
2025-04-22_08h34m53s,bruker13l 30um,Mus musculus,Brain,,Positive,Orbitrap,MALDI
2025-04-22_13h31m00s,glass12l 30um,Mus musculus,Brain,,Positive,Orbitrap,MALDI
2025-04-22_13h37m11s,metal11l 30um,Mus musculus,Brain,,Positive,Q-TOF,MALDI
2025-04-22_13h48m23s,thermo15l 30um,Mus musculus,Brain,,Positive,Q-TOF,MALDI
2025-04-24_16h03m36s,20220411_MouseBrain_female_217G_349x316_Att30_25um,Mus musculus,Brain,,Positive,Orbitrap,MALDI
2025-04-24_17h31m12s,20220412_MouseBrain_female_217B_374x286_Att30_25um,Mus musculus,Brain,,Positive,Orbitrap,MALDI
2025-04-27_08h23m47s,20220416_MouseBrain_female_217D_447x332_Att30_25um,Mus musculus,Brain,,Positive,Orbitrap,MALDI
2025-04-27_08h23m49s,20220419_MouseBrain_female_217E_433x309_Att30_25um,Mus musculus,Brain,,Positive,Orbitrap,MALDI
2025-04-27_10h36m42s,20220420_MouseBrain_female_217F_383x296_Att30_25um,Mus musculus,Brain,,Positive,Orbitrap,MALDI
2025-04-27_10h36m43s,20220421_MouseBrain_male_212B_387x285_Att30_25um,Mus musculus,Brain,,Positive,Orbitrap,MALDI
2025-04-27_11h31m42s,20220426_MouseBrain_male_212D_422x338_Att30_25um,Mus musculus,Brain,,Positive,Orbitrap,MALDI
2025-04-27_11h44m20s,20220423_MouseBrain_male_212C_412x334_Att30_25um,Mus musculus,Brain,,Positive,Orbitrap,MALDI
2025-04-27_13h26m30s,20220425_MouseBrain_male_212G_382x305_Att30_25um,Mus musculus,Brain,,Positive,Orbitrap,MALDI
2025-04-27_13h26m32s,20220427_MouseBrain_male_212E_443x322_Att30_25um,Mus musculus,Brain,,Positive,Orbitrap,MALDI
2025-04-29_01h19m33s,s3rex_ontissue-total ion count,Mus musculus,Kidney,Wildtype,Positive,TOF reflector,MALDI
2025-04-29_02h16m13s,s-2311-000737_1_s1_lip_pos_20250412_bg,Homo sapiens,Kidney,Biopsy,Positive,12T FTICR,MALDI
2025-04-29_02h17m08s,s-2311-000737_2_s1_lip_pos_20250412_bg,Homo sapiens,Kidney,Biopsy,Positive,12T FTICR,MALDI
2025-04-29_02h17m27s,s-2311-000737_3_s1_lip_pos_20250412_bg,Homo sapiens,Kidney,Biopsy,Positive,12T FTICR,MALDI
2025-04-29_02h18m30s,s-2409-009186_1_s1_lip_pos_20250412_bg,Homo sapiens,Kidney,Biopsy,Positive,12T FTICR,MALDI
2025-04-29_02h18m44s,s-2409-009186_2_s1_lip_pos_20250412_bg,Homo sapiens,Kidney,Biopsy,Positive,12T FTICR,MALDI
2025-04-29_02h19m13s,s-2409-009186_3_s1_lip_pos_20250412_bg,Homo sapiens,Kidney,Biopsy,Positive,12T FTICR,MALDI
2025-04-29_02h20m02s,s-2409-009186_2_s2_lip_neg_20250412_bg,Homo sapiens,Kidney,Biopsy,Negative,12T FTICR,MALDI
2025-04-29_10h28m28s,20220605_MouseBrain_203_C_419x330_Att30_25um,Mus musculus,Brain,,Positive,Orbitrap,MALDI
2025-04-29_10h28m30s,20220607_MouseBrain_203_A_362x283_Att30_25um,Mus musculus,Brain,,Positive,Orbitrap,MALDI
2025-04-29_18h54m24s,s-2310-016664_1_s2_lip_neg_20250117_bg,Homo sapiens,Kidney,Biopsy,Negative,12T FTICR,MALDI
2025-04-29_23h42m42s,S-2407-021118_2_S3_SM_Neg_20250421_SZ,Homo sapiens,Kidney,,Negative,Orbitrap,MALDI
2025-04-29_23h42m52s,S-2407-021118_5_S3_SM_Neg_20250421_SZ,Homo sapiens,Kidney,,Negative,Orbitrap,MALDI
2025-04-29_23h47m09s,S-2407-021118_8_S3_SM_Neg_20250421_SZ,Homo sapiens,Kidney,,Negative,Orbitrap,MALDI
2025-04-29_23h47m16s,S-2409-009186_2_S3_SM_Neg_20250421_SZ,Homo sapiens,Kidney,,Negative,Orbitrap,MALDI
2025-04-29_23h47m23s,S-2409-009186_5_S3_SM_Neg_20250421_SZ,Homo sapiens,Kidney,,Negative,Orbitrap,MALDI
2025-04-29_23h58m19s,S-2409-009186_8_S3_SM_Neg_20250421_SZ,Homo sapiens,Kidney,,Negative,Orbitrap,MALDI
2025-04-29_23h59m43s,S-2311-014815_2_S3_SM_Neg_20250421_SZ,Homo sapiens,Kidney,,Negative,Orbitrap,MALDI
2025-04-30_00h01m30s,S-2311-014815_5_S3_SM_Neg_20250421_SZ,Homo sapiens,Kidney,,Negative,Orbitrap,MALDI
2025-04-30_00h04m31s,S-2311-014815_8_S3_SM_Neg_20250421_SZ,Homo sapiens,Kidney,,Negative,Orbitrap,MALDI
2025-04-30_00h04m36s,S-2402-008395_2_S3_SM_Neg_20250421_SZ,Homo sapiens,Kidney,,Negative,Orbitrap,MALDI
2025-04-30_00h04m42s,S-2402-008395_5_S3_SM_Neg_20250421_SZ,Homo sapiens,Kidney,,Negative,Orbitrap,MALDI
2025-04-30_00h13m08s,S-2402-008395_8_S3_SM_Neg_20250421_SZ,Homo sapiens,Kidney,,Negative,Orbitrap,MALDI
2025-04-30_00h23m20s,S-2305-004587_3_S3_SM_Neg_20250425_SZ,Homo sapiens,Kidney,,Negative,Orbitrap,MALDI
2025-04-30_00h23m29s,S-2305-004587_6_S3_SM_Neg_20250425_SZ,Homo sapiens,Kidney,,Negative,Orbitrap,MALDI
2025-04-30_00h28m02s,S-2305-004587_9_S3_SM_Neg_20250425_SZ,Homo sapiens,Kidney,,Negative,Orbitrap,MALDI
2025-04-30_00h28m10s,S-2311-000737_3_S3_SM_Neg_20250425_SZ,Homo sapiens,Kidney,,Negative,Orbitrap,MALDI
2025-04-30_00h28m18s,S-2311-000737_6_S3_SM_Neg_20250425_SZ,Homo sapiens,Kidney,,Negative,Orbitrap,MALDI
2025-04-30_00h28m23s,S-2311-000737_9_S3_SM_Neg_20250425_SZ,Homo sapiens,Kidney,,Negative,Orbitrap,MALDI
2025-04-30_11h49m57s,20220531_MouseBrain_203_B_409x281_Att30_25um,Mus musculus,Brain,,Positive,Orbitrap,MALDI
2025-04-30_11h49m59s,20220502_MouseBrain_male_212F_330x243_Att30_25um,Mus musculus,Brain,,Positive,Orbitrap,MALDI
2025-04-30_15h06m18s,20220609_MouseBrain_203_D_451x343_Att30_25um,Mus musculus,Brain,,Positive,Orbitrap,MALDI
2025-04-30_15h06m20s,20220617_MouseBrain_214_A_386x291_Att30_25um,Mus musculus,Brain,,Positive,Orbitrap,MALDI
2025-04-30_16h04m47s,20220627_MouseBrain_214_F_383x313_Att30_25um,Mus musculus,Brain,,Positive,Orbitrap,MALDI
2025-04-30_17h00m05s,20220712_MouseBrain_308_A_371x297_Att30_25um,Mus musculus,Brain,,Positive,Orbitrap,MALDI
2025-04-30_17h00m21s,20220713_MouseBrain_308_B_399x315_Att30_25um,Mus musculus,Brain,,Positive,Orbitrap,MALDI
2025-04-30_18h09m47s,20220725_MouseBrain_308_F_368x284_Att30_25um,Mus musculus,Brain,,Positive,Orbitrap,MALDI
2025-04-30_18h09m48s,20220731_MouseBrain_308_C_401x326_Att30_25um,Mus musculus,Brain,,Positive,Orbitrap,MALDI
2025-04-30_23h22m04s,qc-077c_1_s1_lip_pos_20250417_bg,Homo sapiens,Kidney,Biopsy,Positive,timsTOF Flex,MALDI
2025-05-01_01h49m26s,s-2502-004907_1_s1_lip_pos_20250417_bg,Homo sapiens,Kidney,Biopsy,Positive,timsTOF Flex,MALDI
2025-05-01_02h23m18s,s-2210-005033_1_s2_lip_neg_20241108_bg,Homo sapiens,Kidney,Biopsy,Negative,timsTOF Flex,MALDI
2025-05-01_02h23m46s,s-2210-005031_4_s2_lip_neg_20241108_bg,Homo sapiens,Kidney,Biopsy,Negative,timsTOF Flex,MALDI
2025-05-01_02h24m01s,s-2210-005027_3_s2_lip_neg_20241108_bg,Homo sapiens,Kidney,Biopsy,Negative,timsTOF Flex,MALDI
2025-05-01_02h24m42s,s-2210-005033_2_s2_lip_neg_20241108_bg,Homo sapiens,Kidney,Biopsy,Negative,timsTOF Flex,MALDI
2025-05-01_02h27m59s,s-2210-005028_1_s1_lip_pos_20250127_bg,Homo sapiens,Kidney,Biopsy,Positive,timsTOF Flex,MALDI
2025-05-01_02h32m03s,s-2210-005030_1_s1_lip_pos_20250127_bg,Homo sapiens,Kidney,Biopsy,Positive,timsTOF Flex,MALDI
2025-05-01_02h38m30s,s-2210-005034_1_s1_lip_pos_20250127_bg,Homo sapiens,Kidney,Biopsy,Positive,timsTOF Flex,MALDI
2025-05-01_09h13m29s,20220811_MouseBrain_308_E_410x292_Att30_25um,Mus musculus,Brain,,Positive,Orbitrap,MALDI
2025-05-01_09h13m31s,20220810_MouseBrain_308_D_405x296_Att30_25um,Mus musculus,Brain,,Positive,Orbitrap,MALDI
2025-05-02_18h51m18s,Sijing_Dataset,Mus musculus,Liver,ACBP-KO,Negative,Synapt XS,DESI
2025-05-02_20h58m18s,s-2502-004907_2_s1_lip_pos_20250417_bg,Homo sapiens,Kidney,Biopsy,Positive,timsTOF Flex,MALDI
2025-05-02_21h21m39s,s-2210-005033_3_s2_lip_neg_20241108_bg,Homo sapiens,Kidney,Biopsy,Negative,timsTOF Flex,MALDI
2025-05-02_21h22m16s,s-2210-005033_4_s2_lip_neg_20241108_bg,Homo sapiens,Kidney,Biopsy,Negative,timsTOF Flex,MALDI
2025-05-02_21h22m47s,s-2210-005027_4_s2_lip_neg_20241108_bg,Homo sapiens,Kidney,Biopsy,Negative,timsTOF Flex,MALDI
2025-05-02_21h23m31s,s-2210-005027_2_s2_lip_neg_20241108_bg,Homo sapiens,Kidney,Biopsy,Negative,timsTOF Flex,MALDI
2025-05-02_21h24m10s,s-2210-005027_1_s2_lip_neg_20241108_bg,Homo sapiens,Kidney,Biopsy,Negative,timsTOF Flex,MALDI
2025-05-02_21h25m45s,qc-077_2_s2_lip_neg_20241108_bg,Homo sapiens,Kidney,Biopsy,Negative,timsTOF Flex,MALDI
2025-05-02_21h26m30s,s-2210-005031_1_s2_lip_neg_20241108_bg,Homo sapiens,Kidney,Biopsy,Negative,timsTOF Flex,MALDI
2025-05-02_21h27m48s,s-2210-005031_2_s2_lip_neg_20241108_bg,Homo sapiens,Kidney,Biopsy,Negative,timsTOF Flex,MALDI
2025-05-02_21h29m32s,s-2210-005031_3_s2_lip_neg_20241108_bg,Homo sapiens,Kidney,Biopsy,Negative,timsTOF Flex,MALDI
2025-05-03_00h36m37s,s-2210-005029_2_s1_lip_pos_20250318_bg,Homo sapiens,Kidney,Biopsy,Positive,timsTOF Flex,MALDI
2025-05-03_01h13m52s,s-2210-005029_4_s1_lip_pos_hr_20250318_bg,Homo sapiens,Kidney,Biopsy,Positive,timsTOF Flex,MALDI
2025-05-03_02h03m38s,s-2210-005026_1_s1_lip_pos_hr_20250318_bg,Homo sapiens,Kidney,Biopsy,Positive,timsTOF Flex,MALDI
2025-05-05_22h45m30s,qc-077_1_s1_lip_pos_hr_20250318_bg,Homo sapiens,Kidney,Biopsy,Positive,timsTOF Flex,MALDI
2025-05-06_21h54m12s,qc-077c_1_s2_lip_neg_20250417_bg,Homo sapiens,Kidney,Biopsy,Negative,timsTOF Flex,MALDI
2025-05-06_22h31m14s,s-2502-004907_2_s2_lip_neg_20250417_bg,Homo sapiens,Kidney,Biopsy,Negative,timsTOF Flex,MALDI
2025-05-06_23h16m22s,s-2502-004952_2_s2_lip_neg_20250417_bg,Homo sapiens,Kidney,Biopsy,Negative,timsTOF Flex,MALDI
2025-05-07_23h14m39s,qc-077c_1_s2-2_lip_pos_20250420_bg,Homo sapiens,Kidney,Biopsy,Positive,timsTOF Flex,MALDI
2025-05-08_13h08m38s,NH4F_Gradient_tissue,Mus musculus,Liver,Wildtype,Negative,Orbitrap,IR-MALDESI
2025-05-15_19h03m24s,qc-077c_1_s2_lip_neg_20250420_bg,Homo sapiens,Kidney,Biopsy,Negative,timsTOF Flex,MALDI
2025-05-15_19h04m07s,qc-077c_2_s2_lip_neg_20250420_bg,Homo sapiens,Kidney,Biopsy,Negative,timsTOF Flex,MALDI
2025-05-15_19h11m43s,s-2502-004900_1_s1_lip_neg_20250420_bg,Homo sapiens,Kidney,Biopsy,Negative,timsTOF Flex,MALDI
2025-05-15_19h23m34s,s-2502-004901_1_s2_lip_neg_20250420_bg,Homo sapiens,Kidney,Biopsy,Negative,timsTOF Flex,MALDI
2025-05-15_19h50m48s,s-2502-004950_1_s2_lip_neg_20250420_bg,Homo sapiens,Kidney,Biopsy,Negative,timsTOF Flex,MALDI
2025-05-15_19h54m57s,s-2502-004950_2_s2_lip_neg_20250420_bg,Homo sapiens,Kidney,Biopsy,Negative,timsTOF Flex,MALDI
2025-05-15_20h03m41s,s-2502-004951_1_s2_lip_neg_20250420_bg,Homo sapiens,Kidney,Biopsy,Negative,timsTOF Flex,MALDI
2025-05-15_20h08m44s,s-2502-004951_2_s2_lip_neg_20250420_bg,Homo sapiens,Kidney,Biopsy,Negative,timsTOF Flex,MALDI
2025-05-15_20h46m59s,s-2502-004954_1a_s2_lip_neg_20250420_bg,Homo sapiens,Kidney,Biopsy,Negative,timsTOF Flex,MALDI
2025-05-16_00h04m41s,s-2502-004954_1b_s2_lip_neg_20250420_bg,Homo sapiens,Kidney,Biopsy,Negative,timsTOF Flex,MALDI
2025-05-16_00h09m23s,s-2502-004954_2_s2_lip_neg_20250420_bg,Homo sapiens,Kidney,Biopsy,Negative,timsTOF Flex,MALDI
2025-05-16_00h57m40s,s-2502-004903_old_3_s2_lip_neg_20250508_bg,Homo sapiens,Kidney,Biopsy,Negative,timsTOF Flex,MALDI
2025-05-16_01h19m28s,s-2502-004903_new_1_s2_lip_neg_20250508_bg,Homo sapiens,Kidney,Biopsy,Negative,timsTOF Flex,MALDI
2025-05-16_01h26m40s,qc-077c_2_s2_lip_neg_20250508_bg,Homo sapiens,Kidney,Biopsy,Negative,timsTOF Flex,MALDI
2025-05-16_01h37m20s,s-2502-004906_1_s1_lip_pos_20250420_bg,Homo sapiens,Kidney,Biopsy,Positive,timsTOF Flex,MALDI
2025-05-16_01h47m33s,s-2502-004906_2_s1_lip_pos_20250420_bg,Homo sapiens,Kidney,Biopsy,Positive,timsTOF Flex,MALDI
2025-05-16_01h50m25s,s-2502-004903_old_1_s1_lip_pos_20250402_bg,Homo sapiens,Kidney,Biopsy,Positive,timsTOF Flex,MALDI
2025-05-16_02h07m32s,s-2502-004903_new_1_s1_lip_pos_20250510_bg,Homo sapiens,Kidney,Biopsy,Positive,timsTOF Flex,MALDI
2025-05-16_02h36m20s,qc-077c_1_s2b_lip_neg_20250420_bg,Homo sapiens,Kidney,Biopsy,Negative,timsTOF Flex,MALDI
2025-05-16_02h42m38s,qc-077c_2_s2b_lip_neg_20250420_bg,Homo sapiens,Kidney,Biopsy,Negative,timsTOF Flex,MALDI
2025-05-16_08h00m43s,s-2502-004902_1_s1_lip_pos_20250510_bg,Homo sapiens,Kidney,Biopsy,Positive,timsTOF Flex,MALDI
2025-05-16_08h11m48s,s-2502-004903_2_s1_lip_pos_20250510_bg,Homo sapiens,Kidney,Biopsy,Positive,timsTOF Flex,MALDI
2025-05-16_08h13m36s,s-2502-004955_1_s1_lip_pos_20250510_bg,Homo sapiens,Kidney,Biopsy,Positive,timsTOF Flex,MALDI
2025-05-16_08h19m15s,s-2502-004902_1_s1-wash_lip_pos_20250510_bg,Homo sapiens,Kidney,Biopsy,Positive,timsTOF Flex,MALDI
2025-05-16_08h21m35s,s-2502-004955_1_s1-wash_lip_pos_20250510_bg,Homo sapiens,Kidney,Biopsy,Positive,timsTOF Flex,MALDI
2025-05-16_08h23m06s,s-2502-004902_2_s1_lip_pos_20250510_bg,Homo sapiens,Kidney,Biopsy,Positive,timsTOF Flex,MALDI
2025-05-16_08h23m47s,s-2502-004903_1_s1-wash_lip_pos_20250510_bg,Homo sapiens,Kidney,Biopsy,Positive,timsTOF Flex,MALDI
2025-05-16_08h24m35s,s-2502-004955_2_s1_lip_pos_20250510_bg,Homo sapiens,Kidney,Biopsy,Positive,timsTOF Flex,MALDI
2025-05-16_08h26m45s,s-2502-004903_1b_s1-wash_lip_pos_20250510_bg,Homo sapiens,Kidney,Biopsy,Positive,timsTOF Flex,MALDI
2025-05-16_08h26m59s,s-2502-004903_1_s1_lip_pos_20250510_bg,Homo sapiens,Kidney,Biopsy,Positive,timsTOF Flex,MALDI
2025-05-16_08h27m28s,s-2502-004902_1b_s1-wash_lip_pos_20250510_bg,Homo sapiens,Kidney,Biopsy,Positive,timsTOF Flex,MALDI
2025-05-16_08h27m53s,qc-077c_1_s2_lip_neg_20250510_bg,Homo sapiens,Kidney,Biopsy,Negative,timsTOF Flex,MALDI
2025-05-17_00h49m26s,s-2502-004955_1_s2-wash_lip_neg_20250510_bg,Homo sapiens,Kidney,Biopsy,Negative,timsTOF Flex,MALDI
2025-05-17_00h50m17s,s-2502-004903_1_s2-wash_lip_neg_20250510_bg,Homo sapiens,Kidney,Biopsy,Negative,timsTOF Flex,MALDI
2025-05-17_01h00m33s,s-2502-004902_1_s2-wash_lip_neg_20250510_bg,Homo sapiens,Kidney,Biopsy,Negative,timsTOF Flex,MALDI
2025-05-20_02h59m58s,kidney_lipids_otcd01_timsoff,Homo sapiens,Kidney,unknown,Positive,timsTOF Flex,MALDI
2025-05-20_03h25m44s,kidney_lipids_otcd02_timsoff,Homo sapiens,Kidney,unknown,Positive,timsTOF Flex,MALDI
2025-05-20_07h30m41s,muscle_lipids_otcd03_tims,Homo sapiens,Muscle,unknown,Positive,timsTOF Flex,MALDI
2025-05-20_08h13m04s,muscle_lipids_nedc01_tims,Homo sapiens,Muscle,unknown,Negative,timsTOF Flex,MALDI
2025-05-20_08h17m30s,muscle_lipids_nedc02_tims,Homo sapiens,Muscle,unknown,Negative,timsTOF Flex,MALDI
2025-05-26_08h35m04s,MPIMM_536,Mus musculus,colon,a6spf,Negative,Orbitrap,AP-SMALDI
2025-05-26_08h36m33s,MPIMM_537,Mus musculus,colon,a6spf,Negative,Orbitrap,AP-SMALDI
2025-05-27_20h51m07s,k2500084_5_3_s2_lip_pos_20250523_bg,Homo sapiens,Kidney,Biopsy,Positive,timsTOF Flex,MALDI
2025-05-27_20h56m01s,k2500084_5_2_s2_lip_pos_20250523_bg,Homo sapiens,Kidney,Biopsy,Positive,timsTOF Flex,MALDI
2025-05-27_23h38m40s,qc-077c_1_s2_lip_neg_20250318_bg,Homo sapiens,Kidney,Biopsy,Negative,timsTOF Flex,MALDI
2025-05-27_23h39m03s,s-2210-005026_1_s2_lip_neg_20250318_bg,Homo sapiens,Kidney,Biopsy,Negative,timsTOF Flex,MALDI
2025-05-27_23h39m30s,s-2210-005029_1_s2_lip_neg_20250318_bg,Homo sapiens,Kidney,Biopsy,Negative,timsTOF Flex,MALDI
2025-05-27_23h40m17s,s-2210-005032_1_s2_lip_neg_20250318_bg,Homo sapiens,Kidney,Biopsy,Negative,timsTOF Flex,MALDI
2025-05-27_23h40m47s,qc-077c_2_s2_lip_neg_20250318_bg,Homo sapiens,Kidney,Biopsy,Negative,timsTOF Flex,MALDI
2025-05-27_23h41m09s,s-2210-005026_2_s2_lip_neg_20250318_bg,Homo sapiens,Kidney,Biopsy,Negative,timsTOF Flex,MALDI
2025-05-27_23h41m28s,s-2210-005026_3_s2_lip_neg_20250318_bg,Homo sapiens,Kidney,Biopsy,Negative,timsTOF Flex,MALDI
2025-05-27_23h43m57s,s-2210-005029_2_s2_lip_neg_20250318_bg,Homo sapiens,Kidney,Biopsy,Negative,timsTOF Flex,MALDI
2025-05-27_23h45m06s,s-2210-005032_2_s2_lip_neg_20250318_bg,Homo sapiens,Kidney,Biopsy,Negative,timsTOF Flex,MALDI
2025-05-30_19h01m20s,1472_ko_6_s6_20250523_bg,Mus musculus,Kidney,Knockout,Positive,timsTOF Flex,MALDI
2025-05-30_19h27m49s,1926_ctrl_5_s6_20250523_bg,Mus musculus,Kidney,Wildtype,Positive,timsTOF Flex,MALDI
2025-06-09_22h52m53s,slide_qc_1_50_lip_pos_bg,Homo sapiens,Kidney,Biopsy,Positive,timsTOF Flex,MALDI
2025-06-09_22h59m33s,slide_qc_1_reg_lip_pos_bg,Homo sapiens,Kidney,Biopsy,Positive,timsTOF Flex,MALDI
2025-06-09_23h08m21s,slide_qc_2_50_lip_pos_bg,Homo sapiens,Kidney,Biopsy,Positive,timsTOF Flex,MALDI
2025-06-13_13h25m08s,20211201_MouseBrain2_S11_306x248_Att30_25um,Mus musculus,Brain,,Positive,Orbitrap,MALDI
2025-06-13_13h25m10s,20211202_MouseBrain2_S3_109x151_Att30_25um,Mus musculus,Brain,,Positive,Orbitrap,MALDI
2025-06-13_13h25m12s,20211202_MouseBrain2_S12_332x246_Att30_25um,Mus musculus,Brain,,Positive,Orbitrap,MALDI
2025-06-13_13h25m14s,20211203_MouseBrain2_S13_319x262_Att30_25um,Mus musculus,Brain,,Positive,Orbitrap,MALDI
2025-06-13_13h25m15s,20211206_MouseBrain2_S14_354x299_Att30_25um,Mus musculus,Brain,,Positive,Orbitrap,MALDI
2025-06-13_13h25m16s,20211209_MouseBrain2_S15_359x281_Att30_25um,Mus musculus,Brain,,Positive,Orbitrap,MALDI
2025-06-13_13h25m18s,20211210_MouseBrain2_S19_423x320_Att32_25um,Mus musculus,Brain,,Positive,Orbitrap,MALDI
2025-06-13_13h25m20s,20211213_MouseBrain2_S21_412x360_Att30_25um,Mus musculus,Brain,,Positive,Orbitrap,MALDI
2025-06-13_13h25m22s,20220105_MouseBrain2_S17_395x294_Att32_25um,Mus musculus,Brain,,Positive,Orbitrap,MALDI
2025-06-13_19h03m59s,20220107_MouseBrain2_S22_417x310_Att32_25um,Mus musculus,Brain,,Positive,Orbitrap,MALDI
2025-06-16_15h10m09s,20220106_MouseBrain2_S18_393x309_Att32_25um,Mus musculus,Brain,,Positive,Orbitrap,MALDI
2025-06-16_15h10m16s,20220120_MouseBrain2_S26_415x315_Att30_25um,Mus musculus,Brain,,Positive,Orbitrap,MALDI
2025-06-16_15h10m22s,20220125_MouseBrain2_S28_431x312_Att30_25um,Mus musculus,Brain,,Positive,Orbitrap,MALDI
2025-06-16_15h10m28s,20220115_MouseBrain2_S24_427x322_Att30_25um,Mus musculus,Brain,,Positive,Orbitrap,MALDI
2025-06-16_15h10m31s,20220113_MouseBrain2_S23_418x322_Att30_25um,Mus musculus,Brain,,Positive,Orbitrap,MALDI
2025-06-16_15h10m34s,20220111_MouseBrain2_S30_400x248_Att32_25um,Mus musculus,Brain,,Positive,Orbitrap,MALDI
2025-06-17_04h30m42s,20250314_SC3_HeLa2DG.Slide1.C2.0,Homo sapiens,HeLa,Healthy,Negative,Orbitrap,MALDI
2025-06-17_18h25m06s,Nephroctomy_test_neg_20250616_ML,Homo sapiens,Kidney,,Negative,Orbitrap,MALDI
2025-06-18_03h18m38s,torti_1_s1_ctrl_lip_pos_20250613_bg,Homo sapiens,Ovary,Tumor,Positive,FTICR scimaX 7T,MALDI
2025-06-18_03h24m09s,torti_3_s1_ctrl_lip_pos_20250613_bg,Homo sapiens,Ovary,Tumor,Positive,FTICR scimaX 7T,MALDI
2025-06-18_03h25m49s,torti_1_s1_erastin_lip_pos_20250613_bg,Homo sapiens,Ovary,Tumor,Positive,FTICR scimaX 7T,MALDI
2025-06-18_03h30m24s,torti_2_s1_erastin_lip_pos_20250613_bg,Homo sapiens,Ovary,Tumor,Positive,FTICR scimaX 7T,MALDI
2025-06-19_03h47m15s,k2500084_5_3_s2_5um_lip_neg_20250604_hv_,Homo sapiens,Kidney,Biopsy,Negative,timsTOF Flex,MALDI
2025-06-19_03h55m35s,k2500084_5_3_s2_3um_lip_neg_20250604_hv,Homo sapiens,Kidney,Biopsy,Negative,timsTOF Flex,MALDI
2025-06-19_04h01m46s,k2500084_5_1_s2_7um_lip_neg_20250604_hv,Homo sapiens,Kidney,Biopsy,Negative,timsTOF Flex,MALDI
2025-06-19_04h09m04s,k2500084_5_1_s2_5um_lip_neg_20250604_hv_,Homo sapiens,Kidney,Biopsy,Negative,timsTOF Flex,MALDI
2025-06-19_04h13m04s,k2500084_5_1_s2_3um_lip_neg_20250604_hv_,Homo sapiens,Kidney,Biopsy,Negative,timsTOF Flex,MALDI
2025-06-22_13h55m04s,Post-LM-1,Mus musculus,Brain,Tumor,Positive,TOF,MALDI
2025-06-22_13h56m40s,Post-LM-2,Mus musculus,Brain,Tumor,Positive,TOF,MALDI
2025-06-22_13h57m51s,Post-LM-3,Mus musculus,Brain,Tumor,Positive,TOF,MALDI
2025-06-23_09h10m02s,250508_lp03_brains730_subrec,Mus musculus,Brain,Wildtype,Positive,timsTOF Flex,MALDI
2025-06-23_09h11m11s,250508_lp03_brains763_spray,Mus musculus,Brain,Wildtype,Positive,timsTOF Flex,MALDI
2025-06-23_19h57m28s,k2500084_5_3_s1_5um_lip_pos_20250604_hv,Homo sapiens,Kidney,Biopsy,Positive,timsTOF Flex,MALDI
2025-06-23_20h02m31s,k2500084_5_3_s1_3um_lip_pos_20250604_hv,Homo sapiens,Kidney,Biopsy,Positive,timsTOF Flex,MALDI
2025-06-23_20h07m40s,k2500084_5_1_s1_7um_lip_pos_20250604_hv,Homo sapiens,Kidney,Biopsy,Positive,timsTOF Flex,MALDI
2025-06-23_20h13m42s,k2500084_5_1_s1_5um_lip_pos_20250604_hv,Homo sapiens,Kidney,Biopsy,Positive,timsTOF Flex,MALDI
2025-06-23_21h20m03s,k2500084_5_1_s1_3um_lip_pos_20250604_hv,Homo sapiens,Kidney,Biopsy,Positive,timsTOF Flex,MALDI
2025-06-24_00h17m30s,qc_3_s3_50_lip_neg_060325_hv,Homo sapiens,Kidney,Biopsy,Negative,timsTOF Flex,MALDI
2025-06-24_00h20m35s,qc_2_s3_50_lip_neg_060325_hv,Homo sapiens,Kidney,Biopsy,Negative,timsTOF Flex,MALDI
2025-06-24_00h35m03s,qc_1_s3_50_lip_neg_060325_hv,Homo sapiens,Kidney,Biopsy,Negative,timsTOF Flex,MALDI
2025-06-24_01h09m57s,qc_1_s4_81_lip_neg_060325_hv,Homo sapiens,Kidney,Biopsy,Negative,timsTOF Flex,MALDI
2025-06-24_01h16m36s,qc_2_s4_81_lip_neg_060325_hv,Homo sapiens,Kidney,Biopsy,Negative,timsTOF Flex,MALDI
2025-06-24_01h19m43s,qc_3_s4_81_lip_neg_060325_hv,Homo sapiens,Kidney,Biopsy,Negative,timsTOF Flex,MALDI
2025-06-24_14h51m14s,Kidney_NEDC_1-3mg,Mus musculus,Kidney,Wildtype,Negative,timsTOF Flex,MALDI
2025-06-24_16h02m08s,2025-06-24_kidney_neg_thin,Mus musculus,Kidney,Wildtype,Negative,timsTOF Flex,MALDI
2025-06-24_16h31m14s,Kidney_NEDC_0-5mg,Mus musculus,Kidney,Wildtype,Negative,timsTOF Flex,MALDI
2025-06-26_09h26m30s,kidney_nedc_0-5mg_recryst_m1,Mus musculus,Kidney,Wildtype,Negative,timsTOF Flex,MALDI
2025-06-26_10h27m59s,kidney_nedc_1-3mg_recryst_m1,Mus musculus,Kidney,Wildtype,Negative,timsTOF Flex,MALDI
2025-06-26_23h57m03s,S-2308-002020_2_S2_SM_Neg_20250624_SZ,Homo sapiens,Kidney,,Negative,Orbitrap,MALDI
2025-06-30_15h01m25s,Tissue1_bottom_control,Mus musculus,Liver,Wildtype,Negative,Orbitrap,IR-MALDESI
2025-06-30_15h01m36s,Tissue1_top_NH4F,Mus musculus,Liver,Wildtype,Negative,Orbitrap,IR-MALDESI
2025-06-30_15h01m47s,Tissue2_bottom_control,Mus musculus,Liver,Wildtype,Negative,Orbitrap,IR-MALDESI
2025-06-30_15h01m58s,Tissue2_top_NH4F,Mus musculus,Liver,Wildtype,Negative,Orbitrap,IR-MALDESI
2025-06-30_15h02m12s,Tissue3_bottom_control,Mus musculus,Liver,Wildtype,Negative,Orbitrap,IR-MALDESI
2025-06-30_15h02m24s,Tissue3_top_NH4F,Mus musculus,Liver,Wildtype,Negative,Orbitrap,IR-MALDESI
2025-06-30_15h02m36s,Tissue4_bottom_control,Mus musculus,Liver,Wildtype,Negative,Orbitrap,IR-MALDESI
2025-06-30_15h02m48s,Tissue4_top_NH4F,Mus musculus,Liver,Wildtype,Negative,Orbitrap,IR-MALDESI
2025-06-30_15h02m58s,Tissue5_bottom_control,Mus musculus,Liver,Wildtype,Negative,Orbitrap,IR-MALDESI
2025-06-30_15h03m07s,Tissue5_top_NH4F,Mus musculus,Liver,Wildtype,Negative,Orbitrap,IR-MALDESI
2025-07-01_19h15m43s,ppkg_midres_20250529-total ion count,Mus musculus,Brain,Diseased,Negative,timsTOF Flex,MALDI
2025-07-07_13h17m03s,20220126_MouseBrain2_S29_410x290_Att30_25um,Mus musculus,Brain,,Positive,Orbitrap,MALDI
2025-07-07_13h17m08s,20220127_MouseBrain2_S6_155x149_Att30_25um,Mus musculus,Brain,,Positive,Orbitrap,MALDI
2025-07-07_13h17m11s,20220127_MouseBrain2_S16_398x303_Att30_25um,Mus musculus,Brain,,Positive,Orbitrap,MALDI
2025-07-07_13h17m14s,20220130_MouseBrain2_S32_370x325_Att30_25um,Mus musculus,Brain,,Positive,Orbitrap,MALDI
2025-07-07_13h17m16s,20220201_MouseBrain2_S5_146x136_Att30_25um,Mus musculus,Brain,,Positive,Orbitrap,MALDI
2025-07-07_13h17m18s,20220201_MouseBrain2_S33_359x314_Att30_25um,Mus musculus,Brain,,Positive,Orbitrap,MALDI
2025-07-07_13h17m20s,20220203_MouseBrain2_S4_158x138_Att30_25um,Mus musculus,Brain,,Positive,Orbitrap,MALDI
2025-07-07_13h17m22s,20220203_MouseBrain2_S34_377x322_Att30_25um,Mus musculus,Brain,,Positive,Orbitrap,MALDI
2025-07-07_13h17m24s,20220207_MouseBrain2_S35_375x344_Att30_25um,Mus musculus,Brain,,Positive,Orbitrap,MALDI
2025-07-07_13h17m26s,20220213_MouseBrain2_S37_354x308_Att30_25um,Mus musculus,Brain,,Positive,Orbitrap,MALDI
2025-07-07_13h38m25s,20220308_MouseBrain2_S40_322x290_Att30_25um,Mus musculus,Brain,,Positive,Orbitrap,MALDI
2025-07-07_13h38m33s,20220222_MouseBrain2_S7_221x205_Att30_25um,Mus musculus,Brain,,Positive,Orbitrap,MALDI
2025-07-07_13h57m14s,20220216_MouseBrain2_S38_363x304_Att30_25um,Mus musculus,Brain,,Positive,Orbitrap,MALDI
2025-07-07_13h57m17s,20220222_MouseBrain2_S42_278x251_Att30_25um,Mus musculus,Brain,,Positive,Orbitrap,MALDI
2025-07-07_13h57m19s,20220224_MouseBrain2_S23_427x319_Att30_25um,Mus musculus,Brain,,Positive,Orbitrap,MALDI
2025-07-07_13h57m22s,20220225_MouseBrain2_S39_354x296_Att30_25um,Mus musculus,Brain,,Positive,Orbitrap,MALDI
2025-07-07_14h26m34s,20220321_MouseBrain2_S20_Duplicate_443x313_Att30_25um,Mus musculus,Brain,,Positive,Orbitrap,MALDI
2025-07-07_14h36m50s,20220311_MouseBrain2_S25_duplicate_476x336_Att30_25um,Mus musculus,Brain,,Positive,Orbitrap,MALDI
2025-07-08_22h58m24s,LNTO22_1_1,Homo sapiens,Breast,,Negative,Orbitrap,DESI
2025-07-09_21h24m58s,torti_1_s4_day5ctrl_lip_pos_20250626_bg,Mus musculus,Ovary,Tumor,Positive,FTICR scimaX 7T,MALDI
2025-07-09_21h27m39s,torti_2_s4_day2ctrl_lip_pos_20250626_bg,Mus musculus,Ovary,Tumor,Positive,FTICR scimaX 7T,MALDI
2025-07-09_21h29m21s,torti_1_s4_day2era_lip_pos_20250626_bg,Mus musculus,Ovary,Tumor,Positive,FTICR scimaX 7T,MALDI
2025-07-09_21h30m59s,torti_2_s4_day5era_lip_pos_20250626_bg,Mus musculus,Ovary,Tumor,Positive,FTICR scimaX 7T,MALDI
2025-07-09_21h32m31s,torti_1_s4_day0_lip_pos_20250626_bg,Mus musculus,Ovary,Tumor,Positive,FTICR scimaX 7T,MALDI
2025-07-09_22h41m57s,torti_1_s2_day0_lip_neg_20250626_bg,Mus musculus,Ovary,Tumor,Negative,FTICR scimaX 7T,MALDI
2025-07-09_22h43m54s,torti_1_s2_day2ctrl_lip_neg_20250626_bg,Mus musculus,Ovary,Tumor,Negative,FTICR scimaX 7T,MALDI
2025-07-15_05h10m34s,41-4-29-NEG,Mus musculus,Kidney,Diseased,Negative,Orbitrap,DESI
2025-07-15_05h18m58s,6-12-32-NEG,Mus musculus,Kidney,Diseased,Negative,Orbitrap,DESI
2025-07-15_05h30m43s,38-9-31,Mus musculus,Kidney,Diseased,Negative,Orbitrap,DESI
2025-07-15_05h36m12s,40-1-14-NEG,Mus musculus,Kidney,Diseased,Negative,Orbitrap,DESI
2025-07-15_05h38m53s,42-20-34-NEG,Mus musculus,Kidney,Diseased,Negative,Orbitrap,DESI
2025-07-15_05h41m49s,6-12-32-POS,Mus musculus,Kidney,Diseased,Positive,Orbitrap,DESI
2025-07-15_05h45m42s,38-9-31-POS,Mus musculus,Kidney,Diseased,Positive,Orbitrap,DESI
2025-07-15_05h53m06s,40-1-14-POS,Mus musculus,Kidney,Diseased,Positive,Orbitrap,DESI
2025-07-15_05h57m07s,41-4-29-POS,Mus musculus,Kidney,Diseased,Positive,Orbitrap,DESI
2025-07-15_06h07m22s,42-20-34-POS,Mus musculus,Kidney,Diseased,Positive,Orbitrap,DESI
2025-07-17_15h21m36s,ko_3-root mean square,Mus musculus,Kidney,Diseased,Negative,timsTOF Flex,MALDI
2025-07-19_02h08m14s,kidney-pen_2_cntrl_lip_pos_20250712_bg,Homo sapiens,Kidney,Biopsy,Positive,12T FTICR,MALDI
2025-07-19_02h12m09s,kidney-pen_4_pen-ito_lip_pos_20250712_bg,Homo sapiens,Kidney,Biopsy,Positive,12T FTICR,MALDI
2025-07-22_01h15m36s,kidney-pen_2_pen_lip_pos_20250712_bg,Homo sapiens,Kidney,Biopsy,Positive,12T FTICR,MALDI
2025-07-22_01h15m52s,kidney-pen_1_pen_lip_pos_20250712_bg,Homo sapiens,Kidney,Biopsy,Positive,12T FTICR,MALDI
2025-07-22_01h17m05s,kidney-pen_5_pen-ito_lip_pos_20250712_bg,Homo sapiens,Kidney,Biopsy,Positive,12T FTICR,MALDI
2025-07-22_08h46m39s,MPIMM_557,Mus musculus,colon,A5SPF,Negative,Orbitrap,AP-SMALDI
2025-07-23_00h42m56s,kidney-pen_2_tims_pen-ito_lip_pos_20250712_bg,Homo sapiens,Kidney,Biopsy,Positive,timsTOF Flex,MALDI
2025-07-23_00h51m10s,kidney-pen_4_tims_pen-ito_lip_pos_20250712_bg,Homo sapiens,Kidney,Biopsy,Positive,timsTOF Flex,MALDI
2025-07-23_00h51m39s,kidney-pen_5_tims_pen-ito_lip_pos_20250712_bg,Homo sapiens,Kidney,Biopsy,Positive,timsTOF Flex,MALDI
2025-07-23_00h53m52s,kidney-pen_2_tims_cntrl_lip_pos_20250712_bg,Homo sapiens,Kidney,Biopsy,Positive,timsTOF Flex,MALDI
2025-07-23_16h35m04s,MALDI_test_mimetic_20250722,Homo sapiens,Kidney,,Negative,Orbitrap,MALDI
2025-07-24_17h42m06s,MALDI_test_mimetic_Neg_20250723_SZ,Homo sapiens,Kidney,,Negative,Orbitrap,MALDI
2025-07-24_17h43m36s,MALDI_test_nephroctomy_Neg_20250723_SZ,Homo sapiens,Kidney,,Negative,Orbitrap,MALDI
2025-07-25_17h05m18s,Mid_S19-4852_2_S2_SM_Neg_20250724_SZ,Homo sapiens,Kidney,,Negative,Orbitrap,MALDI
2025-07-25_22h40m25s,s-2305-004587_1_s1_lip_pos_20250710_bg,Homo sapiens,Kidney,Biopsy,Positive,12T FTICR,MALDI
2025-07-25_22h40m39s,s-2305-004587_2_s1_lip_pos_20250710_bg,Homo sapiens,Kidney,Biopsy,Positive,12T FTICR,MALDI
2025-07-25_22h41m22s,s-2305-004587_3_s1_lip_pos_20250710_bg,Homo sapiens,Kidney,Biopsy,Positive,12T FTICR,MALDI
2025-07-25_22h45m09s,s-2308-002020_1_s1_lip_pos_20250710_bg,Homo sapiens,Kidney,Biopsy,Positive,12T FTICR,MALDI
2025-07-25_22h45m34s,s-2308-002020_2_s1_lip_pos_20250710_bg,Homo sapiens,Kidney,Biopsy,Positive,12T FTICR,MALDI
2025-07-25_22h46m18s,s-2308-002020_3_s1_lip_pos_20250710_bg,Homo sapiens,Kidney,Biopsy,Positive,12T FTICR,MALDI
2025-07-25_22h46m47s,s-2402-008395_1_s1_lip_pos_20250710_bg,Homo sapiens,Kidney,Biopsy,Positive,12T FTICR,MALDI
2025-07-25_22h47m10s,s-2402-008395_2_s1_lip_pos_20250710_bg,Homo sapiens,Kidney,Biopsy,Positive,12T FTICR,MALDI
2025-07-25_22h47m45s,s-2402-008395_3_s1_lip_pos_20250710_bg,Homo sapiens,Kidney,Biopsy,Positive,12T FTICR,MALDI
2025-07-25_22h48m00s,qc-077_1_s1_lip_pos_20250710_bg,Homo sapiens,Kidney,Biopsy,Positive,12T FTICR,MALDI
2025-07-25_22h48m11s,qc-077_2_s1_lip_pos_20250710_bg,Homo sapiens,Kidney,Biopsy,Positive,12T FTICR,MALDI
2025-07-25_22h49m29s,s-2305-004587_1_s2_lip_neg_20250710_bg,Homo sapiens,Kidney,Biopsy,Negative,12T FTICR,MALDI
2025-07-25_22h50m26s,s-2305-004587_3_s2_lip_neg_20250710_bg,Homo sapiens,Kidney,Biopsy,Negative,12T FTICR,MALDI
2025-07-25_22h50m39s,s-2305-004587_2_s2_lip_neg_20250710_bg,Homo sapiens,Kidney,Biopsy,Negative,12T FTICR,MALDI
2025-07-25_22h50m50s,s-2308-002020_1_s2_lip_neg_20250710_bg,Homo sapiens,Kidney,Biopsy,Negative,12T FTICR,MALDI
2025-07-25_22h51m14s,s-2308-002020_2_s2_lip_neg_20250710_bg,Homo sapiens,Kidney,Biopsy,Negative,12T FTICR,MALDI
2025-07-25_22h51m34s,s-2308-002020_3_s2_lip_neg_20250710_bg,Homo sapiens,Kidney,Biopsy,Negative,12T FTICR,MALDI
2025-07-25_22h51m57s,s-2402-008395_1_s2_lip_neg_20250710_bg,Homo sapiens,Kidney,Biopsy,Negative,12T FTICR,MALDI
2025-07-25_22h52m10s,s-2402-008395_2_s2_lip_neg_20250710_bg,Homo sapiens,Kidney,Biopsy,Negative,12T FTICR,MALDI
2025-07-25_22h52m22s,s-2402-008395_3_s2_lip_neg_20250710_bg,Homo sapiens,Kidney,Biopsy,Negative,12T FTICR,MALDI
2025-07-25_22h52m40s,qc-077_1_s2_lip_neg_20250710_bg,Homo sapiens,Kidney,Biopsy,Negative,12T FTICR,MALDI
2025-07-25_22h52m52s,qc-077_2_s2_lip_neg_20250710_bg,Homo sapiens,Kidney,Biopsy,Negative,12T FTICR,MALDI
2025-07-26_01h28m20s,k2500084_5_1_s1_5um_lip_pos_20250723_hv,Homo sapiens,Kidney,Biopsy,Positive,timsTOF Flex,MALDI
2025-07-26_01h39m42s,k2500084_5_1_s1_7um_lip_pos_20250723_hv,Homo sapiens,Kidney,Biopsy,Positive,timsTOF Flex,MALDI
2025-07-26_01h50m16s,k2500084_5_2_s1_3um_lip_pos_20250723_hv,Homo sapiens,Kidney,Biopsy,Positive,timsTOF Flex,MALDI
2025-07-26_02h02m46s,k2500084_5_2_s1_5um_lip_pos_20250723_hv,Homo sapiens,Kidney,Biopsy,Positive,timsTOF Flex,MALDI
2025-07-26_02h13m14s,k2500084_5_3_s1_3um_lip_pos_20250723_hv,Homo sapiens,Kidney,Biopsy,Positive,timsTOF Flex,MALDI
2025-07-28_05h18m48s,Ref-S-2210-005019_2_S2_SM_Neg_20250726_SZ,Homo sapiens,Kidney,,Negative,Orbitrap,MALDI
2025-07-28_05h22m43s,S-2308-002020_2_S2_SM_Neg_20250726_SZ,Homo sapiens,Kidney,,Negative,Orbitrap,MALDI
2025-07-28_19h32m28s,k2500084_5_1_s1_3um_lip_pos_20250723_hv,Homo sapiens,Kidney,Biopsy,Positive,timsTOF Flex,MALDI
2025-07-28_19h42m47s,k2500084_5_3_s1_5um_lip_pos_20250723_hv,Homo sapiens,Kidney,Biopsy,Positive,timsTOF Flex,MALDI
2025-07-30_05h54m36s,20250721-25006,Homo sapiens,Liver,,Negative,FTICR,MALDI
2025-07-30_20h51m47s,20250723_Pos_tgrl mice YC 50^3 test runAFAMM_1,Mouse Brain,Brain,Wildtype,Positive,qTOF,DESI
2025-07-30_22h46m57s,s-2310-018272_1_s1_lip_pos_20250719_bg,Homo sapiens,Kidney,Biopsy,Positive,12T FTICR,MALDI
2025-07-30_22h47m25s,s-2310-018272_2_s1_lip_pos_20250719_bg,Homo sapiens,Kidney,Biopsy,Positive,12T FTICR,MALDI
2025-07-30_22h47m50s,s-2310-018272_3_s1_lip_pos_20250719_bg,Homo sapiens,Kidney,Biopsy,Positive,12T FTICR,MALDI
2025-07-30_22h48m03s,s-2311-013511_1_s1_lip_pos_20250719_bg,Homo sapiens,Kidney,Biopsy,Positive,12T FTICR,MALDI
2025-07-30_22h48m22s,s-2311-013511_2_s1_lip_pos_20250719_bg,Homo sapiens,Kidney,Biopsy,Positive,12T FTICR,MALDI
2025-07-30_22h48m43s,s-2311-013511_3_s1_lip_pos_20250719_bg,Homo sapiens,Kidney,Biopsy,Positive,12T FTICR,MALDI
2025-07-30_22h49m07s,s-2312-004397_1_s1_lip_pos_20250719_bg,Homo sapiens,Kidney,Biopsy,Positive,12T FTICR,MALDI
2025-07-30_22h49m36s,s-2312-004397_2_s1_lip_pos_20250719_bg,Homo sapiens,Kidney,Biopsy,Positive,12T FTICR,MALDI
2025-07-30_22h50m06s,s-2312-004397_3_s1_lip_pos_20250719_bg,Homo sapiens,Kidney,Biopsy,Positive,12T FTICR,MALDI
2025-07-31_00h57m40s,qc-077_1_s2_lip_neg_20250719_bg,Homo sapiens,Kidney,Biopsy,Negative,12T FTICR,MALDI
2025-07-31_00h57m51s,qc-077_2_s2_lip_neg_20250719_bg,Homo sapiens,Kidney,Biopsy,Negative,12T FTICR,MALDI
2025-07-31_00h58m13s,s-2310-018272_1_s2_lip_neg_20250719_bg,Homo sapiens,Kidney,Biopsy,Negative,12T FTICR,MALDI
2025-07-31_00h58m42s,s-2310-018272_2_s2_lip_neg_20250719_bg,Homo sapiens,Kidney,Biopsy,Negative,12T FTICR,MALDI
2025-07-31_00h58m53s,s-2310-018272_3_s2_lip_neg_20250719_bg,Homo sapiens,Kidney,Biopsy,Negative,12T FTICR,MALDI
2025-07-31_00h59m10s,s-2311-013511_1_s2_lip_neg_20250719_bg,Homo sapiens,Kidney,Biopsy,Negative,12T FTICR,MALDI
2025-07-31_00h59m27s,s-2311-013511_2_s2_lip_neg_20250719_bg,Homo sapiens,Kidney,Biopsy,Negative,12T FTICR,MALDI
2025-07-31_00h59m43s,s-2311-013511_3_s2_lip_neg_20250719_bg,Homo sapiens,Kidney,Biopsy,Negative,12T FTICR,MALDI
2025-07-31_00h59m59s,s-2312-004397_1_s2_lip_neg_20250719_bg,Homo sapiens,Kidney,Biopsy,Negative,12T FTICR,MALDI
2025-07-31_01h00m22s,s-2312-004397_2_s2_lip_neg_20250719_bg,Homo sapiens,Kidney,Biopsy,Negative,12T FTICR,MALDI
2025-07-31_01h00m46s,s-2312-004397_3_s2_lip_neg_20250719_bg,Homo sapiens,Kidney,Biopsy,Negative,12T FTICR,MALDI
2025-08-04_20h57m54s,k2500084_5_1_s2_3um_lip_neg_20250724_hv,Homo sapiens,Kidney,Biopsy,Negative,timsTOF Flex,MALDI
2025-08-04_21h11m36s,k2500084_5_1_s2_5um_lip_neg_20250724_hv,Homo sapiens,Kidney,Biopsy,Negative,timsTOF Flex,MALDI
2025-08-04_21h28m06s,k2500084_5_1_s2_7um_lip_neg_20250724_hv,Homo sapiens,Kidney,Biopsy,Negative,timsTOF Flex,MALDI
2025-08-04_21h42m09s,k2500084_5_2_s2_3um_lip_neg_20250724_hv,Homo sapiens,Kidney,Biopsy,Negative,timsTOF Flex,MALDI
2025-08-04_21h56m18s,k2500084_5_2_s2_5um_lip_neg_20250724_hv,Homo sapiens,Kidney,Biopsy,Negative,timsTOF Flex,MALDI
2025-08-04_22h12m02s,k2500084_5_3_s2_3um_lip_neg_20250724_hv,Homo sapiens,Kidney,Biopsy,Negative,timsTOF Flex,MALDI
2025-08-04_22h30m12s,k2500084_5_3_s2_5um_lip_neg_20250724_hv,Homo sapiens,Kidney,Biopsy,Negative,timsTOF Flex,MALDI
2025-08-05_15h32m29s,MPIMM_561,Mus musculus,colon,m_Y8_colon,Negative,Orbitrap,AP-SMALDI
2025-08-06_19h19m56s,LNTO30_7_3,Homo sapiens,Breast,,Negative,Orbitrap,DESI
2025-08-06_19h21m28s,BRB06N,Homo sapiens,Breast,,Negative,Orbitrap,DESI
2025-08-06_19h21m53s,BRB11N,Homo sapiens,Breast,,Negative,Orbitrap,DESI
2025-08-06_19h22m14s,BRB16W,Homo sapiens,Breast,,Negative,Orbitrap,DESI
2025-08-19_00h25m31s,S-2312-004397_2_S2_SM_Neg_20250815_SZ,Homo sapiens,Kidney,,Negative,Orbitrap,MALDI
2025-08-19_03h21m35s,S-2311-013464_2_S2_SM_Neg_20250815_SZ,Homo sapiens,Kidney,,Negative,Orbitrap,MALDI
2025-08-19_03h21m56s,S-2311-013464_5_S2_SM_Neg_20250815_SZ,Homo sapiens,Kidney,,Negative,Orbitrap,MALDI
2025-08-19_04h00m12s,S-2312-004397_5_S2_SM_Neg_20250815_SZ,Homo sapiens,Kidney,,Negative,Orbitrap,MALDI
2025-08-19_04h00m21s,S-2311-013464_8_S2_SM_Neg_HR_20250815_SZ,Homo sapiens,Kidney,,Negative,Orbitrap,MALDI
2025-08-19_08h57m51s,MPIMM_562,Homo sapiens,colon,non-inflamed,Negative,Orbitrap,AP-SMALDI
2025-08-19_09h50m00s,MPIMM_483_SPF_QE_P,Mus musculus,small intestine (jejunum),A5SPF,Negative,Orbitrap,AP-SMALDI
2025-08-19_15h40m08s,MPIMM_563,Homo sapiens,colon,Inflamed,Negative,Orbitrap,AP-SMALDI
2025-08-19_19h23m41s,Lipids1_bottom_NH4F_diverter,Mus musculus,Liver,Wildtype,Negative,Orbitrap,IR-MALDESI
2025-08-19_19h26m22s,Lipids1_top_control_nodiverter,Mus musculus,Liver,Wildtype,Negative,Orbitrap,IR-MALDESI
2025-08-19_19h27m06s,Lipids2_bottom_control_nodiverter,Mus musculus,Liver,Wildtype,Negative,Orbitrap,IR-MALDESI
2025-08-19_19h28m58s,Lipids2_top_NH4F_diverter,Mus musculus,Liver,Wildtype,Negative,Orbitrap,IR-MALDESI
2025-08-19_19h29m48s,Lipids3_top_control_nodiverter,Mus musculus,Liver,Wildtype,Negative,Orbitrap,IR-MALDESI
2025-08-19_19h33m18s,Lipids4_bottom_control_nodiverter,Mus musculus,Liver,Wildtype,Negative,Orbitrap,IR-MALDESI
2025-08-19_20h57m39s,S-2308-002020_2_S2_SM_Neg_20250818_SZ,Homo sapiens,Kidney,,Negative,Orbitrap,MALDI
2025-08-19_21h03m11s,S-2308-002020_8_S2_SM_Neg_HR_20250818_SZ,Homo sapiens,Kidney,,Negative,Orbitrap,MALDI
2025-08-19_21h04m23s,S-2310-018272_8_S2_SM_Neg_HR_20250818_SZ,Homo sapiens,Kidney,,Negative,Orbitrap,MALDI
2025-08-19_21h04m28s,S-2308-002020_5_S2_SM_Neg_20250818_SZ,Homo sapiens,Kidney,,Negative,Orbitrap,MALDI
2025-08-19_21h04m52s,S-2310-018272_5_S2_SM_Neg_20250818_SZ,Homo sapiens,Kidney,,Negative,Orbitrap,MALDI
2025-08-19_21h05m37s,S-2310-018272_2_S2_SM_Neg_20250818_SZ,Homo sapiens,Kidney,,Negative,Orbitrap,MALDI
2025-08-19_21h11m14s,Ref-S-2210-005019_3_S2_SM_Neg_20250818_SZ,Homo sapiens,Kidney,,Negative,Orbitrap,MALDI
2025-08-19_21h40m30s,Ref-S-2210-005019_4_S2_SM_Neg_20250818_SZ,Homo sapiens,Kidney,,Negative,Orbitrap,MALDI
2025-08-19_21h40m52s,Ref-S-2210-005019_1_S2_SM_Neg_20250818_SZ,Homo sapiens,Kidney,,Negative,Orbitrap,MALDI
2025-08-19_21h41m16s,Ref-S-2210-005019_2_S2_SM_Neg_20250818_SZ,Homo sapiens,Kidney,,Negative,Orbitrap,MALDI
2025-08-19_21h46m56s,Mimetic-Mid_1_S2_SM_Neg_20250818_SZ,Mus musculus,Heart,,Negative,Orbitrap,MALDI
2025-08-19_21h47m11s,Mimetic-Mid_3_S2_SM_Neg_20250818_SZ,Mus musculus,Heart,,Negative,Orbitrap,MALDI
2025-08-22_18h25m43s,slide1_lcmv_4938-root mean square,Homo sapiens,Placenta,lcmv,Positive,timsTOF Flex,MALDI
2025-08-28_13h58m37s,260827_Mousebrain_DHAP_370x362_A34_8um_neg_2Dspot,Mus musculus,Brain,Healthy,Negative,Orbitrap,AP-SMALDI
2025-09-09_15h25m10s,MPIMM_564_biopsy14_2_repl2,Homo sapiens,colon,Inflamed,Negative,Orbitrap,AP-SMALDI
2025-09-09_17h12m27s,MPIMM_565_biopsy14_0_repl2,Homo sapiens,colon,non-inflamed,Negative,Orbitrap,AP-SMALDI
2025-09-09_20h59m11s,AKI_otcd,Mus musculus,Kidney,AKI,Positive,timsTOF,MALDI
2025-09-09_21h02m18s,control_otcd,Mus musculus,Kidney,Healthy,Positive,timsTOF,MALDI
2025-09-15_08h52m53s,MPIMM_566,Mus musculus,colon,mY8 colon,Negative,Orbitrap,AP-SMALDI
2025-09-15_21h35m15s,Brain1_1_S2_SM_Neg_20250911_SZ,Mus musculus,Brain,,Negative,Orbitrap,MALDI
2025-09-15_21h36m04s,Brain2_1_S2_SM_Neg_20250911_SZ,Mus musculus,Brain,,Negative,Orbitrap,MALDI
2025-09-16_17h34m36s,Chen negative high,Mus musculus,Bone,,Negative,Orbitrap,DESI
2025-09-17_15h37m41s,2025_07_29_AK_bone_80-320_neg,Mus musculus,Femur,,Negative,Orbitrap,DESI
2025-09-17_17h07m20s,LowPos,Mus musculus,Femur,,Positive,Orbitrap,DESI
2025-09-22_22h11m22s,test - aligned - calibrated,Homo sapiens,Kidney,Wildtype,Negative,timsTOF Flex,MALDI
2025-09-22_22h20m01s,test - notaligned - calibrated,Homo sapiens,Kidney,Wildtype,Negative,timsTOF Flex,MALDI
2025-09-23_09h23m33s,shugan-shiyan-chca+50um 105-275 60000 -100-1200 -36-k4.9-BSD,Mus musculus,Liver,Diseased,Positive,Orbitrap,MALDI
2025-09-23_09h31m47s,shugan-duizhao-chca+50um,Mus musculus,Liver,Diseased,Positive,Orbitrap,MALDI
2025-09-24_06h54m16s,09_11_2025_control,Homo sapiens,Lung,Healthy,Positive,timsTOF Flex,MALDI
2025-09-24_11h21m32s,250918_sude_20um_brain,Mus musculus,Brain,Wildtype,Positive,timsTOF Flex,MALDI
2025-09-24_18h45m37s,KO_Ctrl_2_S2_SM_Pos_20250923_SZ,Mus musculus,Kidney,,Positive,Orbitrap,MALDI
2025-09-24_18h47m06s,KO_Ctrl_6_S2_SM_Pos_20250923_SZ,Mus musculus,Kidney,,Positive,Orbitrap,MALDI
2025-09-24_18h47m40s,KO_DAPA-50uM_2_S2_SM_Pos_20250923_SZ,Mus musculus,Kidney,,Positive,Orbitrap,MALDI
2025-09-24_18h47m59s,KO_DAPA-50uM_6_S2_SM_Pos_20250923_SZ,Mus musculus,Kidney,,Positive,Orbitrap,MALDI
2025-09-24_18h48m23s,KO_HighGlucose_2_S2_SM_Pos_20250923_SZ,Mus musculus,Kidney,,Positive,Orbitrap,MALDI
2025-09-24_18h48m42s,KO_HighGlucose_6_S2_SM_Pos_20250923_SZ,Mus musculus,Kidney,,Positive,Orbitrap,MALDI
2025-09-24_18h49m00s,KO_HighGlucose_DAPA50uM_2_S2_SM_Pos_20250923_SZ,Mus musculus,Kidney,,Positive,Orbitrap,MALDI
2025-09-24_18h49m23s,KO_HighGlucose_DAPA50uM_6_S2_SM_Pos_20250923_SZ,Mus musculus,Kidney,,Positive,Orbitrap,MALDI
2025-09-24_18h50m00s,WT_Ctrl_2_S2_SM_Pos_20250923_SZ,Mus musculus,Kidney,,Positive,Orbitrap,MALDI
2025-09-24_18h50m33s,WT_DAPA-50uM_6_S2_SM_Pos_20250923_SZ,Mus musculus,Kidney,,Positive,Orbitrap,MALDI
2025-09-24_18h51m29s,WT_HighGlucose_DAPA50uM_2_S2_SM_Pos_20250923_SZ,Mus musculus,Kidney,,Positive,Orbitrap,MALDI
2025-09-24_18h51m35s,WT_HighGlucose_6_S2_SM_Pos_20250923_SZ,Mus musculus,Kidney,,Positive,Orbitrap,MALDI
2025-09-28_01h41m40s,09_11_2025_bottom_ipf_top3000,Homo sapiens,Lung,Healthy,Positive,timsTOF Flex,MALDI
2025-09-30_10h30m54s,Row01_20250929163120,Mus musculus,Brain,Healthy,Negative,Orbitrap,DESI
2025-10-01_12h06m03s,14d_male,Mus musculus,Brain,Ischemia,Positive,Orbitrap,DESI
2025-10-01_17h31m11s,"Mouse brain, ischemia, male 2, 14d, neg",Mus musculus,Brain,Ischemia,Negative,Orbitrap,DESI
2025-10-02_20h50m16s,3585-1-4apeba_fticr_rms,Mus musculus,Kidney,AKI,Positive,FTICR,MALDI
2025-10-02_20h50m54s,3586-2-4apeba_fticr_rms,Mus musculus,Kidney,tCTRL,Positive,FTICR,MALDI
2025-10-02_23h49m32s,3585-1_nedc-fticr_rms,Mus musculus,Kidney,AKI,Negative,12T FTICR,MALDI
2025-10-02_23h50m06s,3586-2_nedc_fticr_rms,Mus musculus,Kidney,AKI,Negative,12T FTICR,MALDI
2025-10-03_13h33m39s,09.07.2025_AK_highneg_65um,Mus musculus,Femur,,Negative,Orbitrap,DESI
2025-10-06_10h20m34s,14d_female,Mus musculus,Brain,Ischemia,Positive,Orbitrap,DESI
2025-10-07_13h11m23s,O62_4x1_10um_1_5LP_120K_DHB_pos,Homo sapiens,Organoid,Wtype,Positive,Orbitrap,AP-MALDI
2025-10-08_16h35m52s,2025_09_17_sublimation_liver_02-total ion count,Mus musculus,Liver,Frozen,Positive,timsTOF Flex,MALDI
2025-10-08_16h38m45s,2025_09_19_sublimation_liver-total ion count,Mus musculus,Liver,Frozen,Positive,timsTOF Flex,MALDI
2025-10-08_16h39m59s,2025_08_09_spray_01-total ion count,Mus musculus,Liver,Frozen,Positive,timsTOF Flex,MALDI
2025-10-08_16h44m06s,2025_09_17_spray_liver_02-total ion count,Mus musculus,Liver,Frozen,Positive,timsTOF Flex,MALDI
2025-10-08_16h45m32s,2025_09_19_spray_liver-total ion count,Mus musculus,Liver,Frozen,Positive,timsTOF Flex,MALDI
2025-10-08_16h46m30s,"Mouse brain, ischemia, female 1, 7 days",Mus musculus,Brain,Ischemia,Negative,Orbitrap,DESI
2025-10-09_14h05m58s,O64_7x1_10um_1LP_120K_CHCA_pos_20251009113716,Homo sapiens,Organoid,Wtype,Positive,Orbitrap,AP-MALDI
2025-10-10_09h33m05s,O65_7X2_10um_1LP_120K_CHCA_pos,Homo sapiens,Organoid,Wtype,Positive,Orbitrap,AP-MALDI
2025-10-10_13h00m50s,O66_5x1_10um_1LP_120K_CHCA_pos,Homo sapiens,Organoid,Wtype,Positive,Orbitrap,AP-MALDI
2025-10-10_16h31m19s,O67_5X2_10um_1LP_120K_CHCA_pos,Homo sapiens,Organoid,Wtype,Positive,Orbitrap,AP-MALDI
2025-10-10_16h48m26s,Ref-S-2210-005017_1_S2_SM_Neg_20250925_SZ,Homo sapiens,Kidney,,Negative,Orbitrap,MALDI
2025-10-10_18h29m47s,Ref-S-2210-005017_3_S2_SM_Neg_20250925_SZ,Homo sapiens,Kidney,,Negative,Orbitrap,MALDI
2025-10-10_18h31m35s,Ref-S-2210-005017_7_S2_SM_Neg_20250925_SZ,Homo sapiens,Kidney,,Negative,Orbitrap,MALDI
2025-10-10_18h33m13s,S-2310-010140_2_S2_SM_Neg_20250925_SZ,Homo sapiens,Kidney,,Negative,Orbitrap,MALDI
2025-10-10_18h34m48s,S-2310-010140_5_S2_SM_Neg_20250925_SZ,Homo sapiens,Kidney,,Negative,Orbitrap,MALDI
2025-10-10_18h40m48s,S-2310-010140_8_S2_SM_Neg_HR_20250925_SZ,Homo sapiens,Kidney,,Negative,Orbitrap,MALDI
2025-10-10_18h42m20s,S-2311-013511_2_S2_SM_Neg_20250925_SZ,Homo sapiens,Kidney,,Negative,Orbitrap,MALDI
2025-10-13_11h56m19s,"Mouse brain, ischemia, female 1, 7 days",Mus musculus,Brain,Ischemia,Positive,Orbitrap,DESI
2025-10-13_14h32m15s,MPIMM_577,Mus musculus,colon,,Negative,Orbitrap,AP-SMALDI
2025-10-14_00h49m28s,PKD2KO11_MTAPi_20uM_2_S2_SM_Neg_20251010_SZ,Homo sapiens,Kidney,,Negative,Orbitrap,MALDI
2025-10-14_02h36m51s,PKD2KO11_MTAPi_20uM_6_S2_SM_Neg_20251010_SZ,Homo sapiens,Kidney,,Negative,Orbitrap,MALDI
2025-10-14_02h37m58s,S2P2_MTAPi_5uM_2_S2_SM_Neg_20251010_SZ,Homo sapiens,Kidney,,Negative,Orbitrap,MALDI
2025-10-14_02h57m19s,S2P2_MTAPi_5uM_2_S2_SM_Neg_20251010_SZ,Homo sapiens,Kidney,,Negative,Orbitrap,MALDI
2025-10-14_03h04m47s,S2P2_DMSO_2_S2_SM_Neg_20251013_SZ,Homo sapiens,Kidney,,Negative,Orbitrap,MALDI
2025-10-14_11h46m31s,251013_Liver_Spheroids_ROI1_120k_7um_1.5%_2000Hz_DAN_8L_pos_01,Homo sapiens,Liver,Healthy,Positive,Orbitrap,AP-MALDI
2025-10-14_14h59m10s,B68_13x_40um_1_5LP_120K_DHB_pos,Mus musculus,Brain,,Positive,Orbitrap,AP-MALDI
2025-10-14_14h59m52s,B69_13x_40um_1_5LP_120K_DHB_pos,Mus musculus,Brain,,Positive,Orbitrap,AP-MALDI
2025-10-14_17h02m26s,"Mouse brain, ischemia, male 5, 7days, neg",Mus musculus,Brain,Ischemia,Negative,Orbitrap,DESI
2025-10-15_12h45m58s,"male 5, 7 days",Mus musculus,Brain,Ischemia,Positive,Orbitrap,DESI
2025-10-15_17h16m29s,PKD2KO11_DMSO_2_S2_SM_Neg_20251010_SZ,Homo sapiens,Kidney,,Negative,Orbitrap,MALDI
2025-10-15_17h18m25s,PKD2KO11_MTAPi_5uM_2_S2_SM_Neg_20251010_SZ,Homo sapiens,Kidney,,Negative,Orbitrap,MALDI
2025-10-15_17h21m11s,PKD2KO11_MTAPi_5uM_6_S2_SM_Neg_20251010_SZ,Homo sapiens,Kidney,,Negative,Orbitrap,MALDI
2025-10-15_18h32m32s,S2P2_MTAPi_20uM_2_S2_SM_Neg_20251010_SZ,Homo sapiens,Kidney,,Negative,Orbitrap,MALDI
2025-10-22_14h50m10s,MPIMM_567,Mus musculus,colon,Wildtype,Negative,Orbitrap,AP-SMALDI
2025-10-23_10h25m38s,bruker13l 30um,Mus musculus,Brain,,Positive,Orbitrap,MALDI
2025-10-23_23h59m20s,QA01_MRSA_D2_2_S2_SM_Neg_20251022_SZ,Mus musculus,Kidney,,Negative,Orbitrap,MALDI
2025-10-24_00h00m02s,QA01_MRSA_D2_6_S2_SM_Neg_20251022_SZ,Mus musculus,Kidney,,Negative,Orbitrap,MALDI
2025-10-24_00h00m25s,QA01_MRSA_D2_10_S2_SM_Neg_20251022_SZ,Mus musculus,Kidney,,Negative,Orbitrap,MALDI
2025-10-24_00h00m55s,QA04_MRSA_D4_2_S2_SM_Neg_20251022_SZ,Mus musculus,Kidney,,Negative,Orbitrap,MALDI
2025-10-24_00h01m11s,QA04_MRSA_D4_6_S2_SM_Neg_20251022_SZ,Mus musculus,Kidney,,Negative,Orbitrap,MALDI
2025-10-24_00h01m38s,QA04_MRSA_D4_10_S2_SM_Neg_20251022_SZ,Mus musculus,Kidney,,Negative,Orbitrap,MALDI
2025-10-24_00h02m02s,QB05_Baseline_2_S2_SM_Neg_20251022_SZ,Mus musculus,Kidney,,Negative,Orbitrap,MALDI
2025-10-24_00h02m49s,QB05_Baseline_10_S2_SM_Neg_20251022_SZ,Mus musculus,Kidney,,Negative,Orbitrap,MALDI
2025-10-24_00h02m58s,QB05_Baseline_6_S2_SM_Neg_20251022_SZ,Mus musculus,Kidney,,Negative,Orbitrap,MALDI
2025-10-24_17h02m31s,C166_1_S2_SM_Neg_20251023_SZ,Mus musculus,Kidney,,Negative,Orbitrap,MALDI
2025-10-24_17h07m48s,C198_1_S2_SM_Neg_20251023_SZ,Mus musculus,Kidney,,Negative,Orbitrap,MALDI
2025-10-28_16h05m56s,MPIMM_584,Mus musculus,colon,,Negative,Orbitrap,AP-SMALDI
2025-10-28_16h06m51s,MPIMM_585,Mus musculus,colon,,Positive,Orbitrap,AP-SMALDI
2025-10-28_19h09m20s,qc-077-3_1_s2_lip_neg_20251017_bg,Homo sapiens,Kidney,nephrectomy,Negative,12T FTICR,MALDI
2025-10-28_19h09m38s,qc-077-3_2_s2_lip_neg_20251017_bg,Homo sapiens,Kidney,nephrectomy,Negative,12T FTICR,MALDI
2025-10-28_19h10m05s,s-2310-010140_1_s2_lip_neg_20251017_bg,Homo sapiens,Kidney,nephrectomy,Negative,12T FTICR,MALDI
2025-10-28_19h10m46s,s-2310-010140_2_s2_lip_neg_20251017_bg,Homo sapiens,Kidney,nephrectomy,Negative,12T FTICR,MALDI
2025-10-28_19h29m35s,s-2310-010140_3_s2_lip_neg_20251017_bg,Homo sapiens,Kidney,nephrectomy,Negative,12T FTICR,MALDI
2025-10-28_19h29m56s,s-2311-013464_1_s2_lip_neg_20251017_bg,Homo sapiens,Kidney,nephrectomy,Negative,12T FTICR,MALDI
2025-10-28_19h30m13s,s-2311-013464_2_s2_lip_neg_20251017_bg,Homo sapiens,Kidney,nephrectomy,Negative,12T FTICR,MALDI
2025-10-28_19h30m34s,s-2311-013464_3_s2_lip_neg_20251017_bg,Homo sapiens,Kidney,nephrectomy,Negative,12T FTICR,MALDI
2025-10-28_19h30m47s,s-2402-003833_2_s2_lip_neg_20251017_bg,Homo sapiens,Kidney,nephrectomy,Negative,12T FTICR,MALDI
2025-10-28_19h31m03s,s-2402-003833_4_s2_lip_neg_20251017_bg,Homo sapiens,Kidney,nephrectomy,Negative,12T FTICR,MALDI
2025-10-28_19h31m20s,s-2402-003833_5_s2_lip_neg_20251017_bg,Homo sapiens,Kidney,nephrectomy,Negative,12T FTICR,MALDI
2025-10-28_20h40m05s,qc-077-3_2_s1_lip_pos_hr_20251021_bg,Homo sapiens,Kidney,Biopsy,Positive,timsTOF Flex,MALDI
2025-10-28_21h23m49s,qc-077-3_2_s2_lip_neg_20251017_bg,Homo sapiens,Kidney,Biopsy,Negative,timsTOF Flex,MALDI
2025-10-30_19h46m05s,C106_1_S2_SM_Neg_20251024_SZ,Mus musculus,Kidney,,Negative,Orbitrap,MALDI
2025-10-30_19h46m51s,C122_1_S2_SM_Neg_20251024_SZ,Mus musculus,Kidney,,Negative,Orbitrap,MALDI
2025-10-30_20h03m38s,C163_1_S2_SM_Neg_20251024_SZ,Mus musculus,Kidney,,Negative,Orbitrap,MALDI
2025-10-31_15h20m37s,FA379_1_S2_SM_Neg_20251030_SZ,Mus musculus,Heart,,Negative,Orbitrap,MALDI
2025-10-31_15h43m41s,FJ699_1_S2_SM_Neg_20251030_SZ,Mus musculus,Heart,,Negative,Orbitrap,MALDI
2025-10-31_17h05m48s,WT105_1_S2_SM_Neg_20251030_SZ,Mus musculus,Kidney,,Negative,Orbitrap,MALDI
2025-10-31_17h05m51s,FA467_1_S2_SM_Neg_20251030_SZ,Mus musculus,Heart,,Negative,Orbitrap,MALDI
2025-11-04_08h38m05s,ipf_otcd_slide1,Homo sapiens,Lung,Biopsy,Positive,FTICR,MALDI
2025-11-04_17h11m56s,ipf_otcd_slide2,Homo sapiens,Lung,Biopsy,Positive,FTICR,MALDI
2025-11-04_17h14m44s,ipf_otcd_slide3,Homo sapiens,Lung,Biopsy,Positive,FTICR,MALDI
2025-11-07_10h12m50s,"Mouse brain, ischemia, male 3, 24h, pos",Mus musculus,Brain,Ischemia,Positive,Orbitrap,DESI
2025-11-07_14h09m56s,MPIMM_587,Mus musculus,colon,B1GF,Positive,Orbitrap,AP-SMALDI
2025-11-10_08h41m01s,MPIMM_588,Mus musculus,colon,SPFA6,Positive,Orbitrap,AP-SMALDI
2025-11-10_10h30m09s,"Mouse brain, ischemia, male 3, 24h, neg",Mus musculus,Brain,Ischemia,Negative,Orbitrap,DESI
2025-11-11_02h20m26s,s-2509-007487_2_s2_lip_neg_20251106_hv,Homo sapiens,Kidney,Biopsy,Negative,timsTOF Flex,MALDI
2025-11-11_02h24m32s,s-2509-007487_1_s2_lip_neg_20251106_hv,Homo sapiens,Kidney,Biopsy,Negative,timsTOF Flex,MALDI
2025-11-11_03h51m32s,s-2509-007485_2_s2_lip_neg_20251106_hv,Homo sapiens,Kidney,Biopsy,Negative,timsTOF Flex,MALDI
2025-11-11_09h11m22s,ipfp-3-root mean square,Homo sapiens,Whole organism,Healthy,Negative,timsTOF Flex,MALDI
2025-11-12_07h54m28s,MPIMM_590,Mus musculus,jejunum,,Negative,Orbitrap,AP-SMALDI
2025-11-12_10h03m36s,"Mouse brain, ischemia, female 4, 24h, neg",Mus musculus,Brain,Ischemia,Negative,Orbitrap,DESI
2025-11-12_21h24m48s,MPIMM_591,Mus musculus,jejunum,,Negative,Orbitrap,AP-SMALDI
2025-11-13_03h36m29s,20250818,Mus musculus,Brain,Healthy,Positive,Orbitrap,AP-SMALDI
2025-11-13_08h18m08s,ipfp-3-root mean square,Homo sapiens,Whole organism,Healthy,Negative,timsTOF Flex,MALDI
2025-11-14_10h19m14s,"Mouse brain, ischemia, female 4, 24h",Mus musculus,Brain,Ischemia,Positive,Orbitrap,DESI
2025-11-14_13h44m04s,MPIMM_592,Mus musculus,Colon,,Negative,Orbitrap,AP-SMALDI
2025-11-15_01h06m03s,Mimetic_1_S2_SM_Neg_20250529_SZ,Homo sapiens,Kidney,,Negative,Orbitrap,MALDI
2025-11-15_09h09m33s,MPIMM_593,Mus musculus,Colon,,Negative,Orbitrap,AP-SMALDI
2025-11-15_18h32m11s,Nephrectomy_1_20251114,Homo sapiens,Kidney,,Negative,Orbitrap,MALDI
2025-11-15_18h34m15s,Nephrectomy_2_20251114,Homo sapiens,Kidney,,Negative,Orbitrap,MALDI
2025-11-17_10h30m59s,"Mouse brain, ischemia, female 4, 24h, pos",Mus musculus,Brain,Ischemia,Positive,Orbitrap,DESI
2025-11-18_16h00m39s,Nephrectomy_1_20251117,Homo sapiens,Kidney,,Negative,Orbitrap,MALDI
2025-11-18_16h01m39s,Nephrectomy_2_20251117,Homo sapiens,Kidney,,Negative,Orbitrap,MALDI
2025-11-18_17h02m28s,bone cover safe2 + dako 2,Mus musculus,Bone,BL6,Positive,timsTOF Flex,MALDI
2025-11-19_00h55m53s,S-2311-013511_2_S2_SM_Neg_20250925_SZ,Homo sapiens,Kidney,,Negative,Orbitrap,MALDI
2025-11-19_00h56m45s,S-2311-013511_5_S2_SM_Neg_20250925_SZ,Homo sapiens,Kidney,,Negative,Orbitrap,MALDI
2025-11-19_01h04m02s,S-2311-013511_8_S2_SM_Neg_HR_20250925_SZ,Homo sapiens,Kidney,,Negative,Orbitrap,MALDI
2025-11-19_01h38m13s,qc-077_1_s2_lip_neg_20231202_bg,Homo sapiens,Kidney,Biopsy,Negative,12T FTICR,MALDI
2025-11-19_08h55m38s,LaserTest_8Pr_10Pr_250Hz_5um_15,Homo sapiens,Liver,HCC,Negative,Orbitrap,AP-MALDI
2025-11-19_10h42m50s,"Mouse brain, ischemia, female 10, 2h, neg",Mus musculus,Brain,Ischemia,Negative,Orbitrap,DESI
2025-11-20_04h42m04s,S-2502-009140_2_S2_SM_Neg_20251119_SZ,Homo sapiens,Kidney,,Negative,Orbitrap,MALDI
2025-11-20_05h08m25s,Ref-S-2210-005016_1_S2_SM_Neg_20251119_SZ,Homo sapiens,Kidney,,Negative,Orbitrap,MALDI
2025-11-20_05h47m40s,Mimetic_Mid_1_S2_SM_Neg_20251119_SZ,Homo sapiens,Kidney,,Negative,Orbitrap,MALDI
2025-11-20_06h29m18s,S-2402-002915_2_S2_SM_Neg_20251119_SZ,Homo sapiens,Kidney,,Negative,Orbitrap,MALDI
2025-11-20_06h30m09s,Ref-S-2210-005016_2_S2_SM_Neg_20251119_SZ,Homo sapiens,Kidney,,Negative,Orbitrap,MALDI
2025-11-20_15h29m58s,gelma#7,Homo sapiens,Breast,Cancer,Positive,timsTOF Flex,MALDI
2025-11-20_16h19m00s,"Mouse brain, ischemia, male 9, 2h,  neg",Mus musculus,Brain,Ischemia,Negative,Orbitrap,DESI
2025-11-20_16h27m44s,S-2402-002915_5_S2_SM_Neg_20251119_SZ,Homo sapiens,Kidney,,Negative,Orbitrap,MALDI
2025-11-20_16h29m47s,S-2502-009140_5_S2_SM_Neg_20251119_SZ,Homo sapiens,Kidney,,Negative,Orbitrap,MALDI
2025-11-20_16h31m38s,S-2502-009140_8_S2_SM_Neg_HR_20251119_SZ,Homo sapiens,Kidney,,Negative,Orbitrap,MALDI
2025-11-21_10h10m34s,ovary_adapted,Homo sapiens,Ovary,Wildtype,Positive,timsTOF Flex,MALDI
2025-11-21_13h32m08s,brain apeba uncooked 10ppm ,Mus musculus,Brain,Wildtype,Positive,timsTOF Flex,MALDI
2025-11-21_16h14m59s,FP79_sub_40um_1LP_120K_CHCA_pos,Homo sapiens,fingerprint,,Positive,Orbitrap,AP-MALDI
2025-11-21_17h11m34s,Ref-S-2210-005017_2_S2_SM_Neg_20251016_SZ,Homo sapiens,Kidney,,Negative,Orbitrap,MALDI
2025-11-21_17h14m15s,Ref-S-2210-005017_6_S2_SM_Neg_20251016_SZ,Homo sapiens,Kidney,,Negative,Orbitrap,MALDI
2025-11-21_21h47m00s,Ref-S-2210-005019_2_S2_SM_Neg_20250815_SZ,Homo sapiens,Kidney,,Negative,Orbitrap,MALDI
2025-11-21_21h49m09s,Ref-S-2210-005019_7_S2_SM_Neg_20250815_SZ,Homo sapiens,Kidney,,Negative,Orbitrap,MALDI
2025-11-21_21h51m43s,Ref-S-2210-005019_10_S2_SM_Neg_20250815_SZ,Homo sapiens,Kidney,,Negative,Orbitrap,MALDI
2025-11-21_21h53m15s,Ref-S-2210-005019_12_S2_SM_Neg_20250815_SZ,Homo sapiens,Kidney,,Negative,Orbitrap,MALDI
2025-11-23_21h35m04s,Ref-S-2210-005016_3_S2_SM_Neg_20251119_SZ,Homo sapiens,Kidney,,Negative,Orbitrap,MALDI
2025-11-23_21h36m56s,S-2402-002915_8_S2_SM_Neg_HR_20251119_SZ,Homo sapiens,Kidney,,Negative,Orbitrap,MALDI
2025-11-23_21h37m02s,Ref-S-2210-005016_4_S2_SM_Neg_20251119_SZ,Homo sapiens,Kidney,,Negative,Orbitrap,MALDI
2025-11-24_16h51m24s,Ref-S-2210-005017_1_S2_SM_Neg_20251123_SZ,Homo sapiens,Kidney,,Negative,Orbitrap,MALDI
2025-11-24_16h57m04s,Ref-S-2210-005017_2_S2_SM_Neg_20251123_SZ,Homo sapiens,Kidney,,Negative,Orbitrap,MALDI
2025-11-24_16h59m27s,S-2404-003773_2_S2_SM_Neg_20251123_SZ,Homo sapiens,Kidney,,Negative,Orbitrap,MALDI
2025-11-24_17h06m19s,Ref-S-2210-005017_3_S2_SM_Neg_20251123_SZ,Homo sapiens,Kidney,,Negative,Orbitrap,MALDI
2025-11-24_17h07m54s,Ref-S-2210-005017_4_S2_SM_Neg_20251123_SZ,Homo sapiens,Kidney,,Negative,Orbitrap,MALDI
2025-11-24_17h12m51s,S-2404-003773_5_S2_SM_Neg_20251123_SZ,Homo sapiens,Kidney,,Negative,Orbitrap,MALDI
2025-11-24_17h14m11s,S-2404-003820_2_S2_SM_Neg_20251123_SZ,Homo sapiens,Kidney,,Negative,Orbitrap,MALDI
2025-11-24_17h15m28s,S-2404-003820_5_S2_SM_Neg_20251123_SZ,Homo sapiens,Kidney,,Negative,Orbitrap,MALDI
2025-11-24_17h17m04s,S-2404-003773_8_S2_SM_Neg_HR_20251123_SZ,Homo sapiens,Kidney,,Negative,Orbitrap,MALDI
2025-11-24_17h18m13s,S-2404-003820_8_S2_SM_Neg_HR_20251123_SZ,Homo sapiens,Kidney,,Negative,Orbitrap,MALDI
2025-11-25_00h45m19s,AD_Brain_rest_1_S2_SM_Neg_20251120_SZ,Homo sapiens,Brain,,Negative,Orbitrap,MALDI
2025-11-25_00h47m27s,AD_Brain_rest_2_S2_SM_Neg_20251120_SZ,Homo sapiens,Brain,,Negative,Orbitrap,MALDI
2025-11-25_00h48m46s,AD_Brain_Entorhinal_1_S2_SM_Neg_20251120_SZ,Homo sapiens,Brain,,Negative,Orbitrap,MALDI
2025-11-25_00h53m36s,AD_Brain_Hippo_1_S2_SM_Neg_20251120_SZ,Homo sapiens,Brain,,Negative,Orbitrap,MALDI
2025-11-25_10h04m33s,FP80_spray_40um_1LP_120K_CHCA_pos,Homo sapiens,fingerprint,,Positive,Orbitrap,AP-MALDI
2025-11-25_11h55m48s,SFB-POS,Homo sapiens,HepG2 cell spheroids,Healthy,Positive,timsTOF Flex,MALDI
2025-11-25_11h59m02s,sorafenib-POS,Homo sapiens,HepG2 cell spheroids,Sorafenib treatment,Positive,timsTOF Flex,MALDI
2025-11-25_13h26m32s,MPIMM_599,Mus musculus,jejunum,,Negative,Orbitrap,AP-SMALDI
2025-11-25_18h21m19s,bone cover safe2 + dako 2_POS_40um_postcalibrated,Mus musculus,Bone,Normal,Positive,timsTOF Flex,MALDI
2025-11-26_08h47m39s,MPIMM_600,Mus musculus,jejunum,,Negative,Orbitrap,AP-SMALDI
2025-11-27_09h43m59s,MPIMM_601,Mus musculus,Colon,,Negative,Orbitrap,AP-SMALDI
2025-11-27_10h02m41s,FP81_spray_40um_1LP_120K_CHCA_pos,Homo sapiens,fingerprint,,Positive,Orbitrap,AP-MALDI
2025-11-27_15h26m51s,MPIMM_602,Mus musculus,Colon,,Negative,Orbitrap,AP-SMALDI
2025-12-01_02h16m56s,2025112701,Homo sapiens,Stomach,Healthy,Positive,Orbitrap,DESI
2025-12-01_09h03m54s,MPIMM_603,Mus musculus,Colon,,Negative,Orbitrap,AP-SMALDI
2025-12-01_09h40m48s,FP81_sub_40um_1LP_120K_DAN_neg,Homo sapiens,fingerprint,,Negative,Orbitrap,AP-MALDI
2025-12-01_17h37m22s,F-0030-L_1_10_S2_SM_Neg_20251124_SZ_20251125104304,Homo sapiens,Kidney,,Negative,Orbitrap,MALDI
2025-12-01_17h43m18s,F-0030-L_1_14_S2_SM_Neg_20251124_SZ,Homo sapiens,Kidney,,Negative,Orbitrap,MALDI
2025-12-01_17h45m33s,F-0030-L_2_2_S2_SM_Neg_20251124_SZ,Homo sapiens,Kidney,,Negative,Orbitrap,MALDI
2025-12-01_17h48m52s,F-0030-L_2_6_S2_SM_Neg_20251124_SZ,Homo sapiens,Kidney,,Negative,Orbitrap,MALDI
2025-12-01_17h52m39s,F-0030-L_1_6_S2_SM_Neg_20251124_SZ,Homo sapiens,Kidney,,Negative,Orbitrap,MALDI
2025-12-01_17h55m29s,F-0030-L_1_2_S2_SM_Neg_20251124_SZ,Homo sapiens,Kidney,,Negative,Orbitrap,MALDI
2025-12-01_17h59m42s,F-0009-R_1_4_S4_SM_Neg_20251126_SZ,Homo sapiens,Kidney,,Negative,Orbitrap,MALDI
2025-12-01_18h02m51s,F-0009-R_1_8_S4_SM_Neg_20251126_SZ,Homo sapiens,Kidney,,Negative,Orbitrap,MALDI
2025-12-01_18h07m19s,F-0009-R_1_12_S4_SM_Neg_20251126_SZ,Homo sapiens,Kidney,,Negative,Orbitrap,MALDI
2025-12-01_18h11m14s,F-0009-R_2_4_S4_SM_Neg_20251126_SZ,Homo sapiens,Kidney,,Negative,Orbitrap,MALDI
2025-12-01_18h26m25s,F-0009-R_2_8_S4_SM_Neg_20251126_SZ,Homo sapiens,Kidney,,Negative,Orbitrap,MALDI
2025-12-01_18h30m26s,F-0009-R_2_12_S4_SM_Neg_20251126_SZ,Homo sapiens,Kidney,,Negative,Orbitrap,MALDI
2025-12-01_18h31m47s,F-0009-R_2_16_S4_SM_Neg_20251126_SZ,Homo sapiens,Kidney,,Negative,Orbitrap,MALDI
2025-12-02_09h34m18s,FP83_spray_40um_1LP_120K_CHCA_pos,Homo sapiens,fingerprint,,Positive,Orbitrap,AP-MALDI
2025-12-02_21h51m36s,F-0004-R_2_2_S2_SM_Neg_20251201_SZ,Homo sapiens,Kidney,,Negative,Orbitrap,MALDI
2025-12-02_21h56m12s,F-0004-R_2_6_S2_SM_Neg_20251201_SZ,Homo sapiens,Kidney,,Negative,Orbitrap,MALDI
2025-12-02_21h59m44s,F-0004-R_1_2_S2_SM_Neg_20251201_SZ,Homo sapiens,Kidney,,Negative,Orbitrap,MALDI
2025-12-03_13h48m32s,20241014_ito3_control3_45_30um,Mus musculus,Brain,Wildtype,Positive,timsTOF Flex,MALDI
2025-12-03_13h58m32s,20241014_ito3_sh42_8_36_30um,Mus musculus,Brain,SH42,Positive,timsTOF Flex,MALDI
2025-12-03_21h34m06s,20241029_ito9_dhap_control_3_63_maldi,Mus musculus,Brain,Wildtype,Positive,timsTOF Flex,MALDI
2025-12-03_21h53m34s,20241029_ito9_dhap_sh42_8_55_maldi2,Mus musculus,Brain,SH42,Positive,timsTOF Flex,MALDI
2025-12-03_22h08m53s,20241029_ito9_dhap_sh42_8_57_maldi,Mus musculus,Brain,SH42,Positive,timsTOF Flex,MALDI
2025-12-03_22h47m15s,S-2412-004762_2_S2_SM_Neg_20251202_SZ,Homo sapiens,Kidney,,Negative,Orbitrap,MALDI
2025-12-03_22h51m40s,S-2412-004762_5_S2_SM_Neg_20251202_SZ,Homo sapiens,Kidney,,Negative,Orbitrap,MALDI
2025-12-03_22h58m39s,S-2412-004762_8_S2_SM_Neg_HR_20251202_SZ,Homo sapiens,Kidney,,Negative,Orbitrap,MALDI
2025-12-03_22h59m17s,S-2501-004001_2_S2_SM_Neg_20251202_SZ,Homo sapiens,Kidney,,Negative,Orbitrap,MALDI
2025-12-03_23h31m25s,S-2501-004001_5_S2_SM_Neg_20251202_SZ,Homo sapiens,Kidney,,Negative,Orbitrap,MALDI
2025-12-03_23h34m57s,S-2501-004001_8_S2_SM_Neg_HR_20251202_SZ,Homo sapiens,Kidney,,Negative,Orbitrap,MALDI
2025-12-03_23h50m32s,Ref-S-2210-005016_4_S2_SM_Neg_20251202_SZ,Homo sapiens,Kidney,,Negative,Orbitrap,MALDI
2025-12-04_10h36m48s,20241031_ito8_dhb_sub_control_3_60_maldi,Mus musculus,Brain,Healthy,Positive,timsTOF Flex,MALDI
2025-12-04_11h03m58s,20241031_ito8_dhb_sub_sh42_8_53_maldi,Mus musculus,Brain,SH42,Positive,timsTOF Flex,MALDI
2025-12-04_16h30m04s,Ref-S-2210-005016_3_S2_SM_Neg_20251202_SZ,Homo sapiens,Kidney,,Negative,Orbitrap,MALDI
2025-12-04_16h31m34s,Ref-S-2210-005016_2_S2_SM_Neg_20251202_SZ,Homo sapiens,Kidney,,Negative,Orbitrap,MALDI
2025-12-04_16h32m03s,Ref-S-2210-005016_1_S2_SM_Neg_20251202_SZ,Homo sapiens,Kidney,,Negative,Orbitrap,MALDI
2025-12-04_17h20m14s,Ref-S-2210-005016_1_S2_SM_Neg_20251203_SZ,Homo sapiens,Kidney,,Negative,Orbitrap,MALDI
2025-12-04_17h21m45s,Ref-S-2210-005016_2_S2_SM_Neg_20251203_SZ,Homo sapiens,Kidney,,Negative,Orbitrap,MALDI
2025-12-04_17h22m37s,S-2501-006023_2_S2_SM_Neg_20251203_SZ,Homo sapiens,Kidney,,Negative,Orbitrap,MALDI
2025-12-04_17h24m23s,S-2501-006023_5_S2_SM_Neg_20251203_SZ,Homo sapiens,Kidney,,Negative,Orbitrap,MALDI
2025-12-04_17h25m57s,S-2501-008354_2_S2_SM_Neg_20251203_SZ,Homo sapiens,Kidney,,Negative,Orbitrap,MALDI
2025-12-04_17h26m48s,S-2501-008354_5_S2_SM_Neg_20251203_SZ,Homo sapiens,Kidney,,Negative,Orbitrap,MALDI
2025-12-04_17h30m08s,S-2501-008354_8_S2_SM_Neg_HR_20251203_SZ,Homo sapiens,Kidney,,Negative,Orbitrap,MALDI
2025-12-04_17h40m21s,S-2501-006023_8_S2_SM_Neg_HR_20251203_SZ,Homo sapiens,Kidney,,Negative,Orbitrap,MALDI
2025-12-04_17h44m38s,Ref-S-2210-005016_3_S2_SM_Neg_20251203_SZ,Homo sapiens,Kidney,,Negative,Orbitrap,MALDI
2025-12-04_20h25m47s,Ref-S-2210-005016_4_S2_SM_Neg_20251203_SZ,Homo sapiens,Kidney,,Negative,Orbitrap,MALDI
2025-12-05_00h43m41s,S189 Liver TIC,Mus musculus,Liver,Metastatic,Negative,TOF reflector,MALDI
2025-12-05_00h57m15s,S189 Liver,Mus musculus,Liver,Metastatic,Positive,TOF reflector,MALDI
2025-12-05_10h22m23s,"Mouse brain, ischemia, male 9, 2h, pos",Mus musculus,Brain,Ischemia,Positive,Orbitrap,DESI
2025-12-05_19h33m34s,S189 Liver total ion count,Mus musculus,Liver,Metastatic,Positive,TOF reflector,MALDI
2025-12-06_04h58m54s,s105 TIC,Mus musculus,Liver,Metastatic,Positive,TOF reflector,MALDI
2025-12-06_07h09m25s,s105 TIC_method2,Mus musculus,Liver,Metastatic,Positive,TOF reflector,MALDI
2025-12-08_09h47m06s,"Mouse brain, ischemia, female 10, 2h, pos",Mus musculus,Brain,Ischemia,Positive,Orbitrap,DESI
2025-12-09_19h24m23s,20251208_jkl_26-1253_mukherjee_ko_1-total ion count,Mus musculus,Brain,Knockout,Negative,timsTOF Flex,MALDI
2025-12-09_20h55m53s,20251208_jkl_26-1253_mukherjee_ko_c13_1-total ion count,Mus musculus,Brain,Knockout,Negative,timsTOF Flex,MALDI
2025-12-09_21h52m52s,20251208_jkl_26-1253_mukherjee_wt_1-total ion count,Mus musculus,Brain,Wildtype,Negative,timsTOF Flex,MALDI
2025-12-10_09h13m05s,MALDI_251006_IKP236_25.156_ROI1_120k_7um_7pr_500Hz_NEDC_11L_neg_09,Homo sapiens,Kidney,Gelantine + CMC,Negative,Orbitrap,AP-MALDI
2025-12-10_09h32m14s,MALDI_251006_IKP236_25.156_ROI2_120k_7um_7pr_500Hz_NEDC_11L_neg_10,Homo sapiens,Kidney,M1 Medium,Negative,Orbitrap,AP-MALDI
2025-12-10_09h52m41s,"Mouse brain, ischemia, male 4, 24h",Mus musculus,Brain,Ischemia,Negative,Orbitrap,DESI
2025-12-10_10h09m50s,B87_CL_40um_1LP_120K_DHB_pos,Mus musculus,Brain,,Positive,Orbitrap,AP-MALDI
2025-12-10_10h10m33s,B87_CL_40um_1_5LP_120K_DHB_pos,Mus musculus,Brain,,Positive,Orbitrap,AP-MALDI
2025-12-10_15h27m01s,20251208_jkl_26-1253_mukherjee_wt_c13_1-total ion count,Mus musculus,Brain,Wildtype,Negative,timsTOF Flex,MALDI
2025-12-10_17h19m01s,"Mouse brain, ischemia, male 4, 24h, neg",Mus musculus,Brain,Ischemia,Negative,Orbitrap,DESI
2025-12-10_17h24m12s,Fib_Unfixed_Met_MSMS_NFAA,Homo sapiens,Breast,cells in culture,Negative,timsTOF Flex,MALDI
2025-12-10_18h51m36s,20251208_jkl_26-1253_mukherjee_ko_1-POS,Mus musculus,Brain,Knockout,Positive,timsTOF Flex,MALDI
2025-12-10_20h00m07s,2025_12_10_nedc_recryst_10%meoh_liver_100um-total ion count-total ion count,Mus musculus,Liver,Frozen,Negative,timsTOF Flex,MALDI
2025-12-12_10h19m41s,nedc_norecryst,Mus musculus,Liver,Frozen,Negative,timsTOF Flex,MALDI
2025-12-15_19h24m26s,729-2_2_S2_SM_Neg_20251211_SZ,Mus musculus,Kidney,Frozen,Negative,Orbitrap,MALDI
2025-12-15_19h32m53s,729-4_2_S2_SM_Neg_20251211_SZ,Mus musculus,Kidney,Frozen,Negative,Orbitrap,MALDI
2025-12-15_19h34m08s,729-5_2_S2_SM_Neg_20251211_SZ,Mus musculus,Kidney,Frozen,Negative,Orbitrap,MALDI
2025-12-15_19h35m23s,729-10_2_S2_SM_Neg_20251211_SZ,Mus musculus,Kidney,Frozen,Negative,Orbitrap,MALDI
2025-12-15_19h35m43s,729-11_2_S2_SM_Neg_20251211_SZ,Mus musculus,Kidney,Frozen,Negative,Orbitrap,MALDI
2025-12-15_19h35m57s,729-12_2_S2_SM_Neg_20251211_SZ,Mus musculus,Kidney,Frozen,Negative,Orbitrap,MALDI
2025-12-15_19h37m29s,729-14_2_S2_SM_Neg_20251211_SZ,Mus musculus,Kidney,Frozen,Negative,Orbitrap,MALDI
2025-12-16_10h16m29s,"Mouse brain, ischemia, male 4, 24h, pos",Mus musculus,Brain,Ischemia,Positive,Orbitrap,DESI
2025-12-16_10h29m59s,MPIMM_604_M2_jej_PEM4W,Mus musculus,jejunum,,Negative,Orbitrap,AP-SMALDI
2025-12-16_13h48m58s,MALDI_251210_TME021_ROI2_120k_7um_7%_500Hz_NEDC11L_neg_02,Homo sapiens,Lung,Healthy,Negative,Orbitrap,AP-MALDI
2025-12-16_16h47m25s,"Mouse brain, ischemia, male 5, 24h, pos",Mus musculus,Brain,Ischemia,Positive,Orbitrap,DESI
2025-12-16_20h40m05s,729-13_2_S2_SM_Neg_20251211_SZ,Mus musculus,Kidney,Frozen,Negative,Orbitrap,MALDI
2025-12-17_00h18m17s,qc-077-2_1_s2_lip_neg_20231103_bg,Homo sapiens,Kidney,Biopsy,Negative,12T FTICR,MALDI
2025-12-17_00h18m50s,qc-077-2_2_s2_lip_neg_20231103_bg,Homo sapiens,Kidney,Biopsy,Negative,12T FTICR,MALDI
2025-12-17_08h29m01s,MPIMM_605_M2_colon_PEM4W,Mus musculus,Colon,,Negative,Orbitrap,AP-SMALDI
2025-12-17_10h34m13s,25_12_16_CaudaWTundUPEC_90DHB_493x150_20umA35spot,Mus musculus,Epididymis,Inflamed,Positive,Orbitrap,AP-SMALDI
2025-12-17_18h10m07s,scratchtrial_121625_105,Homo sapiens,Ovary,Cancer,Positive,FTMS,DESI
2025-12-17_19h09m54s,qc-077b_1_s2_lip_neg_20231214_bg,Homo sapiens,Kidney,Healthy,Negative,12T FTICR,MALDI
2025-12-17_19h10m20s,qc-077b_2_s2_lip_neg_20231214_bg,Homo sapiens,Kidney,Healthy,Negative,12T FTICR,MALDI
2025-12-18_21h11m29s,20251205_jkl_baek_lipid_neg-timsoff-total ion count,Mus musculus,Brain,Wildtype,Negative,timsTOF Flex,MALDI
2025-12-19_10h07m50s,"Mouse brain, ischemia, male 5, 24h, neg",Mus musculus,Brain,Ischemia,Negative,Orbitrap,DESI
2025-12-19_21h52m37s,20251205_jkl_mouse brain baseline_neg-timsoff-total ion count,Mus musculus,Brain,Wildtype,Negative,timsTOF Flex,MALDI
2026-01-04_19h48m30s,MALDI_251210_TME021_ROI3_4_5_120k_7um_7_8_9%_500Hz_NEDC11L_neg_03,Homo sapiens,Lung,Cntrl,Negative,Orbitrap,AP-MALDI
2026-01-05_16h45m00s,woSumNorm_MALDI_251210_TME021_ROI3_4_5_120k_7um_7_8_9%_500Hz_NEDC11L_neg_03,Homo sapiens,Lung,Cntrl,Negative,Orbitrap,AP-MALDI
2026-01-06_09h52m01s,Y7-T-neg,Homo sapiens,Kidney,Cancer,Negative,Orbitrap,DESI
2026-01-06_09h55m43s,Y7-T-pos,Homo sapiens,Kidney,Cancer,Positive,Orbitrap,DESI
2026-01-06_09h58m51s,Y7-T-neg,Homo sapiens,Kidney,Cancer,Negative,Orbitrap,DESI
2026-01-06_10h05m02s,slide1-A1_0,Homo sapiens,Cell culture,Healthy,Negative,Orbitrap,MALDI
2026-01-06_10h33m22s,slide1,Homo sapiens,Cell culture,Healthy,Negative,Orbitrap,MALDI
2026-01-06_11h35m34s,A1_0s1,Homo sapiens,Cell culture,Healthy,Negative,Orbitrap,MALDI
2026-01-06_11h52m46s,A2_0s1,Homo sapiens,Cell culture,Healthy,Negative,Orbitrap,MALDI
2026-01-06_12h09m12s,A1_011,Homo sapiens,Cell culture,Healthy,Negative,Orbitrap,MALDI
2026-01-06_18h10m23s,Kidney MT-Mid_4_S2_SM_Neg_20260105_AQ,Homo sapiens,Kidney,,Negative,Orbitrap,MALDI
2026-01-06_18h19m08s,Kidney_MT-Mid_3_S2_SM_Neg_20260105_AQ,Homo sapiens,Kidney,,Negative,Orbitrap,MALDI
2026-01-06_18h19m45s,Ref-S-2210-005016_1_S2_SM_Neg_20260105_AQ,Homo sapiens,Kidney,,Negative,Orbitrap,MALDI
2026-01-06_18h20m39s,Ref-S-2210-005016_2_S2_SM_Neg_20260105_AQ,Homo sapiens,Kidney,,Negative,Orbitrap,MALDI
2026-01-08_02h21m25s,controlbrain-total ion count,Mus musculus,Brain,Healthy,Positive,TOF reflector,MALDI
2026-01-08_10h06m01s,MPIMM_607_M4_jej_PEM4W,Mus musculus,jejunum,,Negative,Orbitrap,AP-SMALDI
2026-01-08_10h10m14s,MPIMM_608_M8_jej_ctrl4W,Mus musculus,jejunum,,Negative,Orbitrap,AP-SMALDI
2026-01-08_10h17m26s,Epididymis_2nd_negmode,Mus musculus,Epididymis,Inflamed,Negative,Orbitrap,AP-SMALDI
2026-01-08_10h33m56s,"Mouse brain, ischemia, female 1, 24h, pos",Mus musculus,Brain,Ischemia,Positive,Orbitrap,DESI
2026-01-08_16h00m39s,"Mouse brain, ischemia, female 2, 24h, pos",Mus musculus,Brain,Ischemia,Positive,Orbitrap,DESI
2026-01-08_16h09m44s,Tissue3_control,Mus musculus,Brain,Wildtype,Negative,Orbitrap,IR-MALDESI
2026-01-08_16h12m17s,Tissue1_100um,Mus musculus,Brain,Wildtype,Negative,Orbitrap,IR-MALDESI
2026-01-08_16h12m34s,Tissue1_75um,Mus musculus,Brain,Wildtype,Negative,Orbitrap,IR-MALDESI
2026-01-08_16h12m47s,Tissue1_50um,Mus musculus,Brain,Wildtype,Negative,Orbitrap,IR-MALDESI
2026-01-08_16h13m03s,Tissue1_25um,Mus musculus,Brain,Wildtype,Negative,Orbitrap,IR-MALDESI
2026-01-12_00h09m07s,S-2404-011082_2_S2_SM_Neg_20260107_AQ,Homo sapiens,Kidney,,Negative,Orbitrap,MALDI
2026-01-12_00h09m52s,S-2404-011082_5_S2_SM_Neg_20260107_AQ,Homo sapiens,Kidney,,Negative,Orbitrap,MALDI
2026-01-12_00h11m53s,S-2411-001750_2_S2_SM_Neg_20260107_AQ,Homo sapiens,Kidney,,Negative,Orbitrap,MALDI
2026-01-13_14h09m43s,20240924_WYR_LPSD1_p_FTMS + p NSI Full ms [70,Mus musculus,Brain,Wildtype,Positive,Orbitrap,DESI
2026-01-13_16h59m17s,"Mouse brain, ischemia, male 1, 24h, pos",Mus musculus,Brain,Ischemia,Positive,Orbitrap,DESI
2026-01-13_17h00m30s,"Mouse brain, ischemia, male 2, 24h, pos",Mus musculus,Brain,Ischemia,Positive,Orbitrap,DESI
2026-01-13_21h46m12s,BRB06N_null_mz_shift_10_til_500,Homo sapiens,Breast,,Negative,Orbitrap,DESI
2026-01-13_21h58m56s,BRB16W_null_mz_shift_10_til_500,Homo sapiens,Breast,,Negative,Orbitrap,DESI
2026-01-13_22h01m37s,BRB11N_null_mz_shift_10_til_500,Homo sapiens,Breast,,Negative,Orbitrap,DESI
2026-01-13_22h03m16s,BRB11N_null_mz_shift_10_from_500,Homo sapiens,Breast,,Negative,Orbitrap,DESI
2026-01-13_22h03m25s,BRB16W_null_mz_shift_10_from_500,Homo sapiens,Breast,,Negative,Orbitrap,DESI
2026-01-13_22h12m59s,LNTO22_1_1_null_mz_shift_10_til_500,Homo sapiens,Lymph node,,Negative,Orbitrap,DESI
2026-01-13_22h13m08s,LNTO22_1_1_null_mz_shift_10_from_500,Homo sapiens,Lymph node,,Negative,Orbitrap,DESI
2026-01-13_22h13m17s,LNTO30_7_3_null_mz_shift_10_til_500,Homo sapiens,Lymph node,,Negative,Orbitrap,DESI
2026-01-13_22h13m24s,LNTO30_7_3_null_mz_shift_10_from_500,Homo sapiens,Lymph node,,Negative,Orbitrap,DESI
2026-01-13_22h13m31s,LNTO30_17_1_null_mz_shift_10_til_500,Homo sapiens,Lymph node,,Negative,Orbitrap,DESI
2026-01-13_22h13m40s,LNTO30_17_1_null_mz_shift_10_from_500,Homo sapiens,Lymph node,,Negative,Orbitrap,DESI
2026-01-13_22h32m06s,06222018_042418_96C_2_null_mz_shift_10_til_500,Homo sapiens,Ovary with endometriosis,,Negative,Orbitrap,DESI
2026-01-13_22h32m14s,06222018_042418_96C_2_null_mz_shift_10_from_500,Homo sapiens,Ovary with endometriosis,,Negative,Orbitrap,DESI
2026-01-13_22h32m27s,09032017_080217_45B_3_null_mz_shift_10_from_500,Homo sapiens,Ovary with endometriosis,,Negative,Orbitrap,DESI
2026-01-14_10h56m35s,MALDI_260112_IKP236-25.163_ALI_ROI1+Blank_8%_500Hz_7um_120k_01,Homo sapiens,Kidney,M1 Medium,Negative,Orbitrap,AP-MALDI
2026-01-14_18h16m04s,BRB09E,Homo sapiens,Breast,,Negative,Orbitrap,DESI
2026-01-14_18h16m37s,BRB09C,Homo sapiens,Breast,,Negative,Orbitrap,DESI
2026-01-14_18h19m24s,LNTO31_7_1,Homo sapiens,Lymph node,,Negative,Orbitrap,DESI
2026-01-14_18h20m54s,LNTO32_17_3,Homo sapiens,Lymph node,,Negative,Orbitrap,DESI
2026-01-14_18h21m01s,LNTO30_8M_1,Homo sapiens,Lymph node,,Negative,Orbitrap,DESI
2026-01-14_18h21m07s,LNTO39_8M_2,Homo sapiens,Lymph node,,Negative,Orbitrap,DESI
2026-01-14_18h21m17s,LNTO41_17_2,Homo sapiens,Lymph node,,Negative,Orbitrap,DESI
2026-01-14_18h21m24s,LNTO26_16_3,Homo sapiens,Lymph node,,Negative,Orbitrap,DESI
2026-01-14_18h21m32s,LNTO28_8L_1,Homo sapiens,Lymph node,,Negative,Orbitrap,DESI
2026-01-14_18h22m11s,LNTO30_8M_5,Homo sapiens,Lymph node,,Negative,Orbitrap,DESI
2026-01-14_18h22m18s,TO39T,Homo sapiens,Lymph node,,Negative,Orbitrap,DESI
2026-01-14_18h31m10s,09032017_080217_45B_3,Homo sapiens,Ovary with endometriosis,,Negative,Orbitrap,DESI
2026-01-14_18h31m19s,06222018_042418_96C_2,Homo sapiens,Ovary with endometriosis,,Negative,Orbitrap,DESI
2026-01-15_03h43m43s,ffmousebrain_10um_glyc_pos_20260114_hv,Mus musculus,Brain,,Positive,timsTOF Flex,MALDI
2026-01-15_18h08m17s,ffmousebrain_7um1_glyc_pos_20260114_hv,Mus musculus,Brain,,Positive,timsTOF Flex,MALDI
2026-01-16_21h07m48s,ffmousebrain_7um2_glyc_pos_20260114_hv,Mus musculus,Brain,,Positive,timsTOF Flex,MALDI
2026-01-18_22h16m51s,qc_kidney_20260115_bg_entrancelens_40lp,Homo sapiens,Kidney,Healthy,Positive,12T FTICR,MALDI
2026-01-18_22h19m43s,qc_kidney_20260115_bg_entrancelens_40lp_s2,Homo sapiens,Kidney,Healthy,Positive,12T FTICR,MALDI
