dataset_id,tile_h,tile_w,channels
2024-02-15_23h14m31s,176,108,32
2022-07-06_09h33m52s,209,273,32
2023-09-07_11h42m18s,133,268,32
2023-08-10_07h21m08s,86,168,32
2023-12-18_17h45m47s,271,205,32
2023-08-12_12h11m58s,95,188,32
2025-03-24_20h42m59s,216,179,32
2025-08-06_19h21m53s,53,71,32
2024-04-03_01h17m03s,54,86,29
2024-02-15_23h49m27s,277,94,32
2024-12-19_12h08m46s,117,92,32
2026-01-14_18h16m04s,71,61,32
2023-11-23_18h31m21s,75,161,32
2024-12-11_15h44m28s,100,100,24
2024-06-06_19h16m21s,89,219,32
2025-06-17_18h25m06s,62,124,32
2026-01-13_22h01m37s,53,71,28
2025-11-25_11h59m02s,86,88,13
2024-02-06_13h58m18s,325,286,32
2023-12-01_11h35m44s,269,200,32
2023-11-22_10h40m34s,73,78,32
2023-06-27_23h39m21s,144,74,32
2023-09-19_16h37m01s,842,356,32
2026-01-13_22h13m40s,94,89,17
2025-03-24_21h20m17s,212,198,32
2025-12-02_21h56m12s,313,445,32
2024-12-12_13h21m11s,298,230,32
2026-01-14_18h21m24s,61,75,32
2023-08-03_16h56m19s,284,93,32
2026-01-13_22h13m17s,46,102,32
2025-01-10_20h10m57s,279,135,32
2025-11-25_00h45m19s,85,119,23
2026-01-13_22h03m16s,53,71,28
2026-01-14_18h16m37s,76,51,32
2026-01-13_22h12m59s,68,95,32
2026-01-14_18h31m19s,69,77,29
2026-01-14_18h19m24s,81,62,32
2026-01-14_18h22m11s,54,56,32
2026-01-14_18h22m18s,81,69,32
2025-04-14_09h45m39s,298,241,31
2025-08-06_19h22m14s,81,81,32
2024-12-18_09h04m51s,74,147,21
2023-10-05_15h23m33s,323,390,32
2023-12-19_13h02m39s,279,204,32
2023-06-27_23h40m04s,152,111,32
2024-02-28_03h45m28s,360,972,32
2023-09-29_18h44m00s,250,470,32
2023-06-27_23h41m57s,137,110,32
2023-09-13_17h11m57s,647,598,32
2022-09-28_19h10m41s,166,695,32
2024-01-16_15h35m38s,25,956,32
2023-06-02_10h47m47s,550,355,32
2023-06-21_13h21m40s,452,987,32
2023-12-05_15h03m50s,741,737,16
2025-04-30_00h04m31s,415,305,32
2025-10-23_10h25m38s,209,339,32
2024-06-12_15h32m57s,345,281,24
2024-12-12_20h35m28s,138,138,11
2025-05-30_19h01m20s,451,266,11
2025-12-01_18h07m19s,381,198,32
2024-05-01_17h50m07s,368,126,20
2025-01-13_20h58m06s,322,149,32
2025-10-31_17h05m51s,234,230,10
2025-07-08_22h58m24s,68,95,32
2025-04-14_09h12m31s,198,217,14
2025-11-25_00h47m27s,203,262,17
2025-03-24_22h31m01s,247,241,32
2025-10-10_18h34m48s,241,135,14
2026-01-14_18h31m10s,51,48,32
2024-10-08_23h55m58s,248,111,32
2025-11-25_00h53m36s,374,707,25
2026-01-13_21h58m56s,81,81,32
2025-10-10_18h31m35s,128,175,24
2025-12-01_17h52m39s,225,344,19
2026-01-13_22h13m31s,94,89,32
2026-01-13_22h32m06s,69,77,13
2024-12-17_16h33m27s,47,47,12
2025-11-25_11h55m48s,91,100,19
2021-09-14_19h16m52s,254,61,32
2023-11-16_11h30m42s,440,299,32
2024-06-12_22h49m10s,240,109,32
2026-01-14_18h21m32s,74,82,32
2025-08-06_19h19m56s,46,102,32
2025-04-08_14h28m00s,268,257,10
2024-06-12_23h37m28s,274,94,32
2026-01-14_18h21m01s,54,69,32
2026-01-14_18h21m07s,54,62,32
2023-06-27_23h38m39s,95,157,32
2025-08-06_19h21m28s,61,61,32
2023-06-27_22h58m39s,111,158,32
2023-09-29_10h49m52s,250,470,32
2023-06-27_22h58m59s,145,94,32
2023-06-27_22h57m11s,148,111,32
2024-04-03_10h09m53s,79,156,32
2023-06-20_13h44m18s,452,987,32
2024-04-03_10h07m28s,83,157,32
2025-04-22_13h37m11s,279,309,9
2025-04-22_13h31m00s,336,210,17
2024-09-28_16h12m14s,271,193,12
2023-10-25_16h42m47s,344,471,13
2024-12-21_07h33m51s,74,88,17
2026-01-13_22h13m24s,46,102,32
2025-10-31_15h43m41s,170,134,13
2024-07-09_13h50m50s,241,168,10
2024-06-12_15h48m52s,228,472,25
2024-12-11_15h47m07s,193,131,8
2025-05-30_19h27m49s,168,296,10
2025-03-31_10h41m20s,171,183,10
2025-10-10_18h33m13s,212,107,9
2025-10-10_16h48m26s,83,110,14
2024-06-12_15h27m25s,368,272,9
2025-04-10_23h29m14s,135,99,32
2025-12-01_17h45m33s,229,275,24
2025-12-02_21h51m36s,162,150,24
2026-01-14_18h21m17s,88,108,32
2024-12-21_10h17m55s,74,88,32
2024-02-15_22h30m57s,112,128,32
2025-08-28_13h58m37s,362,370,21
2025-12-01_17h59m42s,395,283,19
2025-12-01_18h11m14s,361,314,32
2026-01-14_18h20m54s,61,75,32
2025-10-31_15h20m37s,170,197,8
2024-12-10_04h23m56s,58,82,10
2026-01-13_22h32m14s,69,77,17
2025-01-17_09h52m41s,354,202,16
2025-12-02_21h59m44s,125,194,32
2025-10-24_17h02m31s,312,173,16
2024-04-30_10h38m37s,82,177,9
2024-12-19_12h00m15s,100,106,14
2025-01-31_09h13m43s,782,2629,13
2024-04-25_07h49m19s,76,183,8
2024-12-17_16h38m04s,69,125,32
2024-12-17_16h40m47s,154,126,32
2025-12-01_18h26m25s,392,321,15
2025-12-01_18h31m47s,192,128,16
2025-04-15_08h27m36s,156,156,32
2025-04-16_09h07m11s,336,161,8
2025-10-10_18h40m48s,453,215,25
2024-04-03_09h50m50s,84,145,32
2024-12-18_09h47m36s,121,118,32
2024-05-02_17h21m34s,341,112,11
2022-09-30_11h33m41s,199,820,32
2025-07-17_15h21m36s,208,161,17
2026-01-13_21h46m12s,61,61,32
2025-12-01_17h55m29s,229,335,32
2022-05-06_18h26m06s,300,580,11
2024-03-07_09h25m45s,328,505,17
2024-06-12_15h41m27s,280,389,14
2024-12-12_10h23m49s,130,155,24
2024-06-12_15h42m30s,234,457,23
2024-12-22_09h12m31s,74,88,10
2025-12-01_17h48m52s,234,370,21
2023-11-07_22h33m03s,238,138,32
2025-02-11_04h28m00s,20,18,8
2025-10-30_19h46m05s,323,202,15
2025-12-01_17h43m18s,188,191,9
2024-12-18_08h39m12s,151,217,18
2024-12-19_12h08m11s,62,49,32
2024-04-25_08h47m13s,27,67,16
2022-08-30_18h00m34s,138,58,32
2023-07-04_08h16m59s,60,105,11
2024-04-17_15h30m27s,31,36,22
2024-07-09_15h39m03s,257,169,8
2024-12-18_10h39m25s,142,141,24
2025-10-31_17h05m48s,258,198,13
2022-08-30_18h26m26s,221,99,30
2022-08-30_17h51m27s,84,54,32
2021-09-14_19h07m04s,209,83,32
2023-08-18_15h39m28s,289,511,30
2025-12-01_17h37m22s,241,247,9
2024-12-21_08h36m39s,232,260,11
2024-12-18_10h34m07s,105,111,32
2024-12-12_13h22m24s,302,239,32
2022-10-18_14h40m38s,255,273,32
2021-06-14_17h19m00s,100,39,17
2021-06-14_17h21m01s,126,41,10
2021-06-14_17h26m55s,189,81,29
2021-06-16_18h07m38s,76,48,26
2024-05-02_20h55m36s,287,213,14
2024-04-10_18h24m30s,42,188,32
2021-06-14_17h42m34s,187,91,28
2021-06-16_17h53m00s,107,57,32
2021-06-16_17h48m58s,102,50,32
2024-08-01_15h22m13s,95,104,32
2024-04-03_10h38m32s,92,124,32
2023-06-21_22h13m45s,49,60,32
2024-08-01_15h23m42s,89,76,32
2021-06-16_18h03m55s,49,63,29
2022-10-18_13h46m45s,261,477,28
2024-03-15_18h17m07s,112,21,32
2022-09-15_11h21m12s,90,93,32
2024-04-12_13h07m30s,67,339,32
2024-04-12_08h36m18s,73,323,32
2022-09-15_11h15m37s,90,125,32
2023-09-18_09h18m54s,90,125,32
2020-01-06_23h24m27s,105,141,32
2024-04-12_08h49m30s,67,325,32
2024-04-10_18h31m51s,46,211,32
2024-03-15_18h17m52s,158,19,32
2023-06-21_22h13m29s,31,38,32
2021-11-30_18h02m25s,110,77,12
2023-11-02_02h45m20s,61,282,32
2023-11-02_03h13m06s,56,289,32
2022-09-15_11h34m35s,90,93,32
2024-04-12_11h54m39s,60,555,32
2024-04-12_11h48m00s,70,543,32
2024-04-10_17h56m06s,68,485,19
2022-07-16_07h07m42s,152,21,32
2022-10-18_13h36m54s,205,483,32
2025-07-15_05h41m49s,54,291,32
2022-09-15_11h26m37s,90,95,32
2023-05-16_13h39m13s,145,207,32
2024-04-12_12h00m00s,63,541,32
2024-04-10_18h29m55s,46,200,32
2024-08-06_15h10m57s,137,106,32
2023-11-03_16h35m00s,46,384,32
2019-12-04_00h41m47s,142,110,32
2024-04-12_09h58m46s,44,248,10
2024-04-12_10h06m04s,44,258,10
2021-12-06_17h33m41s,110,86,32
2024-04-12_10h02m46s,40,250,17
2024-04-12_08h53m57s,53,278,32
2025-07-15_05h45m42s,54,371,32
2021-06-14_21h19m32s,88,206,32
2023-11-02_01h02m29s,56,316,32
2023-11-04_16h42m55s,46,459,32
2023-11-03_02h51m06s,66,343,30
2023-08-03_20h35m23s,229,87,32
2019-07-12_23h23m42s,128,166,20
2025-07-15_05h53m06s,54,380,32
2023-10-31_08h10m34s,51,292,16
2019-10-29_21h29m01s,185,142,32
2024-04-10_18h35m23s,42,189,32
2022-09-15_11h39m48s,90,131,22
2024-04-12_08h23m52s,65,452,32
2023-08-03_20h32m40s,209,119,32
2025-06-30_15h02m48s,24,48,32
2019-12-10_22h08m39s,90,174,32
2023-11-08_09h20m28s,51,311,32
2024-04-10_17h56m17s,70,432,14
2023-08-03_20h21m03s,80,224,32
2019-12-27_20h39m50s,134,123,25
2022-10-06_23h51m53s,68,102,32
2021-07-01_13h59m16s,100,100,14
2023-08-03_20h34m04s,213,91,32
2024-04-10_18h26m43s,46,241,32
2024-03-15_14h53m12s,95,113,32
2024-04-10_18h33m02s,38,189,32
2022-11-18_18h34m11s,161,241,32
2021-11-30_18h26m10s,45,134,32
2016-12-09_10h16m23s,188,356,32
2017-03-21_14h30m51s,116,111,32
2023-06-26_16h10m39s,352,254,32
2023-11-08_03h48m24s,46,206,18
2021-06-15_19h43m38s,202,125,18
2021-06-16_17h00m54s,202,125,18
2024-02-15_23h44m05s,292,109,32
2019-10-29_21h23m43s,270,200,32
2025-06-30_15h01m25s,23,40,32
2022-11-18_19h09m21s,155,304,32
2025-07-15_05h30m43s,54,371,32
2021-08-05_17h50m44s,69,88,32
2022-05-21_20h01m28s,199,131,32
2024-04-12_08h55m13s,40,239,23
2025-07-15_05h48m55s,47,411,32
2023-02-21_22h29m47s,195,164,32
2025-07-15_06h07m22s,64,361,32
2025-07-15_05h57m07s,54,380,32
2019-12-09_21h13m26s,161,153,32
2025-07-15_05h33m11s,47,411,32
2017-08-03_19h01m00s,75,188,32
2023-11-08_04h25m39s,56,305,32
2023-10-31_08h56m29s,56,301,25
2025-10-15_17h16m29s,199,197,32
2022-09-15_03h40m53s,90,94,32
2025-07-15_05h18m58s,47,301,32
2025-11-20_04h42m04s,318,144,32
2019-12-09_21h07m16s,132,166,32
2023-11-08_02h28m13s,41,233,32
2022-05-21_20h03m48s,72,186,32
2026-01-06_18h20m39s,143,172,32
2023-06-26_15h47m41s,312,234,32
2025-07-15_05h36m12s,54,380,32
2025-06-30_15h02m24s,29,41,32
2022-12-16_17h10m08s,101,99,32
2022-11-18_18h29m34s,87,60,14
2022-05-21_20h06m35s,233,125,32
2019-10-26_00h19m57s,95,178,32
2025-11-20_16h29m47s,131,346,32
2025-02-18_11h01m47s,93,95,32
2019-10-29_16h33m32s,152,120,32
2020-08-11_14h47m17s,92,138,32
2025-11-24_16h59m27s,185,265,32
2024-04-10_18h10m55s,67,524,32
2021-12-06_17h34m44s,110,126,32
2019-10-25_22h58m22s,81,195,32
2023-08-30_10h21m45s,41,312,21
2023-09-08_12h05m55s,41,312,32
2023-09-13_08h19m26s,41,312,28
2023-09-14_16h37m16s,41,312,28
2024-03-15_14h53m53s,88,105,32
2021-12-06_17h33m11s,119,162,32
2023-05-02_13h17m16s,78,127,32
2022-12-21_14h38m29s,56,67,32
2018-09-30_03h19m19s,105,92,32
2025-10-02_20h50m16s,87,72,32
2025-07-15_05h10m34s,54,380,32
2019-10-29_21h40m16s,66,131,32
2024-04-12_07h58m55s,80,426,32
2024-04-10_18h37m47s,46,263,32
2025-12-04_17h25m57s,256,102,32
2025-10-28_19h31m20s,88,147,32
2025-11-15_18h32m11s,133,162,8
2022-09-15_11h10m56s,90,131,28
2024-04-10_18h36m11s,44,219,32
2016-10-25_14h29m20s,73,65,32
2019-12-01_19h08m56s,400,649,32
2022-09-15_11h13m32s,90,126,32
2022-11-15_01h18m53s,122,96,32
2025-03-26_19h28m26s,301,182,11
2021-03-22_14h42m06s,85,124,32
2025-11-15_18h34m15s,205,237,11
2022-10-06_23h30m24s,148,162,23
2025-07-30_20h51m47s,94,158,15
2024-05-20_20h53m05s,117,231,32
2019-10-29_21h47m59s,76,131,32
2021-12-06_17h34m59s,96,120,31
2026-01-06_18h19m45s,140,119,32
2019-10-29_21h57m51s,103,204,32
2023-11-07_13h59m54s,40,207,32
2023-10-31_07h01m41s,51,292,32
2017-04-20_11h36m39s,129,205,16
2025-03-24_20h33m40s,158,135,32
2022-05-21_20h02m10s,82,112,32
2023-12-19_19h04m45s,82,112,32
2018-10-15_20h09m22s,55,63,25
2022-10-18_14h52m51s,538,221,25
2025-12-04_17h26m48s,169,245,32
2024-04-10_18h32m21s,40,189,32
2025-07-15_05h38m53s,47,351,32
2021-06-14_17h15m59s,123,42,21
2024-04-03_02h54m26s,46,504,11
2025-07-28_05h22m43s,282,113,32
2022-11-18_18h52m17s,76,203,32
2022-07-11_17h11m07s,353,1054,32
2025-03-24_20h43m07s,171,236,32
2023-08-03_17h50m18s,127,515,32
2022-05-21_20h04m28s,107,103,32
2023-12-19_19h05m40s,107,103,32
2024-04-12_08h32m53s,70,458,32
2025-04-30_15h06m20s,291,386,32
2024-05-20_20h36m32s,207,107,32
2023-06-09_16h31m06s,115,150,32
2025-04-30_00h04m36s,264,94,32
2024-05-31_22h41m08s,93,116,32
2019-10-29_17h49m49s,261,186,32
2020-08-11_15h16m52s,102,122,32
2025-09-17_17h07m20s,293,570,32
2022-06-11_22h36m21s,190,83,32
2022-06-12_08h07m32s,190,83,32
2023-09-07_16h37m36s,45,328,32
2025-06-18_03h30m24s,240,268,32
2019-07-25_22h38m57s,105,132,32
2025-03-24_21h54m18s,153,120,32
2025-01-10_20h10m53s,194,123,32
2024-05-31_22h40m44s,90,113,32
2024-04-12_09h56m37s,48,290,32
2023-06-06_15h07m18s,151,216,32
2019-01-03_21h37m37s,72,67,17
2023-08-31_08h23m16s,45,328,32
2023-09-18_14h40m51s,45,328,32
2025-10-10_18h42m20s,226,139,15
2025-11-19_00h55m53s,226,139,15
2022-12-16_17h11m10s,81,90,32
2022-10-18_14h44m19s,328,459,32
2024-05-31_22h42m36s,120,139,32
2022-05-31_10h46m34s,225,325,32
2023-06-16_16h52m53s,210,184,32
2018-09-15_01h31m18s,47,37,32
2025-10-14_03h04m47s,202,222,32
2024-05-31_22h41m24s,87,138,32
2024-04-12_09h03m46s,40,238,23
2025-04-30_00h04m42s,276,146,32
2025-10-14_02h37m58s,187,193,32
2025-10-14_02h57m19s,187,193,32
2025-06-18_03h24m09s,147,152,32
2024-04-10_18h20m52s,42,231,32
2018-10-04_14h21m09s,131,132,12
2023-06-05_19h42m45s,187,146,32
2021-06-16_17h56m02s,114,48,32
2025-06-18_03h18m38s,297,296,32
2023-08-03_18h03m49s,122,514,32
2023-08-22_00h17m41s,86,230,32
2025-06-18_03h25m49s,124,116,32
2024-02-15_23h06m43s,168,94,32
2021-06-14_20h01m21s,313,62,19
2023-06-09_16h38m17s,136,201,32
2023-04-06_09h30m23s,157,69,32
2023-10-31_03h40m25s,56,301,21
2022-11-15_01h33m11s,129,125,32
2019-10-29_16h53m33s,100,180,32
2023-08-03_18h10m48s,109,528,32
2025-01-10_17h51m14s,172,100,32
2025-12-04_17h30m08s,388,509,32
2023-05-02_13h14m49s,76,126,32
2025-11-20_16h31m38s,641,225,32
2023-10-31_09h39m20s,56,320,18
2023-07-07_04h43m03s,674,414,32
2025-03-24_20h33m17s,149,180,32
2019-06-07_21h24m32s,197,253,32
2025-12-04_17h22m37s,192,121,32
2024-04-12_10h02m39s,46,262,28
2018-12-18_12h32m10s,148,133,32
2022-11-15_01h35m47s,73,98,32
2023-05-08_17h01m35s,136,197,32
2022-10-07_00h01m40s,68,102,32
2023-08-03_18h11m56s,93,517,32
2025-06-30_15h01m58s,31,50,32
2019-11-07_21h00m29s,77,87,32
2023-04-18_16h20m46s,64,122,32
2025-07-23_16h35m04s,201,180,32
2016-10-28_10h26m38s,150,361,32
2025-08-19_00h25m31s,208,315,32
2016-10-25_14h43m04s,80,378,32
2025-12-04_17h24m23s,222,97,32
2018-09-15_01h32m52s,42,37,32
2023-10-30_04h15m58s,41,211,17
2023-06-16_16h55m36s,160,237,32
2020-01-13_22h57m18s,146,141,32
2022-11-15_01h27m51s,132,163,32
2025-11-24_17h15m28s,112,241,32
2024-04-10_17h34m16s,67,341,32
2019-10-26_00h11m01s,148,278,32
2025-01-10_20h10m52s,146,164,32
2023-02-08_10h49m05s,61,144,32
2021-09-07_22h46m46s,63,56,32
2018-07-23_12h19m37s,162,179,10
2024-04-12_09h41m36s,42,223,32
2024-05-20_20h41m13s,165,160,32
2023-12-06_16h46m18s,47,159,8
2025-11-24_17h14m11s,137,222,32
2022-12-21_12h53m53s,61,58,32
2025-11-24_17h12m51s,219,245,32
2020-12-09_02h40m03s,98,96,32
2024-04-12_09h54m11s,42,282,27
2025-01-10_20h10m59s,296,116,32
2026-01-13_13h52m53s,166,1587,32
2024-04-12_08h55m06s,38,279,32
2024-03-15_14h50m15s,93,105,32
2023-02-10_16h08m00s,84,144,32
2025-03-24_20h33m30s,153,183,32
2024-04-10_18h09m46s,53,244,32
2023-10-31_02h20m45s,41,233,32
2025-03-24_21h54m26s,96,153,32
2023-11-06_17h23m58s,362,102,32
2021-05-12_23h02m40s,76,139,24
2023-10-02_14h56m07s,125,125,25
2024-04-04_23h53m54s,225,76,10
2020-12-22_23h17m29s,87,184,32
2019-05-07_20h53m36s,91,133,14
2018-06-16_05h18m01s,101,116,32
2024-03-15_14h54m56s,91,111,32
2016-09-21_16h06m49s,189,268,32
2023-11-06_17h21m29s,291,75,32
2023-07-11_11h49m15s,58,301,32
2025-06-30_15h01m47s,28,50,32
2024-05-31_22h18m55s,85,117,32
2023-08-03_18h21m17s,197,197,32
2023-06-09_16h34m28s,115,152,32
2023-08-03_18h20m46s,215,156,32
2025-12-10_17h19m01s,137,219,32
2022-11-18_19h16m17s,135,232,27
2021-09-26_18h15m28s,67,98,32
2021-06-15_19h03m16s,138,58,11
2023-12-08_11h46m12s,58,62,32
2025-01-10_20h11m00s,294,123,32
2024-04-25_01h06m41s,84,65,32
2023-06-09_16h23m43s,151,164,32
2024-05-20_20h45m00s,99,89,32
2025-04-29_23h59m43s,187,145,32
2024-05-20_20h55m15s,183,279,32
2023-01-06_09h40m43s,52,55,32
2018-08-08_09h27m46s,140,125,9
2020-12-09_02h41m05s,86,92,32
2023-06-09_16h33m38s,131,189,32
2025-10-07_13h11m23s,124,140,9
2023-05-16_16h57m34s,145,163,32
2022-11-18_17h46m52s,171,102,8
2019-11-26_16h07m46s,100,1265,32
2023-07-28_19h36m06s,136,149,19
2019-11-07_21h02m54s,96,81,21
2026-01-12_00h11m53s,62,154,32
2023-11-07_22h28m04s,229,117,24
2020-12-09_02h36m29s,87,92,32
2022-01-17_23h33m59s,145,71,32
2018-10-20_00h40m23s,55,59,21
2022-11-18_18h11m25s,116,114,10
2023-10-24_02h24m41s,56,316,32
2024-04-12_09h51m19s,48,256,32
2023-07-28_19h37m08s,106,162,32
2019-07-12_13h32m48s,146,111,32
2023-01-20_10h43m24s,98,279,32
2022-12-21_13h03m16s,49,64,32
2025-10-24_00h02m02s,182,112,32
2023-06-06_03h17m20s,144,169,32
2021-08-06_18h34m41s,167,118,32
2019-11-06_21h36m56s,78,76,16
2025-11-19_01h04m02s,486,275,28
2019-01-31_22h59m26s,55,70,8
2023-10-31_01h31m57s,36,194,12
2025-10-10_16h31m19s,124,134,32
2023-06-16_16h46m06s,204,210,32
2023-07-28_19h38m30s,79,184,32
2024-04-03_08h49m53s,46,492,9
2025-12-16_20h40m05s,229,208,32
2025-03-24_22h30m47s,273,176,32
2018-06-16_05h23m01s,140,170,32
2023-04-20_08h41m41s,84,128,32
2023-05-02_13h14m14s,84,128,32
2023-08-03_18h22m58s,102,252,32
2018-11-21_21h30m15s,92,101,32
2023-07-28_19h39m39s,77,193,32
2021-12-06_17h34m05s,110,126,32
2016-10-25_14h40m06s,122,390,32
2024-05-20_20h42m15s,195,106,32
2023-06-05_19h24m18s,145,149,32
2023-06-26_15h58m25s,320,192,32
2022-11-22_20h36m12s,73,68,32
2023-05-02_13h20m54s,86,125,32
2025-11-19_00h56m45s,246,143,9
2025-11-24_17h06m19s,43,49,32
2023-11-06_17h28m19s,404,97,32
2025-10-10_13h00m50s,67,113,32
2023-08-03_18h22m10s,225,152,30
2020-12-09_02h35m23s,69,83,32
2021-05-12_22h28m32s,130,126,25
2024-02-15_23h57m39s,280,113,32
2025-01-13_21h21m26s,251,247,32
2023-07-28_19h29m16s,158,187,32
2023-07-28_19h26m04s,218,91,32
2024-04-10_18h49m34s,72,328,32
2025-04-30_00h01m30s,213,160,32
2023-07-28_19h27m29s,210,104,32
2019-07-12_23h13m13s,130,170,8
2021-05-12_22h26m59s,103,113,22
2019-03-08_11h14m48s,47,125,8
2023-08-01_01h34m20s,51,59,32
2022-09-28_16h21m16s,43,90,32
2023-05-02_16h16m04s,43,90,32
2026-01-06_18h19m08s,177,116,32
2023-08-29_11h24m01s,45,357,32
2023-08-30_03h29m54s,45,357,32
2023-06-09_17h06m36s,135,149,26
2023-08-03_18h30m35s,83,205,32
2021-08-05_18h20m11s,158,148,32
2019-11-07_21h04m45s,92,104,32
2019-01-31_23h04m26s,48,50,8
2023-11-06_17h29m32s,400,77,32
2023-11-07_22h35m05s,237,122,30
2022-11-18_18h49m42s,98,93,20
2020-09-20_00h09m39s,160,250,32
2025-08-19_19h23m41s,23,47,32
2021-09-26_18h13m53s,66,89,32
2020-11-18_20h21m56s,134,120,32
2022-02-18_20h15m12s,26,36,27
2022-03-03_09h34m18s,77,83,32
2023-06-16_16h49m33s,202,255,32
2024-05-20_20h43m57s,111,215,32
2025-12-04_16h30m04s,31,110,32
2025-02-18_11h00m19s,81,76,32
2025-01-10_22h02m14s,384,205,32
2023-06-08_04h08m21s,108,143,32
2023-06-15_18h16m52s,158,182,32
2023-11-07_22h37m33s,242,144,30
2019-01-01_01h15m17s,74,70,11
2020-05-21_02h52m04s,68,58,32
2020-08-11_15h03m07s,83,118,32
2023-06-05_19h19m15s,188,143,32
2024-04-10_17h06m19s,64,328,32
2022-12-01_20h18m54s,110,105,20
2023-06-05_19h19m11s,155,207,32
2021-06-14_17h50m17s,191,92,27
2022-11-28_22h17m07s,94,85,32
2022-11-28_22h18m50s,87,104,32
2025-12-15_19h35m43s,162,141,32
2025-07-07_13h17m16s,136,146,32
2020-12-22_22h54m28s,90,159,32
2025-03-24_21h54m09s,159,126,32
2024-05-31_22h27m41s,106,128,32
2022-05-21_20h02m41s,81,90,32
2023-12-19_19h06m09s,81,90,32
2019-11-12_21h21m37s,71,85,17
2023-10-24_06h04m30s,60,329,11
2023-10-24_08h34m32s,60,329,11
2022-11-18_19h12m52s,161,212,32
2023-10-30_07h05m42s,46,459,32
2023-04-18_16h11m40s,71,97,32
2021-10-12_19h01m15s,166,136,32
2023-11-08_08h47m46s,61,317,32
2023-08-03_18h29m57s,59,210,32
2022-07-13_21h29m14s,128,175,32
2023-08-03_16h39m06s,176,146,32
2019-06-07_21h05m44s,189,208,32
2025-03-24_22h30m53s,197,259,32
2024-10-03_20h18m09s,209,163,32
2021-04-12_22h56m38s,121,117,32
2021-05-12_23h26m30s,166,105,32
2023-08-22_00h23m31s,267,376,32
2023-10-31_04h13m54s,56,320,23
2025-01-13_20h59m22s,303,173,32
2020-08-11_14h50m21s,98,124,32
2025-04-30_00h13m08s,239,520,32
2023-07-28_19h31m59s,72,232,20
2022-11-28_22h16m02s,78,89,32
2022-10-31_22h06m17s,197,91,32
2020-11-25_19h14m31s,139,58,32
2022-10-17_20h23m36s,98,130,32
2022-10-31_21h36m08s,252,163,32
2023-03-28_20h56m22s,119,80,32
2023-08-22_00h28m53s,226,210,32
2019-11-06_21h38m23s,89,72,22
2019-01-01_01h07m39s,74,57,8
2018-10-18_15h53m44s,182,203,32
2020-12-22_23h04m28s,125,131,27
2021-06-16_17h41m53s,129,48,29
2020-09-20_00h41m24s,210,292,32
2021-09-27_18h40m48s,141,119,27
2024-02-15_23h42m14s,277,96,32
2024-03-31_06h30m24s,35,46,14
2022-01-17_23h21m33s,150,77,32
2025-12-15_19h24m26s,185,177,32
2022-05-30_20h44m19s,260,250,32
2022-10-17_20h29m14s,119,144,32
2022-09-28_16h17m16s,43,90,32
2017-05-17_19h49m04s,102,345,32
2022-07-08_20h45m00s,102,345,32
2022-09-17_20h58m32s,102,345,32
2022-11-02_17h32m33s,188,162,19
2019-05-23_01h05m58s,248,185,32
2025-12-03_23h31m25s,229,146,32
2024-02-15_23h08m26s,132,83,32
2019-01-25_20h23m48s,57,57,32
2025-11-21_17h11m34s,147,121,32
2025-10-14_00h49m28s,178,218,32
2019-05-23_20h28m21s,119,120,32
2026-01-12_00h09m07s,103,176,32
2025-12-19_10h07m50s,155,182,32
2020-11-18_21h50m45s,76,93,32
2025-11-24_16h51m24s,30,39,32
2019-01-31_23h06m10s,50,63,8
2026-01-12_00h09m52s,109,185,32
2025-07-24_17h43m36s,215,166,32
2022-11-18_18h58m18s,128,295,32
2019-05-07_21h27m23s,76,71,32
2022-02-18_19h10m18s,39,33,27
2022-11-18_18h30m51s,121,116,29
2023-06-05_19h24m21s,138,177,32
2022-01-10_19h47m27s,78,56,27
2019-07-17_18h32m43s,54,63,32
2018-10-16_09h53m21s,109,127,32
2024-02-15_22h33m01s,160,55,32
2025-12-10_10h09m50s,144,116,32
2018-11-08_15h29m23s,76,75,32
2019-01-01_01h09m28s,52,76,14
2025-01-13_20h58m10s,127,227,32
2024-12-08_23h19m43s,294,349,32
2023-09-20_20h58m55s,102,126,32
2025-10-02_20h50m54s,75,95,32
2021-05-11_19h43m45s,65,182,32
2025-05-03_00h36m37s,260,109,8
2025-07-23_00h42m56s,277,135,15
2023-08-03_18h28m26s,96,124,32
2018-09-14_22h46m10s,83,102,19
2018-09-14_22h50m32s,84,102,32
2023-09-20_21h00m35s,140,74,32
2023-08-03_16h55m24s,80,212,32
2025-07-07_13h17m20s,138,158,32
2025-03-24_22h30m42s,304,290,32
2024-02-15_22h39m22s,226,71,32
2021-10-22_19h09m03s,40,59,32
2022-03-02_09h36m24s,84,83,32
2023-06-22_16h38m58s,176,79,32
2019-11-12_21h22m42s,89,67,28
2018-06-14_00h45m31s,63,116,32
2023-05-08_13h39m42s,145,192,32
2019-05-31_23h00m29s,173,159,32
2025-12-03_22h59m17s,61,225,32
2022-02-23_19h50m08s,73,136,20
2025-01-13_22h42m41s,614,401,32
2025-08-19_04h00m12s,213,338,32
2020-12-05_15h12m29s,136,66,32
2019-01-03_21h35m37s,67,66,18
2024-05-31_22h19m54s,115,93,32
2022-01-31_09h30m29s,350,310,10
2021-09-07_23h10m01s,52,40,32
2020-11-12_20h48m57s,140,202,32
2020-12-03_18h35m23s,90,68,32
2024-05-20_20h59m54s,130,296,32
2022-10-17_20h24m34s,121,181,32
2021-08-09_18h51m36s,154,120,32
2025-06-30_15h03m07s,25,48,32
2019-11-06_21h35m27s,70,77,27
2021-08-06_18h19m45s,138,115,32
2022-02-23_19h48m23s,61,59,29
2018-06-13_04h51m16s,86,91,25
2023-09-20_21h01m20s,77,122,32
2025-04-30_00h23m20s,95,168,32
2022-10-31_21h31m05s,137,104,32
2025-07-24_17h42m06s,184,166,32
2022-10-17_20h30m37s,175,62,32
2023-07-28_19h34m04s,135,64,32
2024-04-24_14h31m09s,80,80,32
2023-10-25_09h08m09s,46,206,29
2023-10-30_02h42m04s,46,206,29
2021-08-09_18h40m08s,141,113,32
2020-12-22_22h52m52s,217,237,32
2024-11-15_20h51m45s,174,136,32
2021-09-17_22h36m14s,430,692,32
2020-08-24_21h51m40s,89,111,32
2022-12-01_20h17m26s,113,124,32
2023-01-06_13h08m27s,49,56,32
2021-08-16_23h37m34s,188,117,32
2020-11-12_00h16m07s,156,150,32
2025-01-10_23h06m59s,590,214,32
2023-08-22_00h38m57s,235,285,32
2019-06-07_00h02m45s,106,144,32
2024-12-06_07h18m28s,99,89,32
2023-08-01_01h35m23s,46,35,32
2026-01-06_18h10m23s,153,178,32
2022-12-16_17h08m13s,101,99,32
2022-05-31_10h27m17s,260,125,32
2021-06-25_19h13m34s,77,84,32
2024-08-10_00h17m51s,209,218,32
2019-08-02_22h43m20s,107,93,32
2021-12-06_17h34m19s,99,128,26
2022-01-31_08h54m51s,350,310,32
2024-11-15_20h49m11s,188,62,32
2025-07-07_13h17m24s,344,375,32
2023-06-22_17h02m18s,102,267,32
2021-03-30_23h04m24s,105,125,32
2021-03-24_18h07m12s,132,202,32
2020-12-22_23h01m23s,141,153,32
2018-10-12_09h25m16s,141,112,32
2021-12-06_17h34m30s,116,101,32
2020-08-24_21h54m48s,112,124,32
2018-11-17_01h32m59s,98,110,27
2024-08-10_00h17m43s,235,142,32
2025-06-30_15h01m36s,21,42,32
2023-06-05_20h01m16s,118,212,32
2024-03-12_17h49m11s,250,84,32
2023-08-03_18h27m08s,111,79,28
2023-11-06_17h20m43s,211,121,32
2018-12-18_12h33m17s,108,161,32
2018-12-18_12h35m21s,108,113,32
2021-08-05_18h24m46s,91,79,32
2023-09-20_20h57m41s,94,122,32
2023-07-28_19h32m20s,67,156,32
2023-07-28_19h32m45s,144,94,32
2025-12-04_17h40m21s,424,122,32
2022-11-18_18h19m35s,146,101,11
2024-02-15_22h43m28s,215,87,32
2022-11-22_20h27m32s,225,154,31
2023-06-16_17h03m54s,44,167,32
2025-08-19_21h03m11s,448,171,32
2021-03-30_17h37m20s,68,128,32
2025-08-19_19h29m30s,14,39,32
2020-12-10_20h28m13s,103,76,30
2024-02-02_00h29m28s,386,264,8
2023-06-09_16h41m23s,123,165,32
2020-12-04_21h29m00s,103,73,20
2021-06-16_17h47m13s,154,89,31
2023-08-08_21h12m59s,166,103,32
2023-08-29_08h51m53s,45,357,32
2025-06-13_13h25m20s,360,412,32
2020-12-10_20h59m44s,89,72,28
2025-07-07_13h17m26s,308,354,32
2021-01-07_21h49m14s,153,172,32
2022-11-10_13h47m47s,247,274,32
2022-02-18_19h11m07s,39,34,19
2018-12-31_17h29m11s,94,107,32
2025-08-19_19h33m37s,15,55,32
2024-03-13_22h41m10s,206,94,11
2025-06-13_13h25m16s,281,359,32
2022-02-23_19h52m13s,183,176,20
2024-02-15_23h05m29s,109,126,32
2025-07-07_13h17m18s,314,359,32
2025-06-13_19h03m59s,310,417,32
2023-06-05_19h42m47s,161,164,32
2019-09-10_14h25m54s,70,100,32
2025-06-16_15h10m09s,309,393,32
2023-05-08_10h40m22s,45,145,32
2025-06-13_13h25m18s,320,423,32
2022-01-17_23h04m28s,165,73,32
2024-03-13_22h21m21s,238,78,9
2023-05-05_01h32m11s,153,103,32
2023-05-23_20h48m29s,124,85,32
2024-03-12_17h57m30s,187,117,32
2022-11-18_20h00m37s,113,225,9
2024-02-15_23h04m36s,90,88,32
2020-11-18_20h24m12s,110,64,32
2023-06-22_17h04m42s,225,124,32
2024-02-15_20h25m33s,386,264,11
2020-08-11_15h14m21s,92,133,32
2022-12-01_20h19m37s,127,121,32
2024-03-31_07h07m26s,32,46,16
2024-03-13_22h43m49s,237,130,27
2025-11-20_05h47m40s,62,109,32
2022-11-10_14h02m16s,251,286,32
2021-05-11_19h42m24s,64,147,32
2023-06-05_19h11m14s,168,171,32
2022-11-09_13h21m13s,209,257,32
2022-11-16_13h32m26s,266,338,32
2020-11-18_21h53m36s,96,218,32
2025-04-21_04h41m07s,239,466,21
2020-11-25_19h20m21s,146,86,32
2024-03-13_22h36m52s,181,121,32
2025-10-14_14h59m10s,214,149,19
2022-10-07_08h27m08s,259,260,20
2023-06-22_17h06m27s,106,243,32
2018-09-12_09h23m46s,36,58,23
2018-06-13_18h49m40s,107,146,15
2024-02-15_22h35m32s,184,62,32
2022-11-16_16h24m32s,239,345,32
2025-06-13_13h25m22s,294,395,32
2018-09-30_02h25m25s,57,45,32
2023-06-07_10h57m44s,287,270,32
2025-02-21_18h24m33s,166,191,32
2020-12-10_21h00m53s,106,97,27
2020-02-24_20h07m11s,94,157,32
2025-07-07_13h17m03s,290,410,32
2024-12-16_20h13m48s,175,161,32
2021-05-13_17h43m27s,134,149,26
2025-08-19_21h41m16s,59,96,32
2019-07-12_13h34m00s,147,129,14
2020-12-10_20h26m38s,84,86,20
2020-12-10_21h02m04s,98,103,27
2024-05-20_20h32m20s,59,109,32
2019-10-02_21h55m41s,56,123,10
2024-04-10_18h04m26s,67,536,32
2023-08-22_00h14m53s,255,326,32
2023-06-05_20h01m13s,155,188,32
2024-11-15_20h59m27s,223,88,32
2025-12-03_22h51m40s,259,141,32
2026-01-15_03h24m53s,166,1587,32
2021-03-30_21h33m28s,66,100,32
2021-05-04_20h38m11s,46,80,32
2018-07-23_12h10m59s,151,146,32
2023-11-07_22h16m54s,144,86,32
2021-03-29_16h11m02s,90,118,32
2023-08-03_16h56m49s,209,226,32
2021-03-30_23h35m21s,111,124,32
2019-11-12_21h20m41s,60,72,32
2020-08-25_12h39m59s,85,125,32
2022-11-16_23h36m35s,259,368,28
2025-12-10_09h52m41s,147,215,32
2020-11-18_20h19m26s,207,215,32
2018-09-12_09h30m56s,49,57,26
2025-08-19_21h04m23s,453,132,27
2024-05-31_22h23m22s,125,105,32
2024-11-15_20h57m27s,265,63,32
2024-03-30_05h12m28s,32,46,17
2024-02-15_23h19m17s,193,116,32
2025-05-27_20h56m01s,455,390,23
2022-02-18_19h35m00s,159,152,20
2025-12-03_22h47m15s,197,117,32
2020-12-04_21h59m12s,113,67,32
2025-04-30_17h00m05s,297,371,32
2020-12-05_15h20m55s,209,108,32
2025-12-15_19h35m23s,147,187,32
2021-08-16_23h18m11s,192,110,32
2022-07-11_21h25m18s,292,415,27
2021-02-18_00h38m05s,54,96,32
2024-12-16_20h15m44s,144,162,32
2023-12-31_02h30m46s,15,78,32
2025-03-24_20h57m05s,348,351,32
2024-12-16_20h13m15s,172,160,32
2020-06-26_20h30m48s,20,21,32
2023-11-06_17h36m40s,183,77,32
2023-08-22_00h16m40s,157,207,32
2023-08-22_00h18m53s,157,207,32
2025-04-29_23h42m42s,74,173,32
2025-05-01_09h13m29s,292,410,32
2024-02-19_14h05m01s,56,262,32
2024-04-24_09h28m58s,56,262,32
2025-08-19_19h29m48s,20,37,32
2023-04-18_15h57m17s,81,111,32
2021-08-06_18h13m23s,115,128,32
2025-07-07_13h17m08s,149,155,32
2023-06-08_04h04m12s,105,157,32
2021-03-29_17h41m23s,111,162,32
2023-06-08_04h14m25s,157,171,32
2024-04-10_18h04m12s,67,550,32
2025-04-29_23h47m16s,109,282,32
2020-02-24_20h44m17s,129,193,32
2024-11-15_20h57m05s,231,86,32
2023-07-20_22h41m29s,80,137,32
2025-10-24_00h02m58s,177,87,32
2025-12-15_19h37m29s,193,220,32
2024-12-16_20h18m38s,180,138,32
2021-04-26_21h29m11s,59,80,32
2025-01-09_16h17m02s,32,55,32
2025-04-30_17h00m21s,315,399,32
2025-07-07_13h17m14s,325,370,32
2022-07-11_19h16m08s,328,421,29
2023-10-24_02h40m57s,61,282,32
2022-05-30_20h03m10s,200,200,32
2023-02-21_16h31m13s,97,122,32
2018-02-19_19h41m03s,48,55,10
2026-01-16_14h42m34s,176,1563,32
2019-07-17_18h20m57s,60,54,32
2022-10-06_23h46m08s,148,162,32
2025-08-19_03h21m35s,112,272,32
2022-11-16_13h09m11s,267,308,32
2023-07-20_22h42m04s,135,87,32
2018-10-12_09h21m15s,79,117,32
2024-08-09_23h39m21s,150,180,32
2019-05-23_21h07m13s,125,147,32
2019-05-31_22h51m28s,150,154,32
2023-10-24_10h04m56s,70,355,31
2020-12-09_23h36m48s,134,84,32
2020-08-25_13h20m10s,59,76,32
2023-03-28_20h57m14s,76,66,32
2025-04-29_23h47m23s,187,308,32
2022-07-13_11h33m44s,327,447,26
2022-05-30_20h04m48s,300,300,32
2018-02-19_19h43m14s,45,57,10
2024-11-15_21h00m29s,56,101,32
2021-09-07_23h05m39s,35,39,32
2021-08-17_00h06m31s,68,120,32
2019-05-23_20h21m03s,137,145,32
2022-05-21_19h59m08s,21,286,32
2024-04-12_14h53m05s,100,129,32
2018-10-31_10h26m49s,122,127,32
2020-12-10_20h27m22s,75,92,25
2022-11-22_16h11m58s,291,390,32
2022-01-31_09h18m06s,350,310,16
2023-06-08_17h04m39s,104,147,32
2025-04-30_18h09m47s,284,368,32
2016-10-25_14h26m36s,157,354,32
2024-10-10_20h31m12s,284,159,32
2025-11-24_17h17m04s,559,437,32
2024-05-31_22h29m10s,295,272,32
2021-08-25_22h51m22s,138,118,32
2022-10-31_22h30m32s,184,92,32
2017-10-26_21h31m12s,136,82,24
2025-05-01_02h27m59s,381,136,11
2025-11-24_17h07m54s,70,85,32
2022-01-17_23h48m59s,114,70,32
2024-04-10_17h47m22s,65,504,32
2022-11-22_15h56m55s,262,374,27
2025-08-19_21h40m52s,25,54,32
2021-08-20_21h55m45s,102,85,32
2021-06-16_17h59m41s,104,56,32
2019-05-21_21h45m20s,145,210,10
2021-09-07_23h10m57s,49,65,32
2022-05-21_20h06m53s,19,287,32
2025-06-16_15h10m22s,312,431,31
2021-08-20_21h53m03s,85,89,32
2025-10-15_17h21m11s,199,254,32
2023-08-03_17h44m47s,101,265,32
2025-04-30_00h23m29s,154,116,32
2022-12-11_19h11m43s,309,390,26
2023-11-06_17h38m27s,100,64,32
2025-04-29_10h28m30s,283,362,32
2025-07-28_05h18m48s,99,112,32
2024-11-15_20h59m45s,86,57,32
2023-10-09_12h20m59s,278,348,32
2025-01-27_07h57m54s,250,178,32
2025-04-30_16h04m47s,313,383,32
2023-06-22_17h07m43s,239,111,32
2023-06-08_17h06m10s,98,139,32
2023-12-31_02h30m14s,107,414,32
2022-10-18_15h28m51s,218,473,11
2023-10-24_09h18m59s,65,309,10
2023-05-10_17h33m23s,93,131,32
2023-07-28_19h35m12s,128,120,32
2023-02-08_17h04m32s,76,139,32
2021-05-13_17h44m25s,115,111,23
2023-01-16_09h00m13s,122,262,32
2023-03-28_20h55m56s,126,108,32
2023-06-09_16h48m23s,162,127,32
2018-06-16_05h29m11s,49,167,32
2021-12-16_15h58m28s,63,59,32
2019-10-29_21h37m26s,82,132,32
2025-08-19_19h26m22s,25,44,32
2025-08-19_21h04m52s,187,67,32
2023-05-15_20h02m55s,279,291,32
2024-11-15_20h58m45s,235,67,32
2018-05-31_03h16m36s,178,287,32
2021-12-16_15h59m51s,83,56,32
2022-12-11_20h08m36s,327,434,26
2022-06-11_22h26m37s,105,32,32
2019-07-13_00h19m09s,98,163,16
2023-06-22_16h57m30s,268,92,32
2022-11-23_19h31m35s,310,394,26
2021-06-25_19h13m58s,66,64,32
2019-01-05_02h22m18s,94,95,9
2023-09-20_21h00m08s,102,158,32
2025-03-24_23h37m35s,515,466,32
2020-12-04_21h52m25s,106,84,19
2018-09-14_22h31m58s,88,85,16
2021-08-05_17h48m50s,93,71,31
2020-12-04_21h45m49s,135,80,16
2023-11-06_17h13m08s,121,68,32
2018-07-21_11h23m10s,124,132,32
2021-04-12_22h21m48s,117,107,32
2023-06-06_03h30m21s,19,118,32
2023-06-13_22h45m08s,52,174,32
2024-05-20_20h47m22s,77,209,32
2018-09-30_02h44m49s,93,72,32
2023-06-13_16h20m59s,173,162,32
2025-06-16_15h10m28s,301,427,21
2021-08-20_21h53m32s,75,78,32
2023-06-12_11h10m00s,41,325,32
2022-02-23_19h49m15s,63,58,31
2018-09-12_09h28m04s,52,56,32
2021-06-15_17h41m33s,130,52,28
2021-06-14_18h19m03s,204,72,10
2025-11-21_13h32m08s,533,332,8
2025-08-19_21h04m28s,232,112,32
2021-06-15_18h58m49s,84,54,32
2022-11-02_11h03m40s,313,365,32
2025-01-09_15h55m39s,27,49,32
2024-08-13_23h47m40s,249,126,32
2019-06-18_09h47m06s,15,100,32
2020-12-09_21h47m14s,82,58,32
2024-11-15_20h49m59s,199,73,32
2021-12-21_20h29m07s,109,81,32
2019-10-03_18h25m14s,112,155,32
2023-09-20_20h59m26s,135,80,32
2025-01-09_01h12m06s,91,82,32
2022-11-09_13h59m24s,247,249,24
2025-10-24_00h00m02s,143,103,32
2019-01-31_23h01m39s,68,83,9
2025-07-07_13h17m22s,322,377,21
2023-06-22_16h51m40s,258,131,32
2023-06-05_19h31m23s,128,156,32
2023-07-07_04h50m52s,322,271,32
2024-05-20_21h16m28s,304,86,32
2024-02-15_23h21m47s,216,129,32
2023-08-03_18h26m09s,242,116,29
2025-05-27_20h51m07s,418,295,15
2025-11-20_06h29m18s,244,121,32
2025-12-17_10h34m13s,152,493,9
2023-08-29_12h02m28s,290,200,32
2024-12-08_23h19m45s,372,162,32
2021-03-29_21h54m58s,129,174,32
2022-01-31_09h08m54s,350,310,32
2025-11-24_17h18m13s,292,398,32
2024-08-09_23h30m52s,157,100,32
2025-05-01_09h13m31s,296,405,32
2021-02-18_00h37m38s,109,75,26
2023-08-03_17h45m47s,274,167,32
2024-05-31_22h27m37s,324,126,32
2024-08-13_23h23m56s,241,126,32
2020-12-05_14h49m21s,135,144,32
2020-12-05_15h19m33s,145,67,32
2024-12-16_20h14m35s,215,158,32
2024-04-16_11h03m00s,352,265,11
2021-08-20_21h54m18s,104,94,32
2025-01-09_01h10m06s,137,61,32
2024-12-16_20h16m04s,207,74,32
2025-04-30_11h49m57s,281,409,32
2019-05-31_22h23m49s,122,144,32
2018-06-21_10h32m41s,211,166,8
2022-11-23_19h42m43s,303,400,23
2019-08-02_22h56m21s,110,99,32
2021-06-16_17h38m05s,135,66,17
2023-06-05_19h30m00s,152,136,32
2019-01-01_01h13m47s,65,48,25
2022-01-10_19h33m26s,69,60,29
2025-06-13_13h25m10s,151,109,31
2025-01-09_01h06m35s,87,99,32
2023-11-06_17h31m27s,166,63,32
2022-10-31_22h36m47s,121,124,32
2022-12-11_21h28m25s,284,422,25
2023-06-22_16h45m55s,59,68,32
2022-11-02_17h36m37s,93,88,32
2021-08-20_21h52m24s,75,76,32
2024-01-17_16h42m56s,90,173,32
2021-08-16_23h19m40s,58,104,32
2022-05-30_20h07m49s,200,200,17
2022-02-23_19h48m42s,59,50,29
2021-06-14_19h44m30s,207,104,21
2022-07-13_21h31m40s,117,116,32
2021-08-16_23h19m04s,118,105,32
2025-12-06_07h09m25s,302,270,32
2025-04-07_22h39m28s,100,104,12
2025-01-09_16h15m25s,21,75,32
2022-10-31_16h48m53s,340,393,32
2022-01-10_19h25m57s,54,42,19
2023-10-30_08h11m54s,46,384,32
2019-01-04_20h32m07s,97,92,17
2020-01-13_23h01m15s,149,150,32
2025-01-09_01h11m17s,185,56,32
2023-08-15_21h27m22s,115,129,27
2025-02-14_12h22m18s,93,97,32
2021-05-11_21h33m33s,68,167,32
2023-06-06_03h13m58s,178,212,32
2025-10-24_00h02m49s,105,221,32
2021-05-07_20h10m01s,76,58,22
2023-03-28_20h59m01s,209,106,32
2018-06-18_17h13m15s,160,240,32
2023-10-30_03h58m48s,66,343,32
2025-08-19_21h05m37s,180,49,32
2023-11-06_17h17m53s,257,72,32
2024-12-16_20h12m29s,152,179,32
2025-12-04_16h32m03s,32,58,32
2025-01-09_16h14m30s,38,38,32
2025-01-13_20h51m17s,202,141,32
2024-03-13_22h48m05s,230,114,32
2020-08-24_21h46m56s,98,146,32
2023-01-06_09h50m15s,129,273,32
2023-10-09_14h46m50s,129,273,32
2022-02-18_20h13m13s,170,154,20
2019-11-26_17h40m02s,250,1169,32
2023-09-20_21h02m08s,157,72,32
2019-03-06_21h52m51s,73,90,32
2021-09-07_22h55m45s,74,67,32
2025-06-16_15h10m16s,315,415,28
2025-12-04_17h44m38s,64,75,32
2022-05-23_14h42m31s,20,20,32
2025-08-19_03h21m56s,99,288,32
2025-04-27_10h36m43s,285,387,32
2019-11-15_20h49m52s,183,149,32
2021-10-11_19h06m59s,130,146,32
2023-10-24_03h13m39s,56,289,32
2020-12-05_14h54m27s,200,208,32
2025-06-13_13h25m15s,299,354,23
2021-08-16_23h52m40s,114,97,32
2019-11-15_22h02m57s,170,139,32
2021-03-30_01h47m09s,111,116,32
2022-05-21_20h04m48s,88,61,32
2023-12-19_19h06m50s,88,61,32
2025-04-29_10h28m28s,330,419,32
2021-07-14_18h53m01s,76,88,32
2022-11-18_19h26m39s,212,249,32
2024-02-15_23h39m51s,221,120,32
2018-10-20_02h16m39s,53,45,32
2023-08-03_17h48m28s,327,194,32
2022-09-27_08h01m14s,322,448,25
2023-11-15_23h54m18s,212,68,32
2024-02-20_07h26m29s,66,369,32
2026-01-08_10h17m26s,290,331,18
2024-04-25_00h36m11s,165,92,32
2023-06-08_17h09m44s,113,166,32
2023-08-22_00h26m46s,216,307,32
2020-12-22_23h09m43s,98,105,32
2018-10-12_20h06m00s,53,45,11
2019-07-23_23h36m29s,125,97,32
2024-08-13_22h30m09s,264,130,32
2016-11-18_15h14m45s,76,87,32
2023-08-25_12h40m07s,280,180,32
2021-08-09_18h39m16s,164,105,32
2021-08-20_21h54m58s,90,95,32
2024-11-15_20h52m16s,173,163,32
2023-08-03_16h26m31s,137,54,32
2024-08-13_21h07m10s,229,129,32
2022-01-17_22h30m20s,166,116,32
2022-02-23_19h48m04s,52,45,27
2019-10-02_23h29m02s,114,72,10
2023-10-24_10h58m30s,56,305,32
2023-10-31_02h00m19s,40,207,32
2025-12-03_23h34m57s,342,505,32
2022-11-09_12h49m33s,231,231,32
2025-06-13_13h25m08s,248,306,20
2022-01-10_19h40m20s,78,69,27
2020-06-26_20h32m25s,15,21,32
2018-09-12_09h14m40s,44,57,32
2023-08-03_16h57m57s,261,138,32
2025-01-21_07h02m47s,100,325,32
2023-06-05_23h45m49s,183,176,32
2025-06-30_15h02m58s,24,46,32
2024-11-16_00h46m19s,99,117,32
2023-06-06_03h19m16s,131,187,32
2019-01-25_20h34m15s,50,144,32
2025-01-10_23h26m52s,35,63,32
2023-08-03_18h26m33s,245,93,32
2023-05-23_11h25m30s,54,125,32
2022-06-09_18h59m58s,88,68,32
2025-04-30_00h28m10s,83,217,32
2025-12-05_00h57m15s,299,314,32
2020-06-08_15h26m49s,88,1240,32
2025-04-29_23h42m52s,144,149,32
2021-08-09_18h34m16s,122,89,32
2025-06-09_22h59m33s,125,183,16
2025-01-09_01h10m35s,45,184,32
2020-12-05_14h58m17s,202,218,32
2021-05-05_23h21m41s,75,70,29
2023-05-02_13h13m25s,78,129,32
2025-01-09_22h07m28s,40,67,32
2025-01-09_15h56m44s,32,36,32
2022-02-23_19h47m48s,56,46,32
2023-10-13_05h41m21s,290,83,32
2024-11-15_21h00m49s,62,94,32
2025-01-21_18h23m05s,100,250,32
2021-04-12_22h56m03s,117,121,32
2025-01-09_15h57m14s,32,33,32
2025-07-07_14h36m50s,336,476,30
2023-11-06_17h16m33s,268,93,32
2019-10-29_15h20m11s,137,146,32
2023-07-28_19h22m48s,93,96,32
2021-06-16_17h33m56s,187,58,19
2020-03-20_18h37m56s,66,57,32
2023-05-02_13h18m38s,78,125,32
2025-12-04_17h20m14s,68,106,32
2023-06-05_19h29m14s,161,167,32
2019-01-25_20h23m58s,28,34,32
2023-06-05_19h17m01s,175,172,32
2019-05-23_20h12m16s,191,183,32
2021-06-16_17h24m24s,188,60,12
2023-01-01_16h58m56s,330,441,18
2023-04-21_13h44m01s,339,256,11
2021-08-20_21h56m33s,106,106,32
2023-06-15_19h39m22s,89,96,32
2019-02-01_01h55m32s,50,43,32
2025-12-01_02h16m56s,217,329,22
2025-11-19_10h42m50s,141,193,32
2021-07-14_18h51m25s,86,93,32
2022-02-18_19h10m35s,29,28,24
2016-11-22_01h59m16s,44,42,32
2024-12-16_20h15m14s,89,211,32
2021-03-29_18h58m28s,56,141,32
2020-03-20_18h40m24s,63,57,32
2023-12-08_11h45m18s,61,62,32
2019-09-11_15h25m08s,87,112,32
2023-06-22_16h56m44s,89,172,32
2018-07-27_18h13m46s,60,74,14
2019-02-28_22h47m58s,69,59,32
2022-06-11_22h37m37s,115,34,32
2023-11-07_22h23m18s,134,68,32
2020-12-04_21h34m48s,101,73,26
2019-07-16_18h50m17s,101,48,28
2023-10-13_05h39m49s,216,230,32
2023-09-20_21h04m22s,169,99,32
2025-11-24_16h57m04s,64,86,32
2024-02-20_08h30m00s,58,341,32
2023-06-13_22h45m34s,47,152,32
2023-06-14_20h59m41s,156,110,32
2021-09-27_19h51m20s,148,144,32
2025-11-21_21h47m00s,40,88,32
2020-12-30_21h21m52s,31,42,32
2020-12-10_21h03m19s,118,88,15
2026-01-08_10h33m56s,157,207,32
2021-08-05_18h30m51s,96,91,28
2018-10-16_01h42m26s,41,41,32
2018-10-31_20h28m53s,61,69,16
2021-04-26_19h41m53s,102,265,32
2024-08-09_23h31m32s,101,108,25
2025-04-30_15h06m18s,343,451,32
2023-06-05_19h17m57s,131,168,32
2025-01-13_21h21m31s,143,218,32
2025-04-21_04h41m15s,143,218,32
2023-04-18_16h14m30s,74,120,32
2025-06-30_15h02m36s,21,46,32
2023-08-04_21h50m42s,67,134,32
2019-06-06_21h41m37s,103,147,32
2023-10-24_10h41m10s,61,317,32
2022-07-07_11h43m24s,40,64,32
2023-05-12_10h15m27s,93,126,32
2025-04-27_08h23m47s,332,447,26
2023-09-07_14h57m15s,45,328,9
2019-12-09_21h03m50s,107,169,32
2023-07-20_22h43m28s,82,141,32
2023-10-18_03h46m44s,113,135,32
2020-12-05_15h26m17s,238,102,32
2019-11-15_20h55m40s,175,140,32
2024-05-07_16h05m23s,22,103,32
2021-06-15_18h49m02s,242,156,27
2023-06-13_22h32m52s,148,191,32
2021-03-23_14h27m36s,77,83,32
2021-12-01_18h57m16s,55,127,32
2021-06-16_17h16m04s,183,56,12
2025-07-23_00h51m39s,213,149,16
2025-04-24_17h31m12s,286,374,32
2024-02-20_01h53m12s,51,445,17
2025-04-27_10h36m42s,296,383,32
2023-11-06_17h41m01s,232,71,32
2023-08-04_21h49m30s,92,130,32
2021-02-11_18h35m05s,183,195,32
2023-06-14_22h46m10s,39,143,32
2018-06-13_17h23m20s,58,95,32
2020-08-25_12h45m00s,79,129,32
2023-05-05_01h33m26s,266,94,32
2024-08-13_23h55m34s,254,199,32
2019-07-17_19h06m19s,81,33,32
2023-06-05_19h28m16s,170,149,32
2022-12-31_13h03m27s,317,448,13
2022-01-06_23h31m52s,85,105,17
2021-03-04_23h29m53s,62,63,32
2025-07-09_21h29m21s,129,193,32
2023-11-07_22h21m07s,147,72,32
2025-12-15_19h32m53s,140,181,32
2022-03-13_16h30m45s,109,123,11
2020-12-09_21h41m46s,57,52,32
2025-04-27_11h31m42s,143,422,26
2023-03-28_20h57m59s,113,109,32
2023-11-06_17h39m53s,218,47,32
2022-07-13_21h30m17s,101,87,32
2019-07-18_02h26m18s,163,337,32
2021-09-07_22h52m54s,65,58,32
2024-01-17_16h42m26s,114,121,32
2018-06-27_10h38m13s,95,94,27
2021-10-11_21h07m40s,119,136,32
2024-08-09_23h31m11s,89,93,32
2019-10-03_17h21m22s,173,172,30
2023-08-03_02h07m56s,139,41,32
2019-05-23_20h55m19s,187,190,32
2023-07-20_22h42m52s,130,94,32
2021-08-16_23h22m32s,174,111,32
2023-03-06_09h13m00s,173,233,32
2023-10-09_14h50m17s,173,233,32
2024-02-21_07h50m30s,75,194,32
2023-06-22_16h46m57s,52,71,32
2025-02-21_18h24m41s,294,166,32
2025-04-30_18h09m48s,159,401,32
2016-10-25_14h30m16s,63,73,32
2024-08-09_23h34m49s,127,80,32
2024-11-28_15h40m16s,574,493,32
2021-06-16_17h08m43s,185,64,15
2020-03-20_18h38m21s,50,52,32
2020-08-24_22h07m54s,87,121,32
2023-11-06_17h33m31s,192,75,32
2019-07-17_22h01m46s,111,210,32
2021-07-09_21h44m35s,169,173,32
2021-07-14_18h48m41s,169,173,32
2025-11-20_16h27m44s,238,143,32
2022-02-23_19h47m30s,36,44,29
2025-05-01_02h38m30s,326,207,11
2024-03-30_05h25m24s,35,46,19
2025-01-09_01h07m04s,61,74,29
2023-04-18_11h50m45s,74,118,32
2025-12-15_19h26m48s,196,270,32
2022-06-09_18h53m26s,33,130,26
2025-01-09_15h56m31s,33,42,32
2024-11-15_21h00m12s,90,74,32
2022-12-29_14h40m10s,346,430,12
2020-12-03_18h37m09s,65,109,14
2025-12-10_10h10m33s,144,116,13
2023-06-07_03h56m30s,125,125,32
2023-06-05_19h40m58s,145,219,32
2023-06-14_22h40m12s,116,165,32
2018-02-14_12h32m10s,28,30,15
2025-10-14_14h59m52s,164,244,32
2025-11-13_03h36m29s,153,198,8
2025-04-27_11h44m20s,334,412,19
2023-06-05_19h14m50s,154,200,32
2025-11-20_16h19m00s,133,205,32
2020-12-09_23h20m46s,84,56,32
2020-12-03_19h22m16s,54,47,32
2021-09-07_22h59m59s,57,74,32
2022-11-22_20h36m31s,35,37,9
2024-04-29_22h33m20s,181,187,32
2022-10-31_21h12m26s,137,544,10
2023-07-12_10h05m29s,246,209,32
2021-05-19_20h03m06s,50,111,32
2021-09-07_23h09m13s,66,51,32
2022-01-17_22h32m10s,207,114,32
2025-08-19_20h57m39s,228,76,32
2021-10-12_19h05m58s,120,138,32
2025-08-19_19h28m58s,28,32,32
2018-12-14_16h41m23s,94,166,32
2021-10-12_18h59m35s,177,157,32
2022-10-31_22h13m14s,118,130,30
2023-09-20_20h57m01s,168,124,32
2025-01-09_01h07m54s,70,75,32
2021-05-11_21h32m21s,61,172,32
2023-11-06_17h32m53s,183,76,32
2020-12-11_19h22m09s,80,63,32
2020-03-20_18h37m24s,49,59,32
2022-10-31_22h25m38s,163,156,32
2024-02-15_23h34m11s,226,150,32
2025-06-16_15h10m31s,319,418,26
2022-09-26_18h40m41s,308,434,20
2021-06-14_21h23m57s,161,171,31
2024-05-31_22h39m50s,277,398,32
2022-05-30_20h09m30s,200,200,24
2025-01-09_01h09m17s,150,82,32
2023-09-20_20h51m25s,125,166,32
2019-01-04_01h24m04s,60,73,32
2023-06-22_17h00m54s,279,113,32
2024-12-06_07h18m05s,92,70,32
2020-12-09_23h15m58s,79,48,32
2017-05-03_17h59m31s,66,118,32
2023-07-28_19h24m32s,98,80,32
2019-07-12_13h32m14s,155,104,32
2023-01-05_17h49m56s,354,444,21
2021-01-07_21h32m02s,110,95,32
2020-12-04_22h06m42s,109,76,15
2022-03-02_08h49m17s,82,95,32
2021-06-14_21h25m52s,184,191,32
2021-09-07_23h03m21s,51,55,32
2023-03-28_19h33m16s,106,103,32
2019-11-07_21h34m15s,76,102,22
2019-10-29_21h43m57s,112,102,32
2025-12-04_16h31m34s,79,193,32
2022-06-09_19h04m59s,72,120,32
2023-06-13_22h37m07s,169,217,32
2024-01-31_19h29m51s,167,171,32
2026-01-08_10h10m14s,296,278,27
2018-09-14_21h38m44s,46,53,32
2023-03-28_20h55m19s,181,111,32
2018-10-31_01h48m17s,38,67,32
2024-12-16_20h11m44s,77,90,32
2018-09-12_09h18m46s,46,53,32
2025-04-30_00h28m02s,240,408,32
2020-01-21_22h10m23s,153,150,32
2019-10-04_18h30m42s,200,203,32
2020-11-29_20h32m07s,40,72,32
2020-10-19_10h34m52s,50,30,24
2017-10-18_10h57m41s,165,300,11
2016-10-25_14h44m47s,119,164,32
2025-10-23_23h59m20s,125,132,32
2019-05-31_20h52m48s,119,135,32
2023-02-21_20h48m24s,248,140,32
2024-12-16_20h11m30s,77,76,32
2020-05-21_17h33m20s,74,62,32
2022-01-19_01h21m11s,206,88,32
2022-07-13_21h25m35s,176,82,32
2021-05-05_23h28m23s,91,34,29
2025-12-08_09h47m06s,137,193,32
2022-12-13_13h35m38s,91,88,32
2022-10-31_22h40m51s,220,239,14
2023-07-12_00h00m38s,291,311,23
2022-03-21_20h30m27s,113,95,32
2018-09-15_01h02m20s,46,53,14
2024-02-19_08h36m35s,41,342,32
2024-04-24_13h43m54s,41,342,32
2021-07-14_18h50m49s,167,185,32
2023-06-13_22h07m12s,146,172,32
2024-03-22_14h08m37s,111,121,32
2021-02-10_22h01m19s,321,321,32
2025-11-25_10h04m33s,175,437,32
2019-01-25_20h29m50s,95,95,32
2023-11-06_17h04m30s,137,77,32
2025-11-27_10h02m41s,174,442,32
2019-07-13_01h29m22s,128,110,9
2020-01-09_18h42m02s,162,154,32
2025-06-23_19h57m28s,369,462,32
2020-01-09_21h03m05s,158,161,32
2018-09-12_09h22m21s,49,55,15
2022-08-23_23h48m59s,123,92,32
2023-10-13_05h44m04s,286,109,32
2023-06-22_16h48m03s,95,91,32
2018-12-29_19h44m42s,101,114,32
2022-01-12_10h42m57s,326,580,32
2021-06-14_19h18m24s,278,141,17
2023-02-21_22h30m22s,137,93,32
2019-01-04_01h25m24s,66,70,32
2024-10-03_20h18m06s,460,144,32
2025-01-09_01h11m49s,92,41,32
2024-02-20_06h33m35s,41,397,32
2025-07-26_01h39m42s,499,450,32
2025-06-23_20h07m40s,420,415,32
2021-05-19_20h04m00s,76,158,31
2022-10-12_22h50m05s,124,214,32
2025-02-21_18h24m34s,187,157,32
2023-01-26_09h32m16s,177,188,32
2020-12-09_21h51m46s,130,98,32
2020-05-21_17h34m19s,84,67,32
2024-02-21_10h27m21s,76,759,32
2024-02-22_02h50m56s,76,759,32
2024-04-25_07h59m52s,76,759,32
2019-11-07_21h10m30s,223,95,32
2023-07-11_23h46m54s,229,356,32
2025-06-09_22h52m53s,92,128,17
2023-07-11_23h49m25s,196,395,32
2021-01-04_01h22m59s,51,92,32
2025-01-09_01h06m50s,75,79,32
2025-07-09_21h30m59s,140,131,32
2024-04-03_10h35m08s,41,437,11
2018-08-10_08h38m31s,231,228,13
2023-11-06_17h40m36s,218,72,32
2023-06-14_22h41m42s,138,164,32
2023-10-13_05h42m49s,275,142,32
2025-04-12_06h29m29s,130,510,32
2025-04-12_07h05m34s,130,510,32
2022-02-28_12h37m31s,704,440,32
2024-11-15_21h05m03s,74,55,32
2020-08-11_11h05m54s,92,136,32
2022-01-19_02h06m06s,178,137,32
2018-09-12_09h16m30s,52,54,32
2024-08-13_23h24m07s,88,143,32
2021-02-18_00h36m58s,59,89,32
2021-03-29_14h00m08s,116,227,32
2021-06-15_17h52m03s,146,72,22
2023-08-22_00h05m31s,157,179,32
2024-03-13_22h31m24s,76,87,25
2025-01-16_10h45m33s,71,66,32
2025-05-02_18h51m18s,280,398,32
2023-06-05_11h45m44s,470,326,27
2023-06-05_15h17m28s,470,326,27
2023-11-07_22h25m56s,130,67,32
2023-08-04_21h50m25s,85,122,32
2020-12-03_19h24m24s,70,65,31
2018-08-10_12h02m46s,152,87,32
2022-07-13_21h31m13s,138,86,32
2019-05-07_21h28m54s,77,63,24
2023-08-24_12h00m43s,270,200,32
2022-06-09_18h57m38s,72,114,32
2020-08-11_15h00m06s,101,132,32
2021-06-14_19h34m47s,234,194,32
2025-08-19_04h00m21s,518,279,32
2021-05-04_20h41m28s,68,77,32
2023-06-14_22h50m06s,34,145,32
2021-11-04_14h12m55s,53,139,32
2022-02-28_11h15m58s,82,83,32
2019-10-04_17h59m03s,201,173,32
2017-06-09_07h13m09s,218,178,16
2023-10-09_14h40m16s,172,490,14
2024-05-08_10h53m34s,20,635,32
2021-12-16_19h40m36s,67,52,32
2023-06-05_19h10m26s,158,157,32
2023-07-20_22h44m41s,75,96,32
2021-09-26_18h14m14s,64,98,15
2021-06-15_19h40m20s,150,70,10
2018-10-20_02h14m34s,70,84,15
2018-10-20_05h20m31s,70,84,15
2025-06-16_15h10m34s,248,400,32
2026-01-13_17h00m30s,129,193,32
2022-10-31_19h46m48s,140,159,32
2018-10-18_20h20m57s,70,84,10
2025-04-27_13h26m32s,322,443,32
2022-09-26_20h12m28s,325,430,21
2025-04-30_00h28m18s,124,177,32
2023-08-03_18h23m42s,82,169,32
2018-12-28_19h05m24s,81,80,32
2019-10-29_16h28m34s,151,101,32
2024-05-31_22h40m24s,361,128,32
2024-08-13_23h24m14s,57,126,32
2020-12-11_18h54m41s,178,100,32
2018-05-07_22h32m23s,119,254,32
2017-07-11_11h29m36s,119,254,32
2022-08-16_10h14m23s,489,350,32
2021-09-07_23h01m46s,79,58,32
2023-09-20_20h52m15s,124,162,32
2023-10-18_03h45m45s,126,82,32
2025-05-01_02h32m03s,290,165,17
2023-08-04_21h49m59s,71,123,32
2020-03-20_18h40m54s,44,87,32
2024-02-25_12h47m22s,71,742,26
2024-04-25_11h51m23s,71,742,26
2025-12-15_19h34m08s,215,169,32
2019-10-01_21h36m31s,92,116,10
2021-03-31_04h02m33s,100,137,32
2019-07-19_19h41m43s,125,110,32
2020-09-13_22h32m24s,576,501,32
2023-10-13_05h44m51s,80,84,32
2021-06-15_18h55m45s,144,99,23
2022-06-09_20h28m07s,127,184,32
2020-12-11_19h37m54s,106,144,32
2018-12-28_19h10m54s,91,80,32
2024-03-12_17h45m02s,100,119,32
2022-12-22_09h16m37s,196,401,32
2021-06-14_20h06m50s,187,69,11
2018-12-31_21h23m13s,61,61,19
2024-12-16_20h12m02s,94,87,32
2025-01-09_03h05m10s,94,87,32
2023-12-05_15h15m49s,283,340,32
2023-10-09_14h31m50s,221,420,22
2022-11-18_18h15m54s,117,106,11
2021-05-19_20h09m03s,165,118,32
2021-03-04_23h31m12s,84,51,32
2022-08-16_12h31m33s,314,237,32
2020-11-25_23h45m36s,266,108,32
2018-07-12_05h43m43s,104,136,20
2018-07-14_04h53m26s,48,52,32
2021-05-03_11h34m11s,147,203,32
2024-03-14_13h38m54s,66,239,32
2021-03-22_15h30m15s,118,189,32
2024-02-19_07h10m10s,67,342,32
2025-06-13_13h25m12s,246,332,26
2026-01-13_14h09m43s,188,969,32
2021-07-14_18h52m27s,109,112,32
2021-09-07_22h48m16s,63,58,32
2025-07-30_05h54m36s,141,144,24
2025-07-23_00h53m52s,162,147,11
2025-03-12_22h04m15s,63,113,10
2025-06-13_13h25m14s,262,319,22
2023-08-22_00h48m15s,51,69,32
2021-06-16_18h29m26s,119,60,15
2023-11-07_22h12m34s,332,149,32
2024-08-10_00h17m57s,208,179,32
2023-01-20_10h47m29s,131,263,32
2021-07-26_19h51m51s,114,81,32
2019-03-06_21h42m13s,72,90,32
2025-06-09_23h08m21s,150,156,18
2022-03-04_16h56m47s,80,111,32
2022-06-09_19h00m35s,62,112,32
2024-08-09_23h31m22s,105,97,32
2023-03-28_19h39m25s,132,91,32
2020-12-05_15h32m31s,220,90,32
2021-09-07_22h58m18s,39,118,32
2024-05-23_14h25m01s,128,157,32
2022-10-25_23h22m08s,143,158,27
2021-02-04_21h50m29s,134,146,32
2023-10-24_10h23m43s,40,212,29
2020-01-09_20h17m08s,148,157,32
2025-12-16_16h47m25s,157,195,32
2023-08-03_18h24m07s,86,173,27
2021-06-15_19h36m41s,221,99,16
2025-12-05_00h43m41s,299,314,32
2025-11-10_10h30m09s,161,203,32
2023-11-07_22h13m16s,336,114,32
2023-06-12_16h57m43s,125,174,32
2025-08-19_21h47m11s,24,59,32
2024-02-19_09h27m18s,41,468,20
2024-04-24_14h53m33s,41,468,24
2022-10-27_17h41m49s,126,140,32
2023-09-20_20h49m34s,31,64,32
2025-12-12_10h19m41s,137,207,32
2025-06-23_20h02m31s,433,382,32
2025-09-15_21h36m04s,276,237,12
2020-12-11_19h31m26s,104,147,32
2022-12-12_14h45m40s,205,280,32
2025-04-29_23h58m19s,620,268,32
2022-07-13_21h30m44s,114,105,32
2023-02-21_21h00m54s,272,153,32
2025-03-28_01h01m20s,110,74,32
2024-02-19_12h46m29s,56,314,32
2024-04-24_02h15m25s,56,314,32
2023-12-07_14h49m31s,315,299,24
2020-08-11_15h13m26s,92,131,32
2019-08-29_22h39m56s,47,74,27
2024-02-15_22h27m12s,108,119,32
2024-02-26_22h34m46s,173,186,32
2020-05-21_17h33m49s,71,62,32
2025-07-09_21h32m31s,109,132,32
2024-08-14_00h01m29s,151,279,32
2025-08-19_19h33m18s,16,57,32
2022-02-18_19h10m52s,44,44,28
2023-07-20_22h49m30s,70,83,32
2022-07-11_15h54m19s,320,616,32
2022-07-13_21h25m05s,169,139,32
2023-06-13_22h38m12s,233,239,32
2023-08-01_01h40m13s,189,98,32
2020-09-21_22h18m26s,184,161,32
2020-09-21_22h38m25s,184,161,32
2018-09-12_09h25m43s,49,56,32
2021-03-31_00h28m24s,100,106,32
2020-02-28_20h48m03s,282,221,32
2023-10-13_05h45m57s,85,97,32
2023-10-18_03h46m17s,101,59,32
2019-08-21_22h53m49s,128,341,32
2019-03-28_09h18m57s,436,213,18
2019-11-25_17h14m31s,80,88,32
2025-11-21_17h14m15s,83,112,32
2023-10-18_03h48m50s,85,123,32
2025-07-07_13h57m14s,304,363,25
2023-06-15_19h37m38s,74,97,32
2024-02-26_22h36m04s,183,188,32
2025-07-25_22h40m25s,93,143,32
2018-07-21_11h11m58s,117,196,32
2025-07-28_19h42m47s,466,366,32
2021-12-01_18h54m34s,44,114,32
2022-01-10_20h48m04s,160,158,21
2023-04-17_16h20m12s,91,98,32
2024-02-15_23h30m14s,216,115,32
2018-12-31_21h17m02s,56,60,19
2018-09-12_09h20m47s,45,46,20
2021-08-16_23h20m37s,161,118,32
2020-12-07_03h16m14s,450,375,32
2023-10-25_22h45m02s,325,306,32
2020-03-12_22h22m08s,88,81,23
2025-07-26_02h02m46s,430,331,32
2022-07-11_16h54m42s,105,395,32
2020-06-26_20h24m51s,22,19,32
2021-12-01_13h25m50s,177,413,32
2025-01-09_01h09m01s,83,177,32
2019-05-07_21h13m42s,68,64,32
2022-07-07_11h36m24s,40,64,32
2023-06-14_22h42m29s,119,156,32
2025-09-17_15h37m41s,293,570,32
2017-07-28_12h59m41s,129,225,32
2017-02-23_09h51m18s,200,200,32
2025-01-26_07h52m40s,175,250,32
2024-05-23_14h22m54s,115,143,32
2018-05-30_13h28m54s,73,99,8
2022-01-10_19h24m04s,44,42,32
2023-04-18_14h40m14s,81,103,32
2025-07-26_01h28m20s,404,341,32
2020-11-18_20h23m01s,105,141,32
2019-05-23_21h01m57s,96,134,32
2020-12-04_18h52m45s,197,214,32
2025-12-04_17h21m45s,137,182,32
2021-06-25_19h14m26s,74,79,32
2022-01-10_19h24m35s,75,49,27
2021-12-16_20h21m02s,75,52,32
2022-02-07_18h03m46s,315,95,32
2023-10-13_05h47m14s,119,81,32
2023-03-20_00h55m44s,358,453,17
2023-07-20_22h46m25s,75,73,32
2022-01-19_02h30m55s,222,69,32
2024-06-12_22h51m11s,250,252,32
2018-09-14_22h35m17s,85,83,17
2024-05-22_06h47m44s,51,463,32
2025-12-03_13h48m32s,442,215,32
2021-12-21_19h47m36s,148,93,32
2024-05-31_22h09m08s,29,67,32
2022-10-31_20h16m11s,279,234,32
2021-04-26_21h47m38s,61,79,32
2023-06-15_16h45m45s,18,70,32
2022-10-12_18h08m35s,43,166,32
2025-07-28_19h32m28s,453,406,32
2025-08-19_21h46m56s,51,48,32
2021-05-07_19h15m20s,179,100,19
2023-07-12_15h41m42s,195,386,32
2025-04-30_11h49m59s,211,330,32
2025-07-07_13h38m33s,205,221,30
2025-08-19_21h40m30s,64,93,32
2023-06-05_19h18m03s,133,167,32
2023-06-22_16h44m32s,54,73,32
2021-08-20_21h51m18s,66,67,32
2025-04-12_06h43m35s,88,471,32
2025-07-07_14h26m34s,313,443,30
2022-10-25_23h16m04s,137,167,15
2025-10-24_00h00m55s,131,135,32
2025-06-23_21h20m03s,440,349,32
2019-10-25_17h25m40s,96,106,28
2019-11-01_13h33m19s,96,106,28
2023-06-12_16h59m44s,119,196,32
2020-12-04_19h16m17s,211,213,32
2020-12-13_23h08m12s,211,213,32
2020-12-13_23h30m59s,211,213,32
2023-11-07_22h15m33s,355,84,32
2022-11-02_16h26m42s,125,226,32
2025-04-27_13h26m30s,305,382,32
2021-02-10_22h34m54s,314,314,32
2020-03-20_18h38m50s,52,60,32
2022-07-13_21h32m00s,80,76,32
2025-04-21_21h32m30s,71,44,32
2021-06-15_18h00m01s,140,68,24
2025-04-24_16h03m36s,316,349,32
2021-12-01_18h03m55s,277,86,20
2023-10-18_03h47m55s,95,87,32
2023-06-26_22h43m41s,25,55,32
2020-01-09_18h27m19s,180,158,32
2025-12-02_09h34m18s,186,508,32
2021-10-11_18h34m31s,163,121,32
2022-06-09_19h05m42s,67,146,32
2021-03-12_20h00m13s,60,63,14
2024-05-23_19h30m00s,193,242,32
2025-07-09_21h27m39s,171,143,32
2023-11-06_17h38m47s,124,54,32
2023-06-09_17h07m41s,24,80,32
2025-07-26_01h50m16s,405,359,32
2021-12-21_19h26m39s,129,59,32
2023-02-21_19h55m13s,97,124,32
2021-09-07_23h07m56s,44,65,32
2021-12-21_20h15m52s,110,92,32
2022-10-31_22h01m40s,176,172,32
2023-10-13_05h46m45s,83,106,32
2021-05-07_20h08m40s,39,24,27
2024-08-09_23h31m51s,81,85,32
2019-01-25_20h23m12s,40,58,32
2018-09-30_02h59m45s,88,60,32
2024-04-10_02h35m10s,169,64,32
2021-05-04_20h53m25s,65,41,32
2024-05-29_16h34m28s,18,20,9
2023-08-03_16h25m31s,138,74,32
2024-10-12_22h25m46s,38,54,32
2024-02-15_22h02m12s,182,87,32
2025-07-25_22h48m11s,44,80,32
2024-02-20_03h16m33s,46,404,32
2019-08-21_01h08m10s,84,218,32
2025-04-21_21h34m48s,175,59,32
2020-02-17_18h19m25s,201,455,32
2020-02-14_22h36m55s,202,447,32
2023-03-13_09h35m34s,163,302,32
2023-10-09_14h51m43s,163,302,32
2025-07-07_13h57m17s,251,278,18
2021-03-04_23h30m46s,44,69,32
2023-05-10_20h38m39s,166,442,32
2023-10-09_14h42m19s,166,442,32
2022-10-26_22h21m26s,22,174,32
2025-01-09_16h16m34s,31,42,32
2019-06-25_22h30m03s,229,247,32
2022-10-12_22h51m24s,162,207,32
2025-06-26_23h57m03s,282,111,27
2021-10-11_19h38m30s,75,131,32
2023-04-18_11h48m30s,78,123,32
2025-04-21_21h36m11s,277,131,32
2023-11-07_22h14m02s,335,65,32
2025-04-29_23h47m09s,342,240,32
2023-06-13_22h40m26s,193,312,32
2022-02-07_17h44m17s,203,115,32
2025-04-21_21h34m28s,218,97,32
2019-02-28_22h46m23s,65,74,32
2023-06-05_23h45m56s,157,206,32
2023-06-13_22h29m18s,188,250,32
2025-01-09_01h08m12s,63,174,17
2020-12-03_18h45m40s,108,73,13
2023-07-05_22h26m29s,345,405,32
2021-03-31_01h55m32s,100,135,32
2021-06-15_19h26m09s,212,126,28
2025-12-03_22h58m39s,552,262,32
2025-12-15_19h35m57s,111,220,32
2026-01-06_09h55m43s,146,135,32
2022-01-10_19h25m33s,70,49,25
2018-10-01_11h32m56s,113,232,31
2018-10-04_13h05m32s,113,232,31
2023-11-06_17h18m16s,250,106,32
2025-04-21_21h35m03s,267,111,32
2021-07-26_19h51m20s,109,95,21
2023-05-03_08h58m12s,165,196,32
2021-12-21_20h02m11s,166,78,32
2018-09-14_22h42m37s,78,95,32
2024-09-02_09h26m36s,264,245,32
2021-02-11_18h37m23s,151,195,24
2022-12-16_17h13m00s,91,88,32
2024-07-22_13h38m02s,71,575,32
2023-09-20_10h59m53s,377,332,32
2020-03-11_16h40m10s,124,134,32
2023-06-16_16h59m13s,48,165,32
2025-07-26_02h13m14s,453,388,32
2020-10-06_14h23m30s,50,30,32
2025-11-21_21h49m09s,79,179,32
2018-07-27_18h16m06s,55,72,15
2020-02-24_23h18m48s,143,119,32
2025-04-21_21h36m31s,215,111,32
2020-01-15_23h06m55s,124,134,32
2022-11-02_16h29m10s,89,174,32
2021-06-30_20h05m51s,185,135,28
2025-04-21_21h32m48s,60,71,32
2022-01-19_01h41m42s,213,94,32
2025-01-09_15h59m13s,31,39,32
2021-09-27_21h46m14s,257,250,32
2022-10-26_21h32m03s,134,76,32
2022-01-25_08h08m02s,300,200,32
2022-05-31_10h25m40s,300,200,32
2021-09-07_23h04m59s,75,71,32
2021-12-16_20h37m26s,87,60,32
2016-11-22_02h05m05s,70,84,32
2024-11-15_21h04m51s,66,53,32
2023-06-16_16h42m44s,121,143,32
2023-06-15_19h46m53s,35,55,32
2019-11-15_20h42m46s,228,212,32
2020-11-06_21h38m39s,214,217,32
2023-02-28_14h39m21s,96,126,32
2025-04-12_07h25m34s,114,527,32
2023-07-20_22h55m52s,71,95,32
2023-11-28_14h02m10s,30,124,32
2021-02-11_17h52m24s,320,320,32
2021-07-14_18h53m59s,135,85,32
2020-01-09_21h14m40s,158,150,32
2023-06-05_19h16m50s,168,160,32
2023-09-18_09h28m35s,50,410,32
2023-05-02_13h20m33s,87,128,32
2026-01-13_16h59m17s,141,201,32
2022-11-08_22h36m01s,95,173,32
2022-10-26_21h33m26s,114,101,32
2025-04-27_08h23m49s,309,433,22
2021-06-07_14h44m30s,934,813,32
2022-11-08_22h56m45s,32,102,17
2025-06-23_20h13m42s,455,366,32
2022-10-31_21h38m17s,148,84,32
2023-06-26_16h10m52s,22,64,32
2022-11-08_22h48m44s,221,220,14
2021-11-11_19h10m54s,172,213,31
2018-10-10_16h24m52s,74,73,32
2024-01-29_19h26m21s,160,259,32
2021-07-26_19h49m14s,109,120,14
2020-01-21_22h56m53s,184,198,32
2021-05-19_20h11m50s,76,121,32
2022-10-31_20h36m14s,52,529,32
2025-01-09_16h17m51s,36,39,32
2020-09-24_23h45m35s,104,114,32
2022-02-28_12h36m26s,83,115,32
2022-12-13_10h44m36s,91,99,32
2022-12-16_17h10m38s,81,88,32
2023-07-12_18h34m49s,108,165,32
2022-05-23_15h08m42s,10,10,32
2022-01-10_21h13m17s,102,144,32
2019-07-23_22h22m30s,119,102,32
2018-09-14_22h39m12s,81,97,32
2022-10-31_19h33m50s,163,202,32
2019-07-16_17h41m37s,53,54,32
2023-10-13_05h29m31s,105,138,32
2022-02-22_11h06m11s,504,335,32
2022-10-31_21h20m40s,80,491,32
2025-08-19_21h11m14s,42,79,32
2023-03-28_11h37m22s,352,451,21
2021-05-04_21h13m55s,47,29,32
2021-06-14_21h18m45s,82,216,32
2025-01-09_16h14m58s,31,50,32
2021-08-06_18h15m16s,155,112,32
2021-11-30_18h15m46s,50,165,32
2023-05-23_20h48m07s,71,59,32
2023-12-07_17h42m15s,100,100,32
2023-06-15_19h39m00s,127,84,32
2023-08-01_01h35m44s,53,59,32
2025-01-08_22h31m42s,150,250,32
2025-01-15_22h20m28s,285,129,32
2021-06-15_23h02m48s,146,67,32
2023-01-25_03h20m26s,102,186,32
2025-01-10_23h57m28s,35,88,32
2021-02-10_22h09m25s,314,314,32
2023-05-22_16h27m51s,301,351,22
2020-01-15_21h34m32s,121,138,32
2025-10-24_00h00m25s,138,136,32
2025-04-16_17h12m30s,283,242,28
2025-04-21_21h34m11s,200,101,32
2023-05-03_10h11m05s,42,142,32
2019-01-25_20h38m15s,66,79,32
2022-10-26_22h44m45s,85,99,32
2025-07-07_13h38m25s,290,322,21
2020-06-18_00h32m12s,69,61,32
2022-01-18_00h17m02s,88,122,32
2023-06-28_10h32m08s,336,244,32
2021-05-07_19h47m46s,72,117,18
2020-09-29_08h10m05s,50,30,32
2025-12-16_10h16m29s,151,223,32
2025-05-16_08h13m36s,308,246,32
2020-01-06_22h03m31s,155,202,32
2020-08-11_15h11m00s,83,119,32
2022-10-31_22h19m51s,222,240,32
2025-09-23_09h23m33s,275,105,23
2025-05-20_02h59m58s,316,682,10
2023-04-04_19h46m14s,324,447,17
2022-10-12_22h52m56s,37,166,32
2020-03-11_16h38m34s,121,138,32
2018-12-14_16h02m14s,108,113,32
2025-11-20_05h08m25s,74,123,32
2021-12-16_19h54m06s,71,62,32
2025-12-05_19h33m34s,299,314,32
2023-05-02_11h21m51s,47,138,32
2023-01-25_02h38m25s,102,144,32
2021-08-16_23h23m47s,64,105,32
2023-07-19_11h29m39s,229,130,32
2023-04-17_11h34m15s,282,434,17
2021-04-21_01h23m34s,95,106,14
2020-02-24_21h21m08s,152,127,32
2021-06-16_18h21m33s,146,94,13
2023-02-21_20h05m59s,122,244,32
2023-04-24_22h38m14s,157,74,32
2022-01-17_22h28m27s,148,119,32
2025-04-21_21h36m47s,262,106,32
2022-10-26_21h31m21s,103,53,32
2025-11-04_08h38m05s,188,163,32
2020-03-11_19h05m42s,172,165,32
2025-11-12_10h03m36s,183,205,32
2019-07-17_18h17m10s,50,53,32
2021-03-22_17h02m55s,102,130,32
2025-12-05_10h22m23s,141,203,32
2024-11-21_15h40m02s,356,347,32
2025-03-29_00h44m20s,177,82,32
2022-10-26_22h20m17s,23,171,32
2020-01-16_01h54m35s,172,165,32
2022-09-24_00h10m42s,205,146,32
2023-03-13_11h32m38s,338,450,16
2020-11-06_21h04m07s,182,196,32
2022-05-23_14h36m21s,20,20,32
2022-03-21_18h51m06s,102,83,15
2018-09-04_00h44m59s,138,110,32
2023-01-25_03h08m34s,149,164,32
2024-06-12_22h54m44s,292,236,32
2020-01-21_21h26m03s,154,151,32
2024-03-07_16h42m14s,33,30,32
2025-01-09_01h11m02s,82,85,32
2017-02-24_15h03m08s,121,198,32
2019-05-07_21h22m27s,54,63,32
2024-02-23_07h04m04s,76,790,32
2024-04-24_18h42m51s,76,790,32
2020-05-21_17h07m47s,80,70,32
2025-03-28_01h03m30s,235,84,32
2020-08-24_21h55m49s,79,125,32
2019-01-04_00h50m49s,66,47,22
2021-07-26_19h50m11s,94,101,11
2023-03-30_17h18m47s,337,456,15
2018-06-14_22h24m01s,74,133,32
2022-09-24_00h14m50s,106,97,32
2022-10-26_21h35m21s,93,126,32
2025-07-07_13h57m22s,296,354,22
2017-08-03_18h26m57s,75,188,32
2023-01-25_02h39m43s,196,181,32
2021-12-15_22h31m08s,92,114,32
2024-10-21_09h40m49s,92,331,32
2020-07-10_23h06m21s,54,78,32
2023-11-07_22h09m23s,20,91,32
2021-12-17_18h11m49s,141,129,32
2020-07-10_23h05m50s,55,87,32
2025-10-24_00h01m38s,149,166,32
2025-04-30_00h28m23s,459,150,32
2025-10-10_09h33m05s,220,167,32
2021-05-04_21h20m32s,26,43,32
2025-12-03_13h58m32s,473,258,32
2022-01-06_23h30m42s,40,61,26
2019-06-07_00h09m51s,120,218,32
2020-03-20_18h39m54s,49,59,32
2018-09-14_22h24m28s,92,86,32
2025-03-28_01h07m46s,249,108,32
2023-07-17_12h44m07s,80,80,32
2024-02-15_22h26m06s,82,118,32
2025-06-30_15h02m12s,28,45,32
2024-02-15_22h06m56s,202,73,32
2023-06-05_19h15m35s,151,189,32
2022-05-23_14h28m02s,20,20,32
2021-08-16_23h23m08s,129,98,32
2020-01-14_23h33m56s,201,171,32
2023-07-12_15h42m21s,284,99,32
2019-10-02_23h14m03s,110,117,27
2023-09-20_20h50m29s,42,89,32
2021-01-12_08h50m55s,50,30,30
2025-07-07_13h17m11s,303,398,22
2022-11-08_22h55m51s,114,179,26
2025-05-20_03h25m44s,739,430,9
2019-04-30_17h48m44s,30,109,32
2024-07-11_21h28m27s,297,380,32
2019-05-31_22h44m54s,189,204,32
2023-08-30_08h56m56s,50,410,32
2023-02-21_20h03m57s,124,112,32
2019-01-25_20h35m11s,31,49,32
2021-06-15_22h44m14s,268,120,28
2021-06-14_18h39m41s,189,116,15
2025-03-28_01h02m54s,132,75,32
2023-04-02_18h23m22s,315,449,19
2019-10-01_21h13m37s,84,103,17
2023-08-22_00h46m14s,45,69,32
2020-12-09_21h57m28s,157,110,32
2022-07-13_21h28m34s,83,82,32
2023-01-25_03h21m37s,109,188,32
2020-01-06_22h04m12s,124,110,32
2020-01-06_22h02m51s,191,143,32
2022-09-24_00h13m14s,66,130,32
2025-10-02_23h49m32s,84,75,32
2024-04-29_11h38m48s,99,115,32
2019-07-17_18h16m01s,50,54,32
2023-10-13_05h30m07s,128,82,32
2025-03-28_01h04m14s,100,220,32
2023-10-24_05h00m50s,66,201,15
2018-08-01_13h32m35s,88,166,32
2018-08-01_14h27m24s,88,166,32
2018-08-01_14h27m50s,88,166,32
2018-08-01_14h28m11s,88,166,32
2022-11-22_03h08m01s,178,157,32
2021-09-30_11h26m36s,140,250,17
2023-06-19_10h46m24s,672,292,32
2024-02-19_06h16m33s,70,342,12
2024-11-16_00h46m40s,88,130,32
2020-09-21_23h02m25s,182,136,32
2025-03-28_01h05m39s,171,186,32
2025-03-28_01h02m40s,49,124,32
2021-06-30_20h07m15s,184,142,17
2021-04-26_20h42m54s,128,253,17
2024-02-19_13h17m22s,61,264,32
2024-04-24_04h39m35s,61,264,28
2019-07-12_13h33m25s,128,112,13
2021-03-12_18h37m44s,114,152,16
2023-01-25_02h40m14s,65,203,32
2021-02-04_21h16m42s,133,141,32
2023-08-21_21h37m38s,47,78,32
2025-06-24_01h09m57s,197,123,32
2024-01-29_19h29m15s,163,253,32
2023-11-07_22h11m04s,90,81,32
2024-10-03_20h18m08s,351,238,32
2022-12-05_12h03m57s,143,133,12
2018-12-14_16h34m31s,128,147,32
2021-02-04_21h51m17s,191,192,32
2021-02-10_22h40m23s,191,192,32
2019-11-07_21h33m10s,102,111,11
2019-08-21_22h45m50s,99,227,32
2025-12-04_20h25m47s,140,157,32
2019-09-05_21h18m10s,253,180,32
2022-10-27_22h04m24s,85,153,32
2024-02-15_22h17m42s,362,126,32
2020-07-07_23h47m41s,58,93,32
2021-09-26_18h15m09s,50,94,15
2023-02-28_21h16m45s,123,60,32
2022-11-22_03h09m59s,76,63,32
2024-08-27_13h52m43s,155,125,32
2021-06-30_20h06m19s,109,117,22
2024-05-31_22h10m03s,26,72,32
2023-10-24_00h12m33s,209,64,32
2023-01-25_03h42m21s,91,110,12
2023-05-23_14h57m19s,279,344,27
2022-01-10_19h24m54s,43,60,30
2022-12-21_10h54m32s,143,227,32
2023-10-09_14h42m48s,143,227,32
2020-03-20_18h39m19s,62,62,32
2025-11-04_17h11m56s,157,112,32
2024-05-20_20h48m12s,194,83,32
2022-06-09_18h54m23s,33,184,28
2026-01-18_22h19m43s,138,108,8
2020-01-13_22h56m28s,154,153,32
2025-04-10_17h46m31s,128,521,26
2020-01-16_02h57m54s,99,142,32
2019-01-25_20h24m22s,45,87,32
2023-06-15_16h46m32s,17,65,32
2021-07-26_19h50m43s,112,78,17
2025-05-20_07h30m41s,232,265,14
2025-11-21_21h53m15s,87,139,32
2024-08-09_23h32m00s,93,100,32
2023-10-09_14h47m40s,341,154,32
2021-05-11_23h56m03s,64,161,32
2025-11-17_10h30m59s,175,191,32
2025-03-29_00h27m53s,124,89,32
2025-01-09_15h58m34s,32,39,32
2020-01-06_23h13m42s,149,137,32
2021-06-30_20h07m00s,162,361,9
2021-06-15_23h19m43s,143,66,32
2022-11-22_03h09m11s,83,141,32
2019-09-05_22h17m40s,186,163,32
2022-11-07_17h28m38s,197,156,15
2018-08-01_10h42m06s,88,166,32
2018-08-01_11h03m42s,88,166,32
2024-02-15_22h23m27s,356,154,32
2023-06-12_16h53m43s,150,95,32
2023-10-26_04h44m47s,51,311,32
2025-01-13_22h42m38s,465,249,28
2016-11-22_02h04m47s,68,71,32
2023-06-21_12h17m23s,280,115,32
2025-03-29_00h20m55s,132,52,32
2023-02-21_14h46m43s,178,416,32
2021-04-12_22h13m20s,117,115,21
2020-01-09_19h06m59s,110,148,32
2019-12-01_18h19m02s,233,1233,32
2023-07-20_22h38m31s,53,84,32
2023-12-30_21h54m45s,51,516,30
2021-04-12_22h55m28s,113,107,18
2022-10-31_21h48m35s,114,161,32
2021-12-06_14h44m10s,51,55,32
2021-12-06_14h55m46s,51,55,32
2022-10-27_22h05m18s,158,649,32
2020-03-12_22h21m08s,90,66,32
2021-06-23_23h19m07s,88,73,32
2022-02-14_11h58m38s,860,608,32
2023-10-09_14h41m12s,181,359,14
2023-12-08_11h28m27s,85,44,32
2023-10-24_00h04m55s,40,72,32
2019-10-01_21h34m36s,74,97,23
2025-03-28_01h06m25s,197,96,32
2025-08-19_19h27m06s,26,40,32
2025-01-09_16h16m48s,38,42,32
2019-11-06_21h41m01s,117,209,20
2025-03-29_00h22m50s,140,69,32
2018-08-01_13h32m02s,118,142,32
2018-08-01_13h35m33s,118,142,32
2018-08-01_14h21m22s,118,142,32
2018-08-01_14h25m21s,118,142,32
2018-08-01_14h25m56s,118,142,32
2018-08-01_14h26m17s,118,142,32
2022-10-27_22h04m03s,148,170,32
2025-03-29_00h21m32s,143,72,32
2025-01-09_16h18m02s,36,39,32
2025-03-28_17h32m02s,98,88,32
2019-07-16_18h37m54s,98,28,10
2025-04-21_21h56m47s,259,88,32
2025-03-28_01h06m50s,236,130,32
2025-01-09_15h57m42s,42,38,32
2023-05-19_09h33m01s,300,198,32
2020-05-21_17h08m17s,81,74,32
2024-05-20_20h52m07s,155,167,32
2022-10-31_21h42m30s,205,152,24
2023-08-21_21h32m32s,51,81,32
2019-01-25_20h42m01s,22,53,32
2022-11-08_22h52m27s,130,196,20
2021-07-26_19h49m40s,125,93,21
2023-05-01_13h41m43s,294,391,28
2021-12-21_19h16m18s,135,72,32
2025-01-10_20h59m38s,55,102,32
2023-12-08_11h32m26s,84,48,32
2023-10-24_00h04m37s,65,52,32
2018-07-21_11h20m14s,110,197,32
2025-03-28_17h32m34s,135,86,32
2020-09-28_14h23m45s,50,30,32
2024-12-16_20h31m34s,71,78,32
2025-03-29_00h16m35s,69,101,32
2018-10-17_22h16m34s,187,110,32
2023-09-18_14h44m26s,1,338,32
2025-03-29_00h27m37s,127,86,32
2025-03-29_00h26m10s,131,90,32
2018-10-19_01h04m15s,70,84,20
2023-06-16_16h43m30s,137,133,32
2019-07-24_00h05m07s,125,117,32
2021-09-27_21h29m45s,117,150,32
2024-12-16_20h35m41s,92,87,32
2021-05-05_21h48m26s,192,77,32
2019-01-04_01h22m10s,55,67,24
2025-11-23_21h35m04s,61,130,32
2021-05-05_23h28m02s,111,35,32
2021-11-30_18h19m37s,29,130,32
2024-02-21_07h50m59s,117,238,32
2025-01-15_22h21m01s,283,132,32
2021-09-07_22h49m38s,48,56,32
2023-06-05_20h00m00s,140,145,32
2023-08-03_18h18m23s,88,86,32
2025-11-23_21h36m56s,500,240,32
2022-10-27_22h05m48s,110,124,32
2022-07-23_22h43m02s,165,192,8
2025-03-28_17h32m14s,137,87,32
2024-04-25_00h55m09s,90,127,32
2019-10-03_18h20m48s,219,300,32
2024-11-16_01h35m15s,163,63,32
2025-07-07_13h57m19s,319,427,20
2020-12-04_18h37m03s,126,132,32
2024-07-19_13h37m23s,333,452,25
2016-09-22_11h16m27s,206,108,32
2021-11-18_23h18m10s,29,37,32
2018-10-18_21h47m15s,55,59,16
2021-01-22_23h00m30s,100,125,32
2023-06-15_18h06m13s,111,174,32
2023-12-08_11h33m27s,77,51,26
2021-04-26_19h16m13s,79,184,15
2025-06-24_00h20m35s,120,149,32
2025-03-28_01h05m23s,136,192,32
2025-07-31_00h58m42s,88,147,32
2023-05-05_10h29m22s,165,205,32
2025-03-29_00h43m18s,98,162,32
2021-12-01_18h44m44s,304,115,25
2018-08-01_10h41m02s,118,142,32
2018-08-01_11h02m56s,118,142,32
2018-08-01_11h06m32s,118,142,32
2025-04-21_21h56m24s,234,101,32
2024-06-12_23h16m29s,187,188,32
2022-09-21_06h38m00s,49,80,32
2019-07-16_18h04m43s,61,55,32
2021-03-04_23h29m12s,147,68,32
2020-01-16_02h08m03s,142,171,32
2021-11-30_17h58m15s,104,68,27
2025-07-25_22h48m00s,80,65,32
2019-07-24_00h20m20s,137,337,32
2025-03-29_00h23m05s,113,82,32
2019-04-12_20h22m31s,190,191,29
2025-12-17_13h16m57s,141,4910,32
2025-07-23_00h51m10s,266,161,12
2023-02-28_21h17m08s,119,114,32
2023-10-24_00h05m47s,114,69,32
2025-12-16_23h23m29s,143,4910,32
2023-02-10_01h15m22s,108,112,32
2024-11-16_01h35m30s,201,104,32
2020-11-25_23h38m37s,229,106,25
2019-07-18_00h17m50s,38,104,31
2023-11-02_03h41m34s,96,313,22
2024-07-26_14h26m46s,353,467,29
2022-11-18_18h21m22s,150,121,17
2025-07-19_02h08m14s,82,104,11
2024-05-26_11h12m55s,86,118,32
2023-10-24_00h05m31s,120,66,32
2020-01-06_23h13m06s,166,195,32
2022-12-07_00h50m53s,34,39,32
2025-03-28_01h05m06s,223,106,32
2023-05-23_20h44m02s,178,177,32
2021-11-18_23h17m50s,29,29,32
2023-12-08_11h30m26s,83,45,32
2023-08-21_21h13m21s,43,84,32
2023-10-24_00h11m37s,100,71,32
2021-05-05_23h29m15s,181,137,32
2025-07-25_22h52m10s,179,78,32
2024-04-25_00h55m32s,121,122,32
2024-02-15_22h00m15s,77,69,32
2025-07-31_00h58m13s,116,135,32
2023-11-02_07h45m13s,61,202,28
2023-06-06_03h16m27s,225,155,32
2022-12-07_00h49m37s,34,32,32
2024-11-15_20h53m34s,82,190,32
2023-03-03_09h57m15s,150,188,32
2023-10-09_14h49m36s,150,188,32
2024-12-16_20h41m42s,93,76,32
2023-02-10_01h19m09s,111,96,32
2023-02-10_01h17m52s,96,130,32
2021-02-04_21h51m53s,142,131,25
2024-02-05_18h47m45s,187,306,32
2018-10-11_01h38m52s,76,131,32
2023-12-08_11h34m42s,80,54,22
2020-06-05_02h02m31s,89,57,32
2023-02-28_21h18m35s,59,145,32
2022-10-12_22h52m29s,33,155,32
2025-01-20_09h11m27s,394,343,32
2025-01-15_22h12m52s,105,70,32
2025-01-15_22h19m55s,240,102,32
2022-10-12_22h52m07s,92,245,32
2018-10-20_01h15m01s,55,59,32
2023-10-24_00h12m16s,265,55,32
2021-11-18_20h09m36s,32,30,32
2018-10-19_00h56m24s,55,59,17
2021-07-05_14h47m46s,113,80,32
2021-06-30_20h06m40s,116,117,20
2025-04-21_21h55m42s,255,66,32
2021-11-18_23h17m02s,22,26,32
2022-04-22_13h59m24s,82,64,32
2024-04-25_00h55m22s,115,140,32
2023-02-28_21h19m36s,121,80,32
2020-01-14_22h29m55s,171,149,32
2023-10-24_00h05m59s,88,67,32
2024-08-26_10h18m16s,85,67,32
2018-10-19_01h06m20s,41,41,32
2021-05-04_20h47m58s,83,31,32
2023-10-24_00h11m10s,101,156,32
2022-10-27_17h43m19s,26,286,32
2020-02-24_23h22m05s,186,155,32
2024-04-25_00h54m19s,117,119,32
2018-10-20_02h20m36s,53,45,32
2024-11-16_01h21m18s,62,96,32
2018-10-19_19h55m16s,53,45,30
2021-12-01_18h16m10s,261,90,29
2023-02-08_23h57m08s,104,122,32
2025-01-10_23h57m25s,80,181,32
2024-11-16_01h21m06s,77,82,32
2024-04-25_00h54m36s,167,98,32
2023-08-21_21h13m45s,78,47,32
2024-12-16_20h32m12s,84,78,32
2024-04-29_22h32m19s,87,275,32
2023-02-10_01h16m22s,71,129,32
2025-04-21_21h33m55s,192,78,32
2020-05-21_17h08m46s,64,68,32
2023-10-24_00h06m17s,183,54,32
2016-11-22_14h08m11s,196,196,23
2024-04-29_22h30m37s,190,202,32
2025-03-29_00h43m33s,145,91,32
2017-02-22_15h01m27s,200,200,32
2024-11-15_20h52m54s,168,126,32
2023-02-15_09h02m24s,213,198,32
2025-11-04_17h14m44s,154,133,32
2023-06-12_17h01m29s,140,184,32
2022-12-07_00h57m22s,28,43,32
2023-02-28_21h16m03s,122,57,32
2025-03-12_11h20m29s,70,82,32
2023-02-28_21h17m44s,134,70,32
2024-02-15_21h59m00s,179,83,32
2020-10-06_16h24m45s,50,30,14
2025-02-21_23h41m11s,120,120,10
2024-05-26_11h12m08s,99,93,32
2025-04-29_18h54m24s,231,97,32
2023-11-02_03h57m14s,66,201,21
2023-07-27_04h55m15s,360,365,32
2023-02-21_20h23m16s,155,102,32
2023-07-12_16h17m08s,132,167,32
2023-07-12_18h34m10s,132,167,32
2023-05-10_11h40m46s,312,379,21
2023-06-27_10h08m29s,280,115,21
2024-12-07_01h07m57s,80,84,32
2023-07-12_16h18m33s,132,167,32
2023-07-12_16h23m01s,132,167,32
2023-11-02_21h49m26s,346,298,32
2023-06-05_20h00m03s,154,135,32
2022-01-19_02h46m41s,112,102,32
2023-04-30_15h39m04s,304,394,27
2023-03-14_09h01m24s,119,235,32
2018-07-14_04h49m34s,42,47,32
2022-10-27_22h03m36s,181,142,32
2023-03-21_18h08m13s,349,457,9
2022-12-07_01h01m06s,60,44,32
2021-05-07_20h08m16s,70,51,20
2024-11-16_01h35m03s,135,130,32
2024-02-29_03h38m10s,74,815,24
2016-11-17_20h00m46s,33,37,32
2024-12-16_20h44m16s,174,104,32
2023-02-21_19h54m21s,99,100,32
2024-02-15_22h32m22s,152,91,32
2025-12-03_23h50m32s,64,258,32
2025-04-21_21h53m11s,220,63,32
2022-04-22_13h57m25s,183,85,32
2023-03-27_09h31m56s,75,291,32
2023-10-24_00h11m53s,57,162,32
2023-05-26_00h33m42s,385,335,32
2025-03-29_00h29m38s,178,114,32
2024-12-16_20h44m33s,153,121,32
2020-01-16_00h04m19s,172,147,32
2022-09-24_00h16m25s,124,104,32
2023-03-29_09h11m19s,91,295,32
2023-08-21_21h12m25s,55,63,32
2024-05-26_11h11m17s,96,105,32
2024-07-18_19h17m30s,417,410,32
2024-07-25_01h59m23s,417,410,32
2019-05-15_22h27m08s,138,137,32
2019-05-16_17h22m00s,138,137,32
2023-06-13_22h31m15s,147,126,32
2021-06-16_18h15m50s,140,106,19
2022-12-07_00h58m07s,50,52,32
2019-04-13_00h14m09s,225,185,32
2024-11-16_01h34m50s,53,179,32
2019-01-25_20h35m57s,49,35,32
2024-08-27_15h06m14s,45,55,32
2025-07-25_22h45m09s,147,64,32
2020-05-17_08h59m34s,284,379,32
2023-06-26_22h44m14s,170,111,32
2023-10-24_00h06m45s,120,93,32
2023-07-20_12h23m45s,60,60,32
2022-01-06_23h29m58s,42,58,32
2023-06-27_22h50m56s,133,108,32
2024-07-13_18h38m14s,338,424,32
2025-07-25_22h51m57s,130,55,32
2023-04-18_15h04m56s,283,418,20
2022-09-26_16h46m22s,268,406,13
2019-05-10_23h18m37s,194,236,32
2025-03-29_00h28m51s,96,158,32
2022-10-25_23h20m53s,131,157,25
2023-02-08_23h52m56s,87,114,32
2024-08-27_15h08m05s,42,46,32
2020-10-02_11h04m40s,94,88,32
2023-07-20_12h22m29s,60,60,32
2023-08-15_21h26m44s,203,139,28
2025-07-25_22h40m39s,45,185,32
2024-12-06_06h56m26s,49,84,32
2023-08-03_08h16m30s,113,344,32
2022-12-07_00h58m45s,50,58,32
2022-01-19_03h09m11s,91,161,32
2023-03-30_03h06m04s,42,66,32
2022-12-07_00h51m41s,38,35,32
2025-03-19_16h39m11s,150,163,32
2024-04-25_00h52m45s,57,119,32
2020-07-15_16h57m51s,91,82,32
2023-08-01_01h36m21s,50,46,32
2020-09-03_16h30m20s,118,280,11
2024-04-25_00h54m03s,119,83,32
2021-11-11_19h49m38s,117,162,27
2025-03-29_00h45m14s,103,169,32
2022-05-23_14h49m10s,10,10,32
2024-03-27_21h11m49s,274,78,32
2024-12-16_20h42m11s,94,93,32
2021-05-19_20h06m14s,103,117,9
2019-05-07_21h25m51s,82,71,32
2025-09-23_09h31m47s,400,155,18
2025-04-21_21h54m27s,234,99,32
2024-11-16_01h36m25s,78,270,32
2024-03-27_21h11m09s,311,83,32
2025-05-16_08h27m28s,562,211,25
2022-10-27_17h42m29s,123,139,19
2019-10-04_18h20m50s,258,296,32
2025-06-24_01h16m36s,122,184,32
2022-01-18_00h25m47s,108,136,32
2025-03-29_00h31m22s,87,200,32
2020-03-12_22h20m32s,91,60,32
2023-06-07_16h49m56s,250,249,32
2023-02-10_01h15m44s,92,102,32
2021-06-30_20h08m03s,150,182,25
2024-04-25_01h20m03s,136,113,32
2024-06-06_19h22m09s,109,193,32
2025-03-29_00h28m15s,137,113,32
2025-01-15_22h19m14s,285,138,32
2021-11-18_23h17m34s,21,27,32
2024-08-09_23h34m58s,103,87,32
2022-12-07_00h59m28s,29,30,32
2024-11-15_20h56m01s,173,246,32
2025-06-24_00h35m03s,177,160,32
2022-10-27_22h13m37s,151,202,23
2024-11-16_01h35m40s,199,42,32
2019-10-01_21h33m15s,74,114,9
2024-04-25_00h48m53s,113,184,32
2023-07-12_00h11m17s,130,298,32
2024-06-12_23h26m40s,398,182,25
2021-01-07_21h06m23s,158,183,13
2024-07-09_02h41m31s,123,156,32
2018-11-19_14h25m05s,250,250,16
2020-12-11_19h25m04s,87,55,32
2019-05-10_20h18m39s,133,133,32
2023-06-14_12h20m24s,346,458,16
2020-05-21_02h52m31s,72,64,32
2020-06-05_02h05m26s,78,66,32
2025-10-28_19h29m35s,107,93,32
2023-02-21_19h54m06s,110,129,32
2023-05-15_21h06m50s,89,155,32
2019-01-25_20h30m24s,82,131,32
2023-02-21_20h20m40s,144,234,32
2023-06-30_11h26m40s,232,159,32
2018-10-20_02h06m07s,70,84,32
2023-10-24_00h06m33s,188,196,32
2024-02-05_18h46m05s,182,324,32
2021-12-16_16h03m58s,65,50,32
2024-11-16_01h20m54s,59,75,32
2025-03-29_00h35m01s,151,70,32
2024-03-07_16h10m32s,17,76,32
2021-06-16_18h56m20s,168,114,13
2020-06-26_20h27m02s,14,16,32
2025-03-29_00h37m02s,140,104,32
2021-03-26_18h43m19s,73,42,32
2021-11-22_18h04m41s,50,30,10
2019-09-05_23h40m57s,73,72,32
2024-04-25_01h19m34s,123,121,32
2023-06-15_18h37m50s,57,36,32
2023-09-05_17h06m14s,386,379,32
2024-11-15_20h53m16s,153,142,32
2024-03-27_21h04m48s,123,150,32
2019-01-25_20h28m53s,44,86,32
2022-11-18_19h20m40s,105,181,32
2025-07-25_22h52m22s,196,59,32
2024-12-16_20h43m30s,146,59,32
2023-07-12_15h45m25s,321,76,32
2024-01-25_07h21m00s,63,149,32
2023-02-08_11h57m02s,151,242,32
2023-06-15_18h06m40s,115,183,32
2025-10-28_19h10m05s,91,95,32
2021-08-16_23h21m37s,75,106,32
2024-11-15_20h55m36s,173,156,32
2021-05-21_20h20m11s,137,109,32
2025-11-21_21h51m43s,48,81,32
2019-03-08_16h52m47s,55,96,23
2022-11-30_17h25m27s,46,73,20
2022-07-11_16h50m37s,199,398,32
2025-04-21_21h54m59s,232,110,32
2022-05-23_15h09m11s,10,10,32
2021-06-15_18h32m56s,220,129,13
2019-01-01_01h07m19s,83,56,20
2021-10-12_19h00m16s,134,169,32
2023-07-27_04h54m17s,370,355,32
2025-12-09_20h55m53s,390,535,32
2025-10-24_00h01m11s,181,81,32
2024-11-16_01h23m08s,104,126,32
2024-03-27_21h10m09s,269,89,32
2025-12-17_19h10m20s,162,79,32
2023-02-08_23h53m56s,99,106,32
2022-10-25_23h22m47s,119,149,19
2023-03-09_09h09m41s,151,281,32
2023-10-09_14h51m15s,151,281,32
2020-08-24_21h27m43s,98,128,32
2024-07-14_14h24m11s,352,459,29
2023-08-21_21h36m51s,56,42,32
2022-02-07_18h06m27s,66,60,32
2025-07-25_22h46m18s,67,198,32
2024-07-29_16h56m20s,298,436,32
2022-12-07_01h57m04s,145,117,32
2024-11-15_20h54m10s,85,182,32
2021-06-30_20h07m48s,118,137,22
2019-10-02_21h48m17s,49,116,9
2023-08-29_09h14m20s,1,338,32
2018-08-01_10h42m27s,99,158,32
2018-08-01_11h04m05s,99,158,32
2024-03-27_21h10m30s,330,104,32
2021-06-16_18h25m40s,97,66,17
2021-11-04_12h41m40s,60,145,32
2023-10-24_00h10m34s,112,61,32
2023-04-23_15h16m53s,323,417,16
2023-07-17_11h52m17s,80,80,32
2025-07-31_00h58m53s,49,81,32
2023-02-21_14h50m02s,339,230,32
2022-12-07_01h56m07s,141,58,32
2021-08-26_23h57m14s,86,61,32
2016-09-22_11h16m23s,76,220,32
2022-10-31_20h25m55s,283,275,13
2023-08-21_21h13m03s,57,67,32
2019-10-02_23h34m23s,106,91,8
2023-06-12_16h48m46s,146,108,32
2023-07-14_23h53m32s,61,44,32
2023-10-24_04h36m26s,96,313,14
2019-08-21_01h16m20s,131,322,32
2024-12-16_20h42m50s,119,62,32
2021-08-26_23h58m54s,98,79,20
2024-06-12_23h33m36s,300,313,32
2018-08-01_13h32m55s,99,158,32
2018-08-01_14h28m50s,99,158,32
2018-08-01_14h29m09s,99,158,32
2018-08-01_14h29m27s,99,158,32
2023-06-15_19h36m19s,61,80,32
2022-02-07_18h14m30s,68,77,32
2024-11-16_01h20m42s,19,54,32
2025-01-09_16h16m09s,30,43,32
2022-05-17_15h40m15s,914,1332,32
2024-11-16_01h23m43s,92,133,32
2024-04-25_01h38m16s,149,96,32
2024-07-09_21h11m29s,280,395,29
2025-04-21_21h52m48s,172,111,32
2024-12-16_20h43m09s,104,99,32
2023-02-21_20h15m38s,84,148,32
2024-11-15_20h54m50s,217,174,32
2026-01-12_15h09m01s,97,4842,32
2021-11-30_18h24m29s,48,134,32
2022-11-07_17h16m05s,150,209,29
2020-05-21_02h51m38s,65,57,32
2024-03-27_21h06m29s,146,75,32
2023-07-17_11h37m09s,80,80,32
2024-04-25_01h34m32s,105,108,32
2023-06-12_16h52m51s,96,146,32
2019-09-05_23h36m56s,196,199,32
2025-03-28_17h32m25s,150,62,32
2018-10-06_00h14m13s,99,78,16
2025-03-28_01h01m56s,133,102,32
2023-06-09_17h10m13s,23,74,32
2021-06-16_18h33m26s,94,81,32
2023-03-18_14h44m39s,337,452,10
2019-08-29_21h22m42s,72,176,14
2023-12-14_03h06m22s,373,76,32
2025-07-25_22h41m22s,179,67,32
2024-11-16_01h36m11s,185,46,32
2024-01-25_07h20m16s,135,101,32
2023-06-12_17h03m17s,146,172,32
2024-04-25_00h53m16s,85,128,32
2021-12-15_23h32m16s,199,127,16
2018-09-14_22h27m56s,82,84,32
2018-09-01_00h50m21s,74,61,32
2025-10-15_17h18m25s,181,243,19
2023-10-24_00h10m51s,165,88,32
2024-07-18_14h21m18s,318,445,24
2019-03-12_10h33m09s,81,58,32
2022-05-23_14h27m35s,20,20,32
2023-04-13_09h04m33s,94,381,32
2021-05-05_23h19m54s,106,33,32
2025-06-24_00h17m30s,149,142,32
2022-06-20_21h10m49s,20,20,32
2023-08-01_01h36m04s,52,36,32
2020-07-15_16h57m07s,103,122,32
2020-09-21_23h56m20s,179,121,32
2021-08-26_23h56m49s,79,71,32
2019-11-07_21h38m10s,132,218,24
2023-10-03_11h09m24s,200,140,32
2025-12-10_09h13m05s,293,853,32
2022-12-15_15h55m43s,88,67,24
2020-06-05_01h47m05s,61,86,32
2025-11-19_08h55m38s,162,1191,32
2019-10-01_21h35m33s,73,106,10
2021-12-16_15h57m43s,60,48,32
2021-11-18_20h09m21s,33,39,32
2020-06-05_01h33m21s,67,80,32
2019-05-16_21h34m34s,105,153,32
2024-11-15_21h01m47s,106,72,32
2024-04-29_22h39m17s,82,173,32
2019-11-07_21h07m38s,92,161,18
2021-03-24_15h26m36s,98,107,25
2024-12-16_20h43m53s,145,55,32
2025-10-28_19h10m46s,78,101,32
2022-02-07_18h05m58s,309,74,32
2024-03-27_21h09m34s,87,100,32
2022-12-07_01h59m02s,79,123,32
2024-11-16_01h35m55s,50,205,32
2023-11-07_22h10m04s,21,98,32
2025-01-29_16h26m40s,95,78,32
2025-07-25_22h47m10s,167,116,32
2025-11-19_12h33m47s,12,42,32
2022-11-08_22h50m58s,130,202,25
2023-04-24_13h35m38s,305,404,23
2025-07-25_22h45m34s,63,189,32
2023-08-21_21h01m17s,106,72,32
2022-11-08_22h41m33s,190,242,28
2023-04-14_14h06m36s,93,359,32
2023-02-10_11h47m46s,328,270,32
2023-10-09_14h49m10s,328,270,32
2023-06-23_16h24m34s,433,229,32
2024-01-25_07h20m37s,123,89,32
2022-05-23_14h40m53s,20,20,32
2025-03-29_00h42m40s,125,119,32
2020-03-12_22h19m39s,59,80,32
2019-05-07_21h14m39s,65,65,21
2024-04-02_18h43m59s,155,194,32
2021-08-26_23h59m30s,82,107,13
2025-03-25_22h20m47s,80,80,32
2023-10-24_00h11m18s,63,45,32
2024-04-29_22h32m58s,286,146,32
2024-12-07_00h33m42s,127,144,32
2024-01-25_07h19m55s,105,82,32
2023-04-18_16h32m19s,291,413,15
2025-04-10_14h53m38s,21,81,12
2025-07-31_00h57m40s,46,133,32
2019-07-23_22h38m31s,57,56,20
2025-03-12_11h21m26s,64,82,32
2018-07-13_06h11m18s,143,119,32
2024-03-27_21h05m57s,124,79,32
2022-01-06_23h31m13s,40,63,30
2021-06-23_23h26m19s,108,96,13
2023-12-12_09h44m46s,113,101,32
2024-04-25_01h09m56s,102,102,32
2023-04-24_22h39m50s,100,158,32
2021-05-07_19h45m53s,63,60,17
2024-04-25_01h10m33s,133,119,32
2018-10-10_13h51m24s,108,114,32
2022-10-12_18h12m04s,38,172,32
2018-10-19_01h14m02s,55,63,32
2021-05-19_20h01m23s,38,75,32
2020-07-15_16h59m27s,86,95,32
2023-02-10_01h04m40s,43,48,32
2023-09-20_20h54m41s,132,140,32
2020-05-29_20h35m53s,53,80,32
2024-04-25_00h49m24s,105,152,32
2020-06-05_01h46m38s,65,76,32
2025-04-30_23h22m04s,216,293,32
2024-04-25_01h39m15s,151,86,32
2021-05-04_21h28m32s,72,40,32
2025-12-06_04h58m54s,302,270,28
2023-08-31_21h50m47s,106,112,32
2020-06-05_01h17m54s,77,76,32
2021-06-30_20h08m22s,281,157,21
2021-02-04_14h37m14s,102,156,18
2022-10-12_22h53m20s,121,175,32
2024-05-31_22h12m50s,67,110,32
2023-08-22_00h43m23s,63,42,32
2023-04-18_14h39m01s,76,117,32
2025-01-10_23h26m55s,32,81,32
2024-08-27_13h56m24s,90,73,32
2021-03-12_19h10m41s,127,142,8
2023-08-23_08h57m23s,50,130,15
2024-04-02_18h49m17s,202,117,32
2019-08-29_20h22m07s,61,55,31
2023-06-12_16h51m55s,102,151,32
2025-03-29_00h36m30s,104,118,32
2019-05-03_22h56m56s,60,109,32
2022-04-22_14h00m05s,83,63,32
2025-12-09_21h52m52s,501,424,32
2020-03-12_22h20m05s,81,58,32
2021-05-07_19h24m28s,133,133,16
2022-04-22_13h58m27s,113,56,32
2025-11-20_06h30m09s,102,215,32
2025-01-09_15h54m29s,22,71,32
2022-10-26_22h47m54s,176,93,32
2022-03-22_16h26m12s,107,109,32
2025-12-09_19h24m23s,408,532,32
2024-10-31_15h04m51s,10,13,32
2022-05-30_19h17m45s,200,200,23
2024-03-27_21h08m01s,118,67,32
2023-08-21_21h07m24s,34,57,32
2023-06-09_23h42m56s,119,92,32
2023-12-12_09h44m57s,73,94,32
2018-10-20_05h12m09s,54,61,26
2020-06-05_02h02m02s,53,73,32
2024-06-06_19h08m24s,181,198,32
2024-04-25_00h46m13s,108,176,32
2020-07-15_16h56m26s,95,85,32
2023-05-12_11h52m17s,107,271,32
2023-05-15_20h29m41s,107,271,32
2024-11-15_21h01m31s,107,53,32
2023-10-18_03h50m36s,114,110,32
2021-08-16_23h21m12s,125,95,32
2020-06-05_01h19m50s,67,77,32
2025-07-09_21h24m58s,195,169,32
2021-12-09_23h53m39s,101,63,32
2022-03-08_16h44m33s,693,458,32
2025-03-18_01h50m20s,80,80,32
2025-07-25_22h47m45s,191,74,32
2024-04-10_02h36m38s,290,233,32
2024-06-06_19h01m37s,222,103,32
2023-08-22_00h44m08s,42,49,32
2024-11-16_00h58m25s,127,96,32
2022-03-01_14h14m00s,81,83,32
2022-03-04_11h13m43s,707,467,32
2023-08-03_18h18m38s,62,82,32
2024-04-25_01h10m15s,120,146,32
2024-04-29_22h41m14s,163,75,32
2020-06-05_00h52m35s,64,83,32
2022-10-12_21h41m54s,121,206,32
2025-03-29_00h35m16s,162,85,32
2023-05-23_20h45m27s,186,84,32
2023-08-21_21h10m38s,79,52,32
2023-05-10_20h44m19s,156,511,32
2019-07-17_18h19m39s,51,66,32
2024-12-16_20h41m57s,95,45,32
2024-04-25_01h19m02s,59,156,32
2017-02-24_13h22m14s,123,201,32
2024-03-27_21h12m40s,129,39,32
2023-04-24_22h31m55s,113,136,10
2018-08-26_17h16m21s,60,60,16
2020-01-23_21h59m06s,176,131,32
2022-10-31_20h44m32s,175,554,32
2023-12-12_09h44m03s,168,111,32
2019-01-25_20h39m19s,45,95,32
2023-02-21_10h22m22s,349,165,32
2023-08-22_00h43m44s,48,31,32
2022-03-30_19h29m56s,241,343,32
2023-06-26_22h44m44s,62,96,32
2026-01-18_22h16m51s,19,58,26
2023-09-26_18h24m34s,200,130,32
2024-05-20_20h33m35s,67,124,32
2022-01-06_23h35m16s,125,92,19
2022-11-08_22h54m27s,133,164,22
2020-09-03_09h05m00s,118,280,11
2020-09-03_09h45m19s,118,280,11
2022-05-23_14h47m32s,20,20,32
2022-12-12_09h28m41s,222,218,32
2023-07-13_18h23m19s,380,345,32
2023-07-17_12h44m04s,80,80,32
2025-05-16_08h21m35s,412,299,24
2023-03-17_09h20m45s,172,219,32
2025-10-28_19h30m34s,80,135,32
2023-02-20_14h20m20s,160,205,32
2023-10-09_14h48m26s,160,205,32
2023-10-23_23h56m07s,174,63,32
2019-10-02_23h18m22s,125,115,32
2024-02-21_07h52m31s,96,228,32
2024-04-25_00h45m33s,90,165,32
2021-08-27_00h01m23s,122,118,17
2024-04-25_01h09m25s,107,107,32
2023-03-30_03h06m35s,20,20,32
2025-11-19_09h43m17s,13,39,32
2024-02-21_07h54m20s,64,165,32
2017-11-08_17h05m33s,140,280,32
2024-01-05_03h30m38s,174,169,32
2021-05-04_21h07m55s,28,34,32
2023-12-01_17h30m01s,169,82,32
2023-12-12_10h06m13s,167,75,32
2023-02-21_15h07m37s,141,176,18
2023-08-22_00h46m59s,79,64,32
2023-12-14_03h05m48s,298,87,32
2022-11-21_21h19m37s,161,334,32
2024-03-07_16h16m32s,44,31,32
2024-04-25_01h15m52s,79,180,32
2019-10-07_18h11m03s,101,79,10
2023-05-02_13h15m54s,81,124,32
2023-10-18_03h48m23s,90,96,32
2019-09-05_23h41m03s,72,84,30
2024-08-13_23h32m01s,168,200,32
2023-05-02_13h16m44s,70,124,32
2022-11-08_22h57m04s,27,168,32
2020-06-05_00h59m29s,64,76,32
2019-12-27_22h02m03s,127,109,32
2024-12-06_06h56m13s,16,60,32
2025-01-15_22h41m30s,273,133,32
2023-06-12_16h41m35s,125,123,32
2024-07-26_16h33m42s,273,336,32
2022-10-12_22h54m20s,148,156,17
2022-12-07_01h02m53s,35,55,32
2024-04-29_22h34m10s,103,72,32
2021-12-16_20h39m54s,52,33,32
2022-07-13_21h29m52s,137,81,32
2020-05-21_02h49m46s,73,70,29
2022-12-07_00h52m55s,54,28,32
2022-11-18_19h51m02s,135,261,14
2023-07-18_11h56m13s,60,60,32
2018-05-15_22h50m35s,84,217,15
2019-05-31_20h33m44s,139,118,32
2023-06-08_04h01m22s,16,52,32
2025-07-19_02h12m09s,160,95,23
2025-01-15_22h13m30s,125,81,32
2021-09-09_19h42m37s,189,108,32
2020-05-29_20h44m07s,71,85,32
2025-05-08_13h08m38s,50,59,32
2023-10-24_00h01m43s,90,42,32
2026-01-08_16h12m47s,33,194,32
2023-08-31_21h51m28s,134,294,32
2023-07-17_12h39m29s,80,80,32
2020-05-29_22h04m44s,68,84,32
2019-07-17_19h05m45s,22,15,11
2021-05-19_20h04m43s,73,82,16
2021-04-26_19h43m06s,91,182,18
2019-12-27_20h38m49s,127,109,32
2023-08-11_01h46m25s,169,101,27
2023-08-11_01h56m50s,169,101,27
2023-08-31_21h47m42s,64,144,32
2021-12-06_16h54m27s,155,117,32
2024-04-29_22h40m50s,179,88,32
2023-03-30_03h06m22s,20,20,32
2023-07-26_23h31m14s,380,345,32
2023-07-17_11h55m19s,80,80,32
2020-01-23_21h23m22s,189,176,32
2024-01-25_07h22m17s,161,75,32
2023-12-12_10h07m02s,175,82,32
2023-05-23_06h41m02s,380,345,17
2023-08-11_19h24m36s,169,101,17
2025-03-29_00h36m12s,73,146,32
2024-04-25_00h53m43s,124,63,32
2025-07-25_17h05m18s,267,238,28
2024-11-16_01h23m31s,123,91,32
2024-04-25_01h15m29s,81,174,32
2023-12-12_10h06m03s,162,80,32
2019-06-06_21h53m08s,187,218,32
2022-01-13_22h49m28s,192,221,22
2020-06-05_01h14m10s,61,73,32
2024-11-16_01h34m37s,103,137,32
2020-07-15_16h55m42s,61,93,32
2024-04-25_00h46m31s,151,93,32
2023-02-10_01h19m34s,59,175,32
2023-08-31_21h50m18s,47,135,32
2020-07-10_22h06m25s,55,89,32
2024-04-25_00h52m15s,96,95,32
2023-12-12_09h44m19s,175,85,32
2021-07-19_20h27m50s,155,204,11
2025-01-15_22h18m07s,65,117,32
2018-06-29_05h34m01s,120,121,32
2023-12-12_10h05m43s,93,163,32
2023-12-12_10h06m32s,166,83,32
2021-09-09_22h11m35s,98,109,32
2025-04-21_21h41m41s,29,82,32
2023-07-12_15h46m55s,125,100,32
2021-06-15_22h49m33s,157,141,32
2021-05-07_19h15m57s,79,79,28
2025-05-16_08h19m15s,1021,302,23
2025-03-29_00h36m41s,99,86,32
2025-03-29_00h35m47s,128,100,32
2023-05-08_09h47m18s,169,199,11
2023-12-08_14h04m13s,45,45,32
2024-04-25_01h13m53s,240,84,32
2021-01-22_21h44m45s,100,125,23
2018-10-20_02h00m04s,54,61,32
2024-07-11_15h38m33s,337,458,25
2017-08-11_07h59m58s,111,367,32
2021-11-11_17h53m06s,160,180,32
2023-08-21_21h41m19s,34,61,32
2025-07-25_22h51m14s,190,86,32
2023-07-17_17h36m49s,60,60,32
2023-10-23_23h59m04s,211,110,32
2024-04-25_01h34m16s,141,114,32
2025-01-15_22h18m39s,120,65,32
2023-04-06_10h05m21s,255,323,22
2023-07-20_22h39m40s,44,109,32
2016-11-18_15h16m42s,40,83,32
2025-09-24_18h45m37s,108,121,15
2021-05-19_20h07m08s,107,169,18
2023-07-27_04h52m28s,360,335,32
2021-06-23_23h19m59s,101,93,25
2023-08-21_20h59m31s,60,55,32
2022-01-31_18h58m59s,20,20,24
2021-11-18_20h10m13s,38,41,32
2022-06-09_18h59m11s,92,68,32
2019-10-25_00h00m33s,121,121,32
2021-01-22_21h03m20s,100,125,23
2022-03-22_17h23m47s,103,84,32
2025-12-10_15h27m01s,383,511,32
2020-03-12_22h21m35s,77,72,32
2022-06-11_22h33m32s,148,103,32
2024-11-16_01h07m28s,83,170,32
2023-12-12_09h43m45s,157,88,32
2024-06-06_19h26m13s,137,252,32
2025-07-25_22h49m29s,185,53,32
2020-05-29_20h39m56s,76,55,32
2019-03-19_17h21m15s,135,79,16
2023-07-14_16h56m54s,380,345,32
2023-07-17_11h37m14s,80,80,32
2025-12-10_18h51m36s,408,532,32
2022-01-06_23h32m29s,77,113,32
2022-07-07_09h50m07s,40,64,32
2019-01-25_20h27m23s,48,83,32
2019-07-12_13h29m30s,152,113,32
2025-03-29_00h34m20s,88,71,32
2022-05-23_14h48m18s,20,20,32
2019-05-15_13h35m05s,26,252,11
2023-03-10_13h38m15s,52,171,32
2025-01-15_22h42m04s,111,271,32
2019-01-25_20h30m55s,32,42,32
2024-04-25_01h39m44s,105,121,32
2021-03-25_23h14m53s,146,61,32
2021-05-17_22h58m06s,119,222,21
2019-07-17_18h46m28s,68,55,32
2023-08-21_21h38m09s,53,67,32
2018-10-10_16h26m00s,74,77,32
2021-11-22_18h47m36s,50,30,23
2020-06-05_00h55m17s,53,70,32
2023-08-21_21h12m02s,68,57,32
2023-02-10_01h20m48s,85,79,32
2025-07-31_00h57m51s,26,65,32
2023-08-03_02h09m53s,49,49,32
2024-04-25_00h43m17s,151,122,32
2022-04-22_13h53m22s,94,55,32
2023-12-14_03h04m20s,283,58,32
2024-01-31_08h29m02s,86,87,32
2024-08-10_00h31m07s,191,80,32
2023-12-08_11h35m33s,85,41,23
2025-10-15_18h32m32s,172,225,32
2023-07-17_11h38m33s,80,80,32
2021-06-15_22h25m36s,133,83,32
2025-01-15_22h16m51s,87,59,32
2023-04-26_11h34m56s,140,281,32
2023-10-02_17h16m22s,925,750,32
2020-08-28_22h10m30s,104,97,32
2025-06-23_09h10m02s,142,174,32
2024-08-10_00h31m11s,194,91,32
2018-07-21_11h24m16s,118,149,32
2022-12-07_01h54m19s,83,69,32
2025-04-21_21h41m30s,61,46,32
2025-07-22_01h17m05s,178,126,9
2022-08-24_00h20m06s,102,75,32
2021-05-05_23h20m26s,45,89,32
2022-06-25_19h59m52s,16,285,32
2019-06-25_22h49m14s,219,206,32
2022-06-11_22h34m57s,166,90,31
2023-07-12_15h43m31s,325,90,24
2020-07-15_16h55m05s,88,77,32
2022-07-07_09h49m42s,40,64,32
2022-11-18_19h57m36s,112,217,32
2020-08-28_22h18m01s,100,108,32
2025-10-28_19h30m47s,40,121,32
2021-07-19_20h25m39s,176,240,32
2022-01-17_22h44m46s,138,114,32
2025-07-25_22h51m34s,184,65,32
2025-01-09_16h00m29s,30,40,32
2025-03-18_09h12m16s,193,302,32
2025-09-15_21h35m15s,230,255,13
2022-11-18_19h43m55s,157,99,32
2024-03-07_16h10m41s,85,19,32
2025-05-16_08h23m47s,717,380,32
2025-01-15_22h17m08s,135,78,32
2020-05-21_02h48m51s,58,79,32
2026-01-08_16h00m39s,127,180,32
2022-10-26_22h52m51s,102,186,32
2024-06-06_18h57m58s,207,139,32
2022-10-12_22h55m09s,135,193,29
2025-05-16_08h26m45s,318,178,32
2023-07-17_11h37m44s,80,80,32
2023-06-15_19h36m41s,92,64,32
2024-01-25_07h22m42s,170,77,32
2019-07-17_18h53m04s,73,62,32
2022-11-18_20h04m21s,140,231,32
2025-01-09_16h17m13s,32,44,32
2020-11-16_10h33m20s,104,103,32
2018-07-13_05h03m14s,74,241,32
2023-07-17_12h45m38s,80,80,32
2019-05-15_23h06m40s,104,161,32
2023-12-04_13h59m11s,654,1495,9
2024-01-25_07h24m55s,159,84,32
2021-05-05_22h21m56s,195,99,32
2023-04-25_14h33m01s,296,409,15
2022-07-07_11h49m23s,40,64,32
2020-05-29_22h03m55s,67,89,32
2025-10-14_11h46m31s,199,190,32
2022-11-08_22h38m21s,126,204,24
2022-12-07_01h53m57s,44,72,32
2022-11-21_21h55m59s,171,365,32
2022-01-06_23h34m13s,129,79,21
2025-04-21_22h20m00s,61,49,32
2023-07-05_22h19m32s,246,296,32
2023-07-21_16h56m10s,101,357,32
2020-10-15_15h44m20s,50,30,27
2024-07-20_13h16m22s,288,383,32
2024-04-25_00h46m01s,169,93,32
2025-07-01_19h15m43s,612,472,32
2024-04-25_00h51m26s,97,53,32
2025-07-25_22h50m50s,165,55,32
2023-08-21_21h11m42s,78,45,32
2024-04-25_01h10m59s,217,161,32
2019-07-23_22h34m38s,128,353,32
2019-12-27_20h42m26s,126,126,32
2023-08-03_02h04m35s,129,92,32
2022-02-24_20h58m45s,135,160,15
2023-08-22_00h47m18s,73,54,32
2020-07-07_23h29m46s,44,73,32
2024-03-27_21h12m19s,129,79,32
2025-11-19_01h38m13s,129,79,32
2023-06-15_19h37m06s,68,73,32
2022-03-13_16h32m25s,84,111,19
2021-06-23_23h22m18s,237,182,32
2023-08-22_00h44m53s,81,48,32
2022-10-26_22h48m50s,182,126,32
2019-09-11_23h46m54s,106,210,32
2019-07-12_13h34m19s,152,115,13
2024-04-02_18h44m50s,196,139,32
2023-12-14_03h04m40s,277,77,32
2022-01-06_23h30m19s,42,54,30
2023-07-14_16h57m39s,380,345,32
2021-11-11_11h49m37s,107,275,32
2025-10-15_12h45m58s,135,201,32
2023-04-06_09h32m12s,255,323,24
2024-04-02_18h45m20s,160,198,32
2023-04-19_09h49m38s,89,293,32
2018-10-29_11h02m58s,80,80,32
2024-04-25_01h11m25s,208,125,32
2024-08-26_10h15m22s,166,137,32
2024-02-21_07h48m49s,154,151,32
2019-11-12_21h24m41s,120,47,14
2024-02-16_08h44m28s,86,220,17
2018-10-06_02h51m57s,167,120,32
2023-08-21_21h10m27s,61,66,32
2024-03-07_16h36m45s,20,73,32
2021-11-18_20h09m55s,27,32,32
2023-03-15_09h30m03s,138,179,32
2023-10-09_14h52m21s,138,179,32
2020-01-23_23h04m17s,218,193,32
2024-04-02_18h48m50s,128,191,32
2023-06-12_16h56m14s,104,182,32
2024-04-25_00h36m33s,131,139,32
2023-05-16_13h19m01s,301,350,20
2018-08-01_13h31m46s,134,111,32
2018-08-01_13h35m16s,134,111,32
2018-08-01_14h21m02s,134,111,32
2018-08-01_14h24m14s,134,111,32
2018-08-01_14h24m33s,134,111,32
2018-08-01_14h24m55s,134,111,32
2020-12-01_22h59m24s,155,191,32
2025-01-09_16h14m20s,23,73,32
2024-11-16_01h09m13s,36,26,32
2022-12-07_02h13m50s,74,84,32
2019-11-07_21h32m07s,102,80,11
2026-01-08_10h06m01s,293,180,32
2023-10-24_00h01m23s,134,84,32
2025-01-09_02h39m32s,100,131,32
2023-12-12_09h43m19s,115,94,32
2021-07-14_18h42m21s,146,127,14
2022-01-06_23h29m37s,35,49,32
2022-12-13_09h34m49s,335,430,17
2020-11-16_11h13m38s,61,64,32
2023-06-08_17h11m16s,16,55,32
2023-09-21_18h37m54s,230,197,32
2022-07-11_16h49m49s,111,298,32
2023-07-10_03h21m10s,380,345,32
2021-03-26_18h42m28s,133,104,32
2024-04-25_01h40m07s,165,84,32
2021-11-04_12h13m03s,72,139,32
2024-06-06_18h32m13s,130,211,32
2019-08-29_22h27m02s,55,55,17
2023-05-03_11h49m47s,55,122,32
2019-09-05_21h58m55s,249,184,32
2023-06-12_16h44m50s,131,111,32
2020-07-07_23h30m35s,55,79,32
2023-08-21_21h30m47s,86,67,32
2019-05-23_20h46m30s,203,176,32
2025-07-25_22h52m40s,41,94,32
2025-03-25_22h22m30s,80,80,32
2024-01-25_07h16m49s,160,133,32
2020-09-20_01h24m25s,251,323,32
2022-06-09_18h55m40s,105,63,32
2021-06-23_23h24m26s,228,173,32
2025-10-09_14h05m58s,160,150,10
2022-12-07_02h08m52s,71,82,32
2023-06-26_22h46m34s,90,76,32
2024-04-25_00h45m18s,176,85,32
2024-03-01_01h50m28s,147,157,32
2021-06-16_20h39m30s,109,79,13
2024-01-25_07h21m27s,147,74,32
2019-10-07_19h34m18s,54,114,9
2021-09-11_19h49m51s,240,130,32
2024-02-11_05h45m57s,95,133,32
2020-11-29_20h27m30s,45,82,32
2026-01-08_02h21m25s,417,317,30
2023-02-10_01h20m26s,88,164,32
2024-01-25_07h17m16s,167,102,32
2021-04-15_10h29m36s,50,30,11
2023-08-21_21h11m04s,73,37,32
2022-01-06_23h33m23s,129,82,22
2023-03-08_20h21m57s,395,320,8
2023-08-31_21h50m27s,59,57,32
2023-06-27_00h29m03s,224,126,32
2020-05-29_22h04m18s,37,81,32
2018-07-31_14h53m00s,134,111,32
2018-08-01_10h40m36s,134,111,32
2018-08-01_11h02m38s,134,111,32
2018-08-01_11h05m56s,134,111,32
2020-07-07_23h34m13s,50,78,32
2018-10-20_22h34m04s,54,61,32
2024-11-16_01h07m44s,146,60,32
2023-07-12_15h48m48s,118,140,32
2023-08-01_01h42m44s,105,89,32
2022-10-26_22h25m50s,107,103,32
2024-04-25_01h03m19s,126,150,32
2024-04-29_22h48m23s,89,153,32
2019-11-12_17h15m55s,270,170,16
2025-10-02_23h50m06s,77,73,32
2023-03-09_18h28m41s,364,340,8
2024-04-29_22h27m33s,118,84,32
2024-08-10_00h31m15s,201,73,32
2023-10-04_15h59m19s,30,36,32
2020-07-07_23h55m45s,65,92,32
2022-05-23_14h46m46s,20,20,32
2024-02-11_05h46m51s,130,158,32
2016-11-18_15h15m24s,49,72,32
2024-06-12_22h43m11s,81,69,32
2023-01-25_02h40m52s,149,176,32
2019-10-07_19h25m33s,51,95,10
2024-04-25_01h11m55s,128,239,32
2022-06-11_22h46m38s,75,243,32
2022-10-31_21h51m33s,163,238,8
2021-11-24_11h05m17s,20,20,21
2023-01-19_18h41m55s,103,98,32
2024-04-25_01h14m47s,140,49,32
2025-12-19_21h52m37s,577,369,32
2019-08-29_22h31m26s,33,46,25
2023-07-17_11h56m28s,80,80,32
2025-07-25_22h52m52s,82,118,32
2019-09-06_21h31m18s,153,196,32
2023-02-21_14h48m04s,157,175,32
2025-01-15_22h14m00s,113,75,32
2024-02-11_05h46m32s,176,162,32
2021-05-27_22h31m50s,104,147,19
2022-12-07_02h13m20s,88,88,32
2023-05-07_16h51m58s,385,325,32
2023-01-19_18h36m46s,45,115,32
2023-07-09_23h18m49s,365,305,32
2022-06-11_22h38m49s,98,90,32
2023-01-17_22h26m24s,321,254,32
2018-12-31_20h58m24s,54,55,8
2024-04-25_01h04m51s,103,128,32
2021-07-14_18h43m39s,104,121,10
2019-07-16_18h25m10s,51,50,8
2022-07-16_07h47m31s,265,139,15
2023-12-12_10h16m27s,117,127,32
2023-01-19_18h43m55s,94,116,32
2025-01-15_22h38m30s,126,81,32
2021-08-27_00h00m15s,100,87,18
2024-01-25_07h16m26s,141,66,32
2025-03-29_00h34m03s,36,60,32
2024-11-16_01h09m41s,71,86,32
2018-11-05_14h53m01s,30,431,20
2023-04-04_07h50m38s,311,276,32
2024-11-16_01h08m29s,235,42,32
2024-04-25_00h51m41s,81,77,32
2022-06-20_21h13m02s,20,20,32
2023-08-03_02h08m40s,105,41,32
2023-07-17_12h38m45s,80,80,32
2019-01-25_20h37m16s,31,34,32
2024-05-22_12h09m54s,298,327,21
2022-11-30_17h27m25s,22,39,32
2022-02-24_20h57m29s,149,140,17
2023-02-10_01h19m46s,128,67,32
2023-06-06_03h30m59s,18,109,32
2019-07-17_18h39m42s,78,50,32
2023-10-24_06h20m24s,61,202,16
2023-02-28_09h38m11s,79,261,32
2021-05-17_22h13m39s,113,204,18
2023-08-22_00h47m53s,69,44,32
2024-12-07_01h07m59s,85,90,32
2021-05-05_23h52m40s,189,59,32
2018-10-10_16h25m24s,74,77,32
2022-03-02_09h12m28s,82,108,32
2022-07-11_16h07m45s,318,643,32
2025-03-18_01h50m33s,80,80,32
2024-11-16_01h10m05s,42,42,32
2024-06-12_22h47m29s,56,97,32
2018-10-06_00h45m03s,87,84,15
2025-01-15_22h24m12s,44,97,32
2023-08-03_02h08m23s,91,51,32
2020-10-08_20h37m32s,78,86,15
2023-07-17_12h42m47s,80,80,32
2025-04-21_00h19m24s,287,99,32
2023-04-05_19h41m03s,370,315,14
2025-03-19_16h45m41s,149,166,32
2023-01-19_18h42m51s,67,114,32
2025-04-29_02h18m30s,100,108,15
2023-03-22_09h05m41s,89,324,32
2024-07-17_11h50m12s,310,454,32
2023-07-18_11h53m52s,60,60,32
2023-07-18_11h54m33s,60,60,32
2023-06-07_05h04m14s,166,166,32
2023-06-27_00h29m31s,197,147,32
2021-12-16_16h05m40s,45,70,32
2025-04-21_00h23m16s,267,90,32
2025-07-25_22h50m26s,40,185,32
2023-10-24_00h00m39s,47,75,32
2019-01-25_20h37m56s,30,48,32
2025-09-24_18h47m59s,102,110,32
2021-06-16_18h48m18s,165,114,11
2019-08-02_00h07m33s,108,89,32
2024-04-29_22h43m26s,85,188,32
2022-07-23_22h56m03s,175,211,30
2024-10-11_16h27m46s,57,462,32
2025-01-15_22h39m00s,133,80,32
2025-05-27_23h45m06s,253,247,25
2023-04-26_13h48m53s,303,403,15
2025-07-25_22h50m39s,191,78,32
2024-10-10_09h05m36s,109,404,32
2019-06-12_04h01m43s,248,749,9
2023-12-12_09h47m58s,163,102,32
2024-01-31_08h30m01s,161,174,32
2022-10-31_20h18m40s,198,186,32
2024-04-29_22h23m10s,191,163,32
2024-03-07_16h16m15s,48,30,32
2022-06-09_19h02m47s,86,120,32
2019-09-12_00h13m11s,173,306,32
2023-05-12_15h13m22s,177,319,32
2025-01-15_22h15m57s,122,79,32
2023-10-04_15h58m41s,33,48,32
2017-03-10_22h38m59s,30,40,32
2024-12-16_20h23m55s,207,104,32
2022-07-16_08h05m26s,183,216,25
2022-03-10_02h44m37s,39,24,32
2023-10-04_16h03m43s,18,47,32
2023-06-07_20h51m49s,250,250,32
2019-10-04_18h04m43s,185,166,32
2022-06-11_22h26m09s,92,46,32
2024-04-29_22h51m32s,72,216,32
2024-12-16_20h23m17s,180,85,32
2016-11-17_18h04m24s,39,68,32
2020-08-28_22h26m39s,106,117,32
2018-09-15_23h07m35s,132,107,12
2023-10-18_03h49m18s,111,97,32
2020-06-18_00h29m19s,65,51,32
2023-06-09_23h44m48s,38,144,32
2024-04-25_01h03m03s,160,103,32
2021-05-27_22h34m32s,73,54,15
2019-07-16_17h42m22s,56,47,32
2025-01-15_22h37m33s,117,83,32
2023-07-17_11h38m08s,80,80,32
2025-12-18_21h11m29s,674,581,32
2021-12-16_19h42m21s,52,58,32
2022-12-01_19h17m24s,82,129,32
2024-11-16_01h08m45s,195,52,32
2024-04-25_01h05m55s,153,90,32
2020-06-15_22h11m57s,65,74,32
2025-03-28_17h35m36s,174,157,32
2025-01-15_22h38m15s,56,115,32
2018-07-14_04h47m52s,84,99,32
2024-10-08_23h45m06s,50,247,32
2018-12-31_22h53m27s,53,46,16
2019-03-28_18h03m06s,202,137,9
2021-05-21_20h16m39s,94,146,16
2023-10-23_23h55m47s,121,79,32
2023-08-03_02h08m53s,97,39,32
2021-12-14_21h48m57s,82,75,11
2025-01-15_22h38m03s,121,49,32
2024-06-06_19h03m38s,116,224,32
2025-04-21_23h40m37s,154,156,32
2024-11-16_01h09m01s,61,70,32
2025-07-31_00h59m59s,309,143,32
2024-04-25_00h56m23s,127,76,32
2024-04-29_22h23m34s,186,156,32
2023-07-17_11h38m12s,80,80,32
2025-07-31_01h00m46s,82,287,32
2024-12-16_20h23m35s,178,144,32
2024-11-16_01h07m15s,184,69,32
2023-12-12_10h05m27s,176,70,32
2024-11-16_01h00m06s,198,62,32
2020-10-15_17h41m49s,50,30,22
2020-08-28_22h38m52s,103,112,30
2022-10-25_23h21m33s,161,146,17
2023-02-10_01h21m09s,139,90,32
2024-04-29_22h26m36s,288,107,32
2026-01-08_16h12m17s,22,87,32
2024-11-16_01h04m21s,134,171,32
2017-02-24_15h00m54s,125,195,30
2024-05-31_22h16m12s,64,130,32
2021-05-19_20h10m58s,138,83,32
2023-12-12_23h13m40s,95,142,32
2018-10-05_00h41m00s,86,76,24
2023-06-15_18h37m21s,56,59,32
2022-12-01_19h18m05s,104,96,32
2023-06-15_18h29m50s,169,175,32
2024-02-11_05h45m41s,119,127,31
2019-09-12_19h43m40s,159,304,32
2023-12-12_10h04m22s,157,60,32
2023-10-23_23h57m13s,200,211,32
2021-09-07_22h51m34s,63,103,32
2023-07-27_08h46m50s,135,381,32
2023-05-07_16h45m33s,350,330,19
2023-12-12_22h44m56s,167,219,32
2024-12-16_20h24m17s,148,128,32
2023-05-23_06h42m56s,380,335,29
2023-07-17_12h41m33s,80,80,32
2023-08-03_02h05m19s,140,44,32
2019-01-25_20h31m09s,42,60,32
2023-12-12_10h05m03s,209,74,32
2020-06-15_21h42m43s,58,52,32
2023-08-22_00h46m38s,67,41,32
2023-06-27_00h28m49s,200,127,32
2019-01-01_01h00m29s,209,152,28
2023-04-18_16h09m14s,78,99,32
2024-11-16_01h07m59s,167,63,32
2023-07-07_08h48m35s,170,380,32
2024-06-12_22h56m10s,258,109,32
2022-10-25_23h18m21s,124,132,26
2024-11-21_15h41m14s,290,284,32
2023-09-05_16h12m30s,385,462,32
2022-12-07_02h09m41s,56,85,32
2022-11-30_17h28m47s,38,44,32
2025-01-15_22h40m42s,293,106,32
2023-08-21_21h10m50s,47,42,32
2022-05-23_14h47m09s,20,20,32
2019-10-07_19h16m03s,86,96,32
2025-01-15_22h40m18s,247,161,32
2024-01-25_07h17m49s,182,71,32
2023-12-12_10h24m17s,224,72,32
2024-09-07_10h59m37s,399,376,32
2019-07-17_18h18m20s,65,48,32
2023-03-08_09h10m34s,152,188,32
2023-03-20_17h26m57s,96,137,15
2022-03-30_18h38m10s,245,352,18
2023-06-05_19h56m39s,127,165,32
2024-08-10_00h18m04s,162,109,32
2025-03-28_01h09m14s,43,82,32
2024-04-29_22h46m33s,145,93,32
2022-07-16_07h55m41s,148,213,30
2022-11-21_22h09m16s,161,367,28
2022-03-30_19h40m05s,193,330,32
2023-06-27_00h17m51s,73,85,32
2024-01-25_07h23m51s,167,61,32
2024-06-06_18h45m39s,139,216,32
2024-12-16_20h21m22s,159,170,32
2023-06-12_17h05m14s,34,129,32
2025-11-21_16h14m59s,197,468,32
2022-06-09_19h04m03s,74,100,32
2023-09-22_18h11m23s,379,347,32
2022-03-30_19h09m25s,266,350,32
2018-06-29_05h38m12s,124,118,32
2021-08-05_18h06m02s,157,124,26
2021-08-05_18h11m47s,157,124,26
2022-07-16_07h51m15s,169,194,27
2022-11-21_23h39m11s,28,150,22
2023-06-15_19h49m00s,53,47,32
2024-04-25_01h02m39s,136,70,32
2018-07-31_14h52m32s,142,81,32
2018-08-01_10h39m53s,142,81,32
2018-08-01_11h02m19s,142,81,32
2018-08-01_11h05m36s,142,81,32
2018-08-01_11h08m28s,142,81,32
2023-10-04_16h03m25s,32,48,32
2025-01-15_22h37m09s,119,79,32
2021-12-07_22h31m39s,78,46,12
2024-07-23_14h41m04s,301,383,21
2025-05-27_23h40m17s,322,309,13
2025-06-17_04h30m42s,80,80,32
2024-03-07_16h16m43s,43,31,32
2021-04-26_21h05m35s,123,215,28
2025-06-13_13h25m19s,2,414,22
2024-12-16_20h19m17s,94,79,32
2018-08-01_13h31m30s,142,81,32
2018-08-01_13h35m03s,142,81,32
2018-08-01_14h23m16s,142,81,32
2018-08-01_14h23m33s,142,81,32
2018-08-01_14h23m58s,142,81,32
2022-07-23_22h52m33s,178,179,23
2024-04-25_01h35m41s,221,75,32
2019-10-07_18h36m18s,118,69,8
2024-07-12_21h29m37s,251,256,32
2020-06-15_21h46m07s,54,57,32
2022-06-25_19h49m13s,76,124,32
2025-05-02_21h22m47s,153,139,32
2023-12-13_20h35m06s,153,72,32
2023-12-14_20h12m42s,142,82,32
2023-06-15_19h14m01s,110,74,32
2024-01-25_07h23m29s,83,57,32
2024-01-25_07h22m02s,140,68,32
2023-12-12_10h07m32s,111,142,32
2022-10-31_21h52m30s,160,90,16
2023-12-12_23h14m18s,56,103,32
2024-07-21_16h36m13s,299,436,32
2023-06-26_22h48m13s,91,78,32
2023-06-27_00h28m23s,144,57,32
2023-06-07_20h42m51s,166,166,32
2023-08-01_01h42m22s,66,70,32
2023-04-21_10h06m17s,114,383,32
2023-08-21_21h31m20s,56,85,32
2024-07-16_16h14m25s,346,477,20
2019-07-24_00h11m04s,104,71,28
2024-04-29_22h24m24s,216,214,32
2023-04-24_22h41m36s,156,165,32
2025-07-25_22h46m47s,154,63,32
2025-03-28_01h00m53s,80,62,32
2023-12-12_23h14m03s,174,58,32
2022-06-09_18h56m28s,107,61,32
2023-01-18_10h17m48s,212,373,32
2025-03-28_17h34m32s,66,146,32
2021-02-11_18h43m21s,93,128,24
2024-04-29_22h26m52s,193,77,32
2018-05-29_11h26m08s,50,50,32
2023-04-05_09h43m10s,98,294,32
2022-10-12_18h01m34s,195,141,15
2023-11-07_22h11m41s,78,110,32
2024-04-29_22h52m48s,96,268,32
2023-12-08_11h43m23s,58,58,9
2025-01-09_16h15m10s,21,75,32
2024-03-14_19h23m05s,120,104,18
2023-08-01_01h43m39s,135,73,32
2024-04-29_22h27m12s,179,92,32
2021-09-24_17h51m42s,200,156,30
2022-06-25_19h55m06s,71,295,32
2023-12-12_23h12m12s,133,61,32
2023-01-19_18h41m28s,98,84,32
2024-07-29_12h25m06s,307,452,32
2020-11-16_11h12m42s,65,79,32
2023-07-20_12h21m11s,60,60,32
2020-09-29_12h44m07s,50,30,29
2021-09-09_20h57m03s,433,162,17
2017-08-11_08h01m02s,137,436,32
2022-07-08_21h30m40s,137,436,32
2024-02-11_05h45m27s,109,124,32
2023-08-01_01h41m58s,79,102,32
2025-04-21_23h39m05s,196,60,32
2025-01-15_22h36m54s,124,81,32
2025-03-11_21h20m34s,63,113,14
2025-10-14_17h02m26s,131,194,32
2024-02-11_05h47m08s,121,157,32
2020-12-02_00h36m31s,139,179,32
2022-10-12_21h32m28s,162,96,19
2024-04-25_01h05m18s,182,90,32
2019-11-07_21h36m19s,115,212,10
2023-12-12_23h13m05s,147,128,32
2022-03-30_18h56m35s,238,360,32
2024-03-07_16h35m35s,30,60,32
2023-05-02_13h25m43s,76,128,32
2023-05-03_09h36m02s,76,128,32
2022-12-01_19h17m42s,96,97,32
2023-03-20_17h26m17s,181,242,32
2024-07-25_15h11m15s,321,432,32
2025-01-15_22h37m50s,172,73,32
2024-12-16_20h19m42s,82,83,32
2024-04-25_01h08m17s,78,77,32
2022-10-12_18h07m18s,176,177,16
2023-08-03_20h18m05s,60,71,32
2023-03-20_17h19m25s,95,95,32
2023-03-01_16h06m59s,48,176,32
2025-06-24_01h19m43s,100,134,19
2021-12-02_18h38m53s,81,72,8
2021-05-21_20h30m44s,118,80,32
2022-03-07_11h16m23s,860,521,32
2024-04-29_22h47m13s,177,80,32
2022-06-09_20h36m24s,190,83,32
2024-04-25_01h37m08s,275,113,32
2020-05-21_02h49m21s,65,73,30
2023-03-31_09h47m41s,108,341,32
2024-01-05_03h27m19s,184,255,32
2023-01-19_18h40m47s,45,112,32
2023-12-12_23h12m49s,148,96,32
2021-06-23_23h27m41s,151,97,14
2024-04-29_22h50m59s,195,179,32
2024-04-29_22h29m21s,78,162,32
2023-08-25_17h02m43s,236,196,32
2025-04-19_02h55m31s,702,769,12
2021-09-24_17h50m18s,214,125,32
2022-11-30_17h28m20s,72,32,23
2025-03-28_17h36m14s,289,104,32
2023-07-17_12h45m34s,80,80,32
2023-06-27_00h24m55s,63,63,32
2021-11-19_23h36m20s,39,40,32
2024-04-25_00h50m21s,71,60,32
2022-05-23_15h09m24s,10,10,32
2023-10-23_23h55m16s,306,135,32
2024-12-16_20h20m28s,91,92,32
2022-11-21_23h18m11s,171,261,32
2025-08-04_21h28m06s,448,391,32
2019-01-25_20h40m10s,26,45,32
2023-06-15_19h43m38s,107,112,32
2025-05-16_08h23m06s,1016,282,11
2021-12-15_15h43m38s,60,100,32
2023-12-12_09h48m29s,158,86,32
2022-11-18_19h35m10s,105,223,9
2025-10-28_19h31m03s,128,69,32
2023-03-10_19h33m25s,373,335,14
2021-06-23_23h31m17s,186,125,10
2022-11-21_22h03m22s,171,353,30
2025-04-21_23h38m38s,146,96,32
2025-04-21_23h39m51s,108,184,32
2016-09-21_16h07m21s,74,74,32
2023-08-21_21h31m45s,57,67,32
2023-10-03_10h58m29s,275,275,32
2019-05-11_00h48m02s,122,162,32
2020-06-15_22h11m27s,64,79,32
2024-04-25_01h35m02s,221,132,32
2025-10-28_19h29m56s,56,127,32
2022-10-25_23h14m23s,152,132,24
2021-05-27_22h18m05s,83,66,16
2023-06-27_00h16m52s,88,47,32
2025-08-04_21h56m18s,451,434,21
2022-11-21_23h21m30s,171,237,32
2021-07-14_18h37m54s,99,95,8
2021-08-26_23h57m42s,98,80,13
2020-06-15_22h04m19s,82,68,32
2021-05-04_20h49m20s,64,38,32
2023-12-12_10h07m54s,105,132,32
2019-11-06_21h43m15s,82,200,14
2021-01-04_00h06m06s,43,48,32
2025-05-01_02h24m42s,207,228,25
2025-05-15_20h08m44s,389,123,24
2018-08-01_10h41m43s,93,152,32
2018-08-01_11h03m20s,93,152,32
2018-08-01_11h06m55s,93,152,32
2024-04-29_22h28m12s,193,79,32
2025-08-04_22h12m02s,426,353,32
2024-12-06_18h58m53s,80,87,32
2025-04-21_23h40m49s,164,94,32
2025-03-28_17h33m31s,55,163,32
2021-05-05_22h22m42s,191,81,32
2024-04-29_22h51m54s,302,92,32
2025-07-31_01h00m22s,226,198,32
2025-11-23_21h37m02s,134,220,32
2021-09-28_12h41m34s,232,300,32
2023-04-13_09h56m56s,59,146,32
2024-03-07_16h15m42s,39,38,32
2018-08-01_13h32m20s,93,152,32
2018-08-01_14h26m33s,93,152,32
2018-08-01_14h26m50s,93,152,32
2018-08-01_14h27m07s,93,152,32
2019-07-24_00h01m26s,58,62,19
2020-06-18_01h14m53s,101,72,32
2025-08-04_21h11m36s,404,334,32
2023-03-20_17h38m14s,97,116,32
2024-01-25_07h19m03s,156,68,32
2025-03-28_17h35m15s,184,212,32
2021-05-04_20h36m00s,47,73,32
2025-01-15_22h22m26s,45,81,32
2022-06-09_20h40m16s,217,94,32
2024-07-12_21h26m04s,290,328,32
2025-03-27_14h43m24s,464,400,32
2025-12-17_00h18m17s,80,87,32
2025-08-04_21h42m09s,441,439,23
2024-03-07_16h36m06s,84,19,32
2018-10-04_13h08m18s,129,231,22
2023-10-23_23h55m36s,94,70,32
2022-07-19_21h35m54s,75,57,16
2021-03-25_23h05m42s,153,77,32
2023-08-29_18h36m52s,85,180,32
2021-05-04_21h21m03s,39,28,32
2022-07-23_22h32m20s,85,180,32
2022-03-30_19h20m12s,217,336,21
2023-07-31_10h33m26s,145,390,32
2018-08-14_13h51m52s,100,350,32
2023-07-17_12h45m13s,80,80,32
2022-11-18_18h23m49s,235,181,21
2025-04-29_02h18m44s,112,90,27
2023-05-10_19h58m24s,184,232,32
2023-10-23_23h56m51s,329,145,32
2023-01-19_18h40m29s,73,91,32
2024-03-07_16h11m19s,32,35,32
2020-12-02_21h31m00s,180,156,13
2025-01-11_06h20m41s,166,174,16
2020-06-18_00h57m17s,84,74,32
2021-07-09_19h36m29s,40,67,32
2023-12-08_14h05m19s,25,25,32
2022-05-06_22h55m06s,208,182,9
2023-05-08_01h25m21s,395,340,19
2021-07-19_20h26m20s,101,69,21
2024-04-25_00h35m51s,152,101,32
2019-06-11_20h15m56s,142,185,32
2023-06-05_19h41m02s,180,203,32
2023-07-17_11h39m13s,80,80,32
2020-12-30_21h21m36s,65,51,23
2019-09-05_23h29m31s,271,259,32
2024-04-25_01h01m59s,67,133,32
2021-06-25_22h03m47s,111,91,10
2023-03-20_17h32m19s,200,164,32
2023-10-24_00h00m24s,59,105,32
2023-12-12_10h17m01s,83,237,32
2024-12-06_18h59m14s,93,98,32
2019-11-12_21h23m23s,121,52,8
2023-05-01_09h19m53s,233,204,32
2025-04-29_02h20m02s,109,139,32
2025-08-04_22h30m12s,463,440,21
2024-07-22_17h00m38s,310,434,32
2024-04-25_01h36m24s,211,76,32
2022-06-11_22h27m57s,124,68,32
2023-09-19_21h30m32s,124,128,8
2023-09-19_21h50m50s,124,128,8
2024-03-14_08h39m38s,69,300,8
2019-08-31_22h07m34s,380,286,32
2022-10-26_22h29m50s,20,162,32
2023-05-16_22h06m15s,338,403,32
2020-07-10_23h05m18s,108,61,32
2023-05-02_09h37m03s,95,340,32
2023-09-13_17h09m34s,214,359,15
2021-01-22_23h48m17s,148,221,32
2025-10-28_19h09m20s,48,88,32
2024-11-15_21h04m26s,84,56,32
2025-12-17_00h18m50s,93,98,32
2019-09-12_19h53m18s,170,322,32
2018-09-07_00h24m18s,76,93,32
2025-05-16_02h07m32s,569,239,9
2022-10-31_21h45m30s,198,151,32
2022-11-18_19h40m37s,229,137,27
2023-05-02_13h17m55s,72,126,32
2021-07-19_20h29m46s,112,107,11
2024-04-29_22h29m35s,111,56,32
2021-02-16_23h43m56s,148,221,32
2025-05-27_23h39m30s,211,227,14
2025-06-19_04h01m46s,351,402,32
2025-03-28_17h34m18s,244,121,32
2023-06-15_19h48m32s,43,54,32
2022-11-21_21h28m42s,171,355,22
2023-06-05_19h28m19s,181,128,32
2021-06-23_23h32m03s,164,97,14
2024-06-12_23h37m23s,233,71,32
2025-04-21_22h17m56s,79,60,15
2024-03-14_19h23m36s,129,123,15
2019-10-07_19h23m47s,80,105,14
2021-05-27_22h15m13s,101,137,18
2025-08-04_20h57m54s,473,442,32
2023-06-05_19h56m34s,117,169,32
2021-05-19_20h13m03s,174,156,15
2018-09-13_00h56m28s,150,123,32
2020-09-20_00h00m38s,194,187,32
2025-04-21_01h07m08s,268,130,32
2023-05-31_10h36m41s,233,234,28
2023-07-17_11h37m49s,80,80,32
2023-07-17_12h42m43s,80,80,32
2023-04-12_15h36m35s,121,75,26
2022-05-23_15h08m56s,10,10,32
2022-05-23_14h46m17s,10,10,32
2025-05-02_21h22m16s,242,187,16
2021-07-14_18h40m45s,111,96,15
2023-05-01_16h35m17s,79,295,32
2018-09-01_00h55m05s,63,57,32
2025-04-21_01h07m36s,274,112,32
2024-01-05_03h28m42s,123,243,32
2019-08-31_21h46m14s,241,168,32
2022-08-18_14h04m18s,138,259,32
2024-01-25_07h18m35s,177,77,32
2023-10-24_00h01m04s,91,75,32
2019-04-30_17h58m11s,30,109,32
2019-09-06_22h35m27s,196,177,32
2023-07-06_09h26m24s,174,344,32
2020-06-18_01h19m01s,101,71,32
2024-12-16_20h22m17s,169,215,32
2020-11-16_11h21m21s,120,136,32
2024-04-25_00h49m57s,72,63,32
2025-04-21_23h40m06s,131,127,32
2024-04-25_00h37m39s,90,192,32
2021-12-07_22h32m30s,89,68,26
2023-04-24_22h29m33s,100,146,28
2025-07-22_08h46m39s,433,696,32
2023-11-26_13h51m54s,132,162,32
2022-06-11_22h24m24s,372,116,32
2022-12-07_02h10m45s,41,78,32
2021-06-14_21h22m56s,156,112,32
2022-12-20_09h20m50s,153,332,23
2025-03-28_17h33m48s,238,59,32
2019-01-25_20h34m52s,36,52,32
2022-11-07_17h26m45s,165,183,24
2023-09-13_02h23m27s,227,371,8
2023-06-26_22h45m33s,55,67,32
2024-04-02_06h20m48s,75,66,32
2023-12-14_20h13m39s,53,101,32
2024-03-07_16h17m38s,66,27,32
2020-12-03_00h07m09s,249,202,32
2021-09-24_22h15m05s,222,202,32
2022-10-26_22h55m35s,165,66,32
2019-01-03_02h01m27s,57,63,9
2025-11-20_15h29m58s,445,391,32
2025-11-07_10h12m50s,157,214,32
2019-08-31_22h37m39s,206,296,32
2024-08-10_00h30m58s,104,223,32
2024-04-26_21h15m45s,15,15,32
2020-07-15_16h58m35s,85,98,32
2019-09-06_22h27m11s,317,292,29
2022-11-21_22h57m17s,152,248,32
2024-05-02_17h41m41s,30,30,32
2025-05-02_21h24m10s,180,112,32
2023-07-20_12h21m52s,60,60,32
2020-06-23_22h07m14s,70,81,32
2018-10-05_00h32m12s,49,59,12
2025-06-23_09h11m11s,137,178,32
2025-05-16_01h50m25s,666,184,32
2022-04-16_08h18m25s,100,100,32
2022-03-10_02h56m21s,186,96,32
2024-04-29_22h55m50s,176,59,32
2021-05-04_21h17m03s,60,25,32
2020-06-15_22h34m40s,87,67,32
2019-10-22_17h51m48s,10,10,32
2017-05-17_19h50m07s,106,359,32
2022-09-17_20h44m41s,106,359,32
2022-05-16_11h31m22s,158,297,11
2020-06-15_22h38m16s,86,67,32
2025-03-28_17h32m47s,225,84,32
2024-12-16_20h20m59s,200,161,32
2019-01-25_20h42m47s,30,54,32
2023-06-15_19h15m16s,162,106,32
2022-11-30_17h32m44s,58,40,32
2024-08-10_00h30m36s,205,131,32
2021-11-19_23h17m05s,43,47,32
2024-04-18_13h40m18s,114,125,25
2021-05-04_21h18m24s,34,37,32
2022-05-23_14h47m55s,20,20,32
2022-06-09_18h58m27s,107,85,18
2022-07-23_22h51m12s,127,207,32
2019-10-07_19h30m30s,119,47,26
2019-01-25_20h25m01s,70,56,32
2023-05-23_06h42m40s,385,325,24
2024-04-29_22h29m52s,156,60,32
2022-06-25_19h53m12s,68,260,32
2022-05-23_14h29m06s,20,20,32
2023-03-20_17h58m48s,329,797,32
2024-08-10_00h31m01s,176,174,32
2025-03-18_01h54m01s,80,80,32
2024-02-21_07h47m06s,50,155,24
2024-06-12_23h37m26s,196,159,32
2022-10-27_00h44m30s,120,78,32
2025-09-16_17h34m36s,286,570,32
2023-12-12_22h46m25s,147,245,32
2025-04-19_02h19m36s,294,580,10
2025-03-28_01h09m29s,90,58,32
2025-07-31_00h59m27s,131,110,32
2025-01-09_15h58m14s,31,40,32
2025-05-02_21h23m31s,222,104,32
2021-06-08_14h39m45s,161,276,32
2023-10-23_23h59m48s,94,65,32
2020-06-23_21h06m51s,72,68,32
2019-05-07_20h38m34s,93,146,29
2025-04-21_22h19m34s,38,93,32
2023-08-03_02h02m54s,69,68,32
2023-08-03_02h10m45s,69,68,32
2025-04-21_23h38m55s,203,65,32
2023-08-15_15h59m29s,21,81,32
2023-12-01_17h30m13s,140,95,32
2024-04-25_00h39m00s,125,92,32
2023-05-07_03h33m41s,395,340,21
2023-03-17_20h13m51s,214,194,28
2025-11-18_16h01m39s,248,215,32
2019-09-05_22h29m31s,286,259,32
2021-07-14_18h38m50s,84,92,9
2024-04-25_01h07m07s,83,57,32
2021-06-25_22h11m32s,163,111,11
2024-03-14_19h22m44s,153,131,14
2024-04-25_00h40m15s,196,121,32
2023-06-05_19h31m26s,112,153,32
2022-03-02_15h56m01s,808,564,32
2025-10-28_19h30m13s,138,94,32
2023-04-03_08h43m02s,154,115,32
2023-10-24_00h00m05s,102,57,32
2022-11-07_17h24m34s,176,209,17
2025-03-28_01h01m06s,74,45,32
2020-06-18_00h37m15s,74,61,32
2022-06-09_20h35m35s,95,197,32
2023-06-05_19h29m18s,131,162,32
2023-10-18_03h49m40s,85,104,32
2024-04-25_01h40m41s,76,61,32
2023-12-12_22h46m52s,288,126,28
2021-09-27_22h03m52s,187,186,32
2022-01-06_23h29m16s,48,39,32
2022-10-31_19h37m39s,240,175,14
2024-04-29_22h55m03s,162,75,32
2022-12-01_19h18m26s,98,93,32
2024-11-15_21h04m11s,72,50,32
2023-03-20_17h18m54s,162,108,32
2018-10-04_23h25m43s,94,139,32
2021-11-30_18h17m37s,34,105,32
2020-06-15_22h44m42s,107,86,32
2022-01-07_12h26m14s,116,177,21
2021-05-04_21h19m54s,41,36,32
2022-05-28_03h10m36s,203,195,13
2022-04-22_13h50m55s,120,58,32
2025-01-06_12h07m52s,275,99,32
2021-11-19_23h36m37s,34,37,32
2023-02-28_21h25m15s,136,83,32
2025-07-31_00h59m43s,88,171,32
2020-06-18_00h54m32s,77,65,32
2025-07-30_22h47m50s,91,156,22
2023-08-03_20h18m38s,43,64,32
2022-10-31_21h54m26s,143,224,32
2022-10-27_17h43m49s,26,293,27
2020-07-10_23h06m56s,65,89,32
2021-06-01_14h31m09s,166,100,32
2019-08-29_20h09m52s,56,56,19
2024-01-25_07h15m11s,102,59,32
2025-05-03_01h13m52s,980,644,10
2022-06-11_22h32m54s,171,96,32
2026-01-08_16h09m44s,193,380,32
2019-11-15_22h06m33s,145,138,32
2022-04-16_08h18m39s,100,100,32
2025-04-29_02h19m13s,118,141,27
2025-01-16_10h36m04s,101,84,32
2023-08-03_02h09m04s,85,88,32
2022-10-12_21h33m11s,95,168,32
2019-07-23_22h45m54s,54,63,13
2025-03-18_01h53m41s,80,80,32
2023-06-27_00h27m46s,155,125,32
2025-04-21_22h18m49s,41,93,32
2025-05-07_23h14m39s,126,131,26
2021-06-15_22h15m26s,277,170,31
2023-05-23_06h43m54s,355,330,17
2024-08-10_00h31m04s,229,109,32
2025-10-28_19h09m38s,49,69,32
2021-09-24_17h52m55s,188,153,11
2025-05-27_23h43m57s,265,114,32
2025-07-30_22h46m57s,120,153,32
2025-05-01_02h24m01s,185,156,32
2023-10-23_23h59m29s,147,100,32
2023-02-03_22h25m43s,164,278,32
2023-12-12_22h44m26s,242,158,32
2023-08-01_01h41m21s,169,59,32
2018-10-05_00h34m22s,77,78,8
2024-04-25_00h41m02s,86,65,32
2024-06-12_23h39m09s,226,364,32
2021-04-26_19h59m53s,82,153,21
2018-09-08_00h05m28s,218,683,10
2018-09-10_18h58m11s,218,683,10
2023-12-04_10h53m49s,405,380,32
2024-03-07_16h11m07s,78,17,32
2017-03-01_10h36m33s,125,196,14
2021-09-27_22h23m45s,238,236,32
2021-06-23_23h18m21s,104,67,32
2023-10-24_00h00m14s,56,103,32
2025-04-21_23h51m20s,183,69,32
2020-06-18_01h23m57s,104,82,32
2017-02-24_15h04m10s,118,199,25
2017-03-01_11h13m38s,122,194,18
2021-12-17_18h16m21s,52,186,13
2023-08-03_02h09m22s,82,87,32
2018-09-04_00h52m04s,91,82,32
2024-03-05_14h20m56s,55,143,32
2025-06-19_03h47m15s,438,385,32
2024-11-15_20h55m12s,204,128,32
2021-07-09_19h36m13s,171,154,32
2024-01-26_23h52m33s,127,123,17
2019-07-23_22h15m32s,144,359,24
2022-05-23_15h09m38s,10,10,32
2021-01-23_21h49m31s,67,71,32
2025-05-02_21h21m39s,272,156,32
2024-04-25_01h40m47s,70,57,32
2023-07-17_12h41m36s,80,80,32
2021-08-26_23h58m12s,105,61,14
2022-06-09_19h06m46s,128,101,32
2023-12-12_22h37m08s,145,75,32
2021-09-09_19h48m34s,196,72,32
2018-09-07_00h36m53s,80,81,32
2025-04-19_02h21m33s,284,248,10
2024-04-25_01h06m17s,85,53,32
2023-12-14_03h07m05s,149,46,32
2021-04-26_21h35m01s,92,97,32
2025-05-16_08h00m43s,2003,346,10
2025-01-09_15h59m36s,44,29,32
2021-05-19_20h05m26s,81,126,18
2023-02-09_00h14m21s,63,131,32
2019-01-25_20h36m15s,36,32,32
2025-03-18_09h58m01s,359,436,26
2023-09-05_16h59m16s,352,286,32
2022-07-07_08h51m01s,151,392,32
2025-05-16_08h11m48s,1321,360,26
2025-04-21_22h19m51s,45,69,32
2021-07-15_23h35m36s,102,65,32
2020-11-16_11h18m12s,104,103,24
2023-12-01_18h05m58s,164,61,32
2020-06-18_00h53m54s,56,81,32
2025-01-09_16h13m53s,34,45,32
2025-03-18_01h54m47s,80,80,32
2020-11-16_11h23m40s,130,160,32
2021-07-15_22h33m44s,147,179,32
2022-10-31_19h43m29s,298,252,11
2025-03-29_00h15m21s,61,59,32
2022-03-21_13h17m35s,75,25,15
2024-10-14_17h47m19s,105,295,32
2024-10-21_09h37m40s,127,434,32
2017-01-26_09h08m49s,210,210,21
2022-11-07_17h13m04s,169,238,20
2023-08-01_01h41m37s,73,199,32
2024-03-07_16h40m44s,35,66,32
2019-12-26_22h37m21s,59,80,18
2023-04-17_13h23m24s,46,79,32
2024-03-04_14h36m48s,56,206,32
2023-12-13_00h10m28s,149,66,32
2019-09-12_00h42m06s,98,206,32
2025-06-19_03h55m35s,456,360,32
2021-01-23_21h46m39s,96,106,32
2022-07-23_22h54m24s,71,170,32
2023-06-15_19h48m05s,53,55,32
2016-11-22_01h59m36s,36,40,32
2025-11-18_16h00m39s,204,245,32
2023-02-09_00h16m06s,110,40,32
2019-04-12_17h01m53s,219,264,32
2023-03-10_09h10m50s,54,198,32
2025-07-31_00h59m10s,79,147,32
2025-05-02_21h26m30s,213,191,32
2023-02-09_00h27m31s,78,68,32
2019-01-25_20h23m00s,72,90,32
2020-12-01_23h07m25s,80,79,32
2025-05-03_02h03m38s,535,671,25
2025-01-16_10h30m01s,103,73,32
2022-05-23_15h08m26s,10,10,32
2019-01-25_20h35m39s,40,48,32
2023-06-27_00h24m13s,88,123,32
2024-04-25_00h39m40s,187,130,32
2025-03-29_00h15m36s,176,85,32
2023-08-03_02h03m43s,81,71,32
2025-05-02_21h27m48s,266,122,32
2019-04-15_11h41m32s,32,120,32
2019-01-25_20h37m37s,38,62,32
2019-01-25_20h34m36s,52,90,32
2019-08-03_05h20m58s,110,390,8
2023-06-27_00h51m21s,58,69,32
2023-06-05_19h30m04s,140,142,32
2023-02-09_00h13m15s,116,109,32
2019-09-11_23h54m26s,116,211,32
2022-10-27_00h38m14s,320,136,32
2022-10-12_21h35m36s,209,91,14
2024-03-14_08h35m08s,70,212,32
2021-09-08_19h35m59s,94,125,32
2024-04-29_22h29m04s,88,86,32
2022-06-11_22h41m29s,164,208,17
2023-07-17_11h55m23s,80,80,32
2025-03-19_16h33m19s,144,159,32
2022-11-07_17h18m30s,204,230,16
2021-01-07_21h06m53s,89,143,16
2019-10-29_16h40m32s,261,159,32
2023-07-17_11h38m37s,80,80,32
2021-09-27_22h29m13s,249,226,32
2021-12-14_22h24m37s,152,75,12
2021-11-19_23h37m04s,54,52,32
2019-09-12_00h25m56s,198,355,32
2019-08-02_00h10m04s,106,90,16
2018-07-12_05h46m53s,148,123,32
2022-10-25_23h17m34s,143,152,19
2023-07-09_23h26m29s,355,315,15
2023-08-24_13h29m24s,94,70,32
2025-04-21_22h17m44s,69,42,32
2020-06-23_21h08m46s,60,74,32
2023-12-08_14h05m00s,25,25,32
2016-11-18_15h15m59s,70,88,32
2021-05-21_20h21m22s,74,136,14
2024-02-21_07h46m37s,148,157,9
2023-06-27_00h52m41s,195,167,32
2021-11-04_10h59m58s,63,136,32
2022-03-28_11h48m54s,100,100,32
2023-06-15_19h45m28s,107,55,32
2017-02-24_15h45m51s,119,195,32
2025-03-08_01h50m54s,322,195,27
2020-11-03_17h04m35s,671,538,32
2025-05-02_21h29m32s,304,144,16
2022-11-07_17h25m36s,221,171,18
2024-04-25_00h42m32s,80,58,32
2023-12-14_20h13m29s,91,105,32
2023-07-13_09h06m25s,122,373,32
2025-04-21_23h42m03s,103,167,32
2023-07-17_12h45m19s,80,80,32
2024-01-25_07h14m53s,152,47,32
2021-02-02_14h21m55s,35,35,12
2018-05-20_22h21m55s,38,124,32
2023-08-01_01h40m58s,125,200,32
2026-01-05_16h45m00s,225,1094,32
2022-03-28_11h51m48s,100,100,32
2022-07-23_22h44m27s,135,125,32
2022-10-17_22h29m30s,311,215,22
2023-08-03_02h04m57s,122,80,32
2023-03-14_06h32m54s,363,335,17
2025-01-06_12h10m14s,250,125,32
2021-05-04_21h04m21s,33,48,32
2023-03-27_13h13m40s,66,281,32
2025-01-15_22h42m22s,59,90,32
2022-11-21_23h43m03s,34,157,32
2022-06-09_20h24m10s,173,76,32
2017-08-03_15h09m06s,139,440,32
2021-12-17_18h08m15s,126,105,32
2020-07-07_23h55m11s,87,59,32
2023-09-07_09h18m48s,68,90,32
2023-07-17_12h39m03s,80,80,32
2023-04-18_16h02m22s,76,111,32
2021-05-21_20h28m09s,153,100,22
2024-03-07_16h43m35s,67,29,32
2025-05-27_23h40m47s,262,152,24
2023-12-14_20h13m03s,80,137,32
2024-03-05_08h37m13s,40,294,21
2022-08-17_03h01m09s,10,10,32
2022-01-07_13h33m50s,113,175,32
2025-07-30_22h47m25s,96,138,32
2021-11-30_18h29m25s,78,164,23
2022-01-25_21h20m23s,181,101,32
2025-03-18_01h52m09s,80,80,32
2019-07-18_20h42m49s,22,13,22
2022-04-16_08h17m46s,100,100,32
2023-02-28_21h24m06s,205,126,32
2025-01-15_22h42m38s,79,92,32
2024-04-25_00h37m07s,141,169,32
2024-04-29_22h42m28s,131,52,32
2022-11-21_23h35m08s,162,180,32
2023-05-31_20h11m10s,180,134,8
2025-01-16_10h27m03s,95,58,32
2023-07-11_10h44m26s,199,300,25
2023-04-24_22h28m44s,105,125,14
2022-11-07_17h31m52s,20,199,31
2022-07-23_22h47m12s,116,188,32
2023-08-03_02h04m01s,81,116,32
2022-06-11_22h18m44s,99,346,32
2023-02-09_00h13m59s,130,58,32
2023-06-15_19h14m47s,168,135,32
2019-01-25_20h24m41s,36,66,32
2024-03-07_16h36m36s,20,72,32
2021-06-25_22h13m06s,143,153,15
2023-07-17_11h56m08s,80,80,32
2022-06-11_22h53m48s,230,112,32
2023-04-17_02h56m51s,175,122,13
2025-01-09_16h15m59s,38,37,32
2023-02-17_10h06m26s,92,132,32
2024-03-04_15h19m00s,33,35,32
2023-08-29_18h37m21s,116,188,32
2020-06-15_22h17m43s,54,71,32
2025-04-21_22h17m29s,78,64,32
2025-12-17_19h09m54s,91,66,32
2023-03-03_12h35m29s,1,17157,28
2024-01-25_07h15m29s,156,86,32
2020-09-24_14h43m10s,50,30,28
2021-11-19_11h35m12s,70,35,32
2025-05-01_02h23m46s,307,132,24
2024-01-25_07h15m49s,128,71,32
2025-03-18_12h03m44s,179,299,32
2023-06-15_19h24m38s,75,82,32
2025-04-09_01h57m25s,400,629,32
2023-07-13_17h20m05s,110,78,32
2021-01-04_01h31m01s,60,39,32
2022-04-14_10h46m03s,100,100,32
2019-04-30_21h52m37s,60,306,32
2021-02-17_01h27m23s,140,211,32
2020-09-24_23h46m36s,42,107,12
2023-12-14_20h13m46s,107,72,32
2021-05-21_20h19m15s,130,146,18
2023-12-14_20h13m12s,129,121,30
2020-09-30_12h18m01s,70,70,22
2025-03-27_20h55m00s,575,153,32
2021-11-19_23h25m16s,45,46,32
2023-07-12_14h57m21s,41,274,27
2022-04-16_08h18m31s,100,100,32
2016-11-18_15h10m50s,59,81,32
2022-11-21_23h44m45s,15,188,32
2022-11-21_23h25m13s,211,259,32
2022-04-22_13h43m51s,143,45,16
2023-07-17_12h39m23s,80,80,32
2020-09-24_23h46m12s,109,102,26
2022-12-19_19h40m54s,244,129,32
2019-03-12_10h14m51s,87,90,32
2024-02-15_09h28m47s,144,343,13
2017-03-01_11h14m11s,122,197,8
2018-10-20_22h35m05s,54,61,32
2023-08-03_01h54m12s,133,35,11
2023-04-24_22h34m53s,239,114,24
2024-02-16_08h43m24s,88,209,11
2024-04-29_22h42m13s,163,62,32
2022-09-16_09h16m57s,158,164,16
2021-01-04_01h15m46s,57,77,32
2023-07-13_17h22m16s,130,97,32
2020-07-07_22h44m09s,82,72,32
2025-01-16_10h42m28s,98,79,32
2023-12-12_22h37m40s,206,131,32
2021-09-11_19h45m01s,261,92,32
2018-06-29_23h47m27s,136,157,13
2021-09-27_22h16m04s,253,209,32
2023-02-28_21h24m51s,121,82,32
2020-12-01_20h16m05s,50,30,32
2020-12-01_20h18m05s,50,30,32
2021-12-01_18h47m36s,67,100,32
2022-10-26_22h54m52s,143,74,32
2025-07-09_22h41m57s,105,141,27
2018-05-29_11h24m00s,50,50,15
2022-06-09_20h28m59s,112,70,32
2025-05-01_02h23m18s,266,135,32
2025-12-01_09h40m48s,116,411,14
2023-02-09_00h14m36s,25,104,32
2025-05-05_22h45m30s,727,609,28
2023-07-17_11h39m09s,80,80,32
2021-01-06_21h08m23s,1,101,32
2021-01-07_20h35m22s,1,101,32
2017-03-27_08h38m09s,202,210,12
2023-09-07_11h38m52s,260,300,32
2023-09-07_13h13m19s,260,300,32
2019-05-07_21h07m06s,101,152,23
2022-06-09_20h33m39s,145,182,14
2023-03-01_19h28m49s,96,70,32
2016-11-18_15h14m04s,49,70,32
2025-07-22_01h15m52s,75,43,9
2023-07-17_11h52m22s,80,80,32
2020-10-07_15h53m30s,50,30,26
2024-12-02_10h45m12s,763,2491,32
2021-09-27_12h10m59s,282,330,32
2024-06-13_09h35m48s,61,268,32
2023-07-17_12h42m20s,80,80,32
2025-09-24_18h49m23s,102,112,23
2020-10-07_14h37m17s,50,30,29
2022-10-07_08h07m44s,259,260,17
2021-11-19_23h21m55s,46,50,32
2018-07-12_05h47m52s,155,124,32
2024-07-23_09h31m37s,70,536,32
2018-05-29_11h22m45s,50,50,13
2025-09-24_18h47m40s,106,98,28
2022-12-16_16h08m21s,73,114,17
2023-06-15_18h35m36s,63,47,32
2024-10-11_08h49m16s,125,402,9
2021-01-22_21h35m25s,148,221,29
2024-03-07_16h17m26s,64,25,32
2023-04-24_22h36m34s,173,229,26
2023-07-17_12h39m08s,80,80,32
2018-08-13_18h52m28s,50,50,32
2023-02-15_08h58m45s,157,260,32
2022-06-11_22h31m01s,117,111,32
2022-10-26_22h15m48s,74,94,32
2022-11-15_01h49m33s,127,205,32
2022-07-08_21h23m44s,53,120,32
2023-11-02_21h52m21s,325,306,32
2023-06-15_19h25m40s,72,67,32
2024-08-10_00h31m25s,81,191,32
2021-12-06_14h45m53s,48,58,32
2021-12-06_15h06m14s,48,58,32
2024-01-19_23h35m04s,761,252,17
2020-12-30_21h22m11s,77,101,32
2019-01-25_20h29m03s,31,30,32
2022-11-15_01h53m05s,149,158,32
2018-09-04_00h50m59s,183,185,32
2025-03-18_01h53m02s,80,80,32
2023-03-24_14h37m41s,73,289,32
2022-11-21_23h27m31s,107,343,32
2024-12-19_12h29m25s,117,92,32
2024-12-07_01h08m02s,155,137,32
2023-02-23_09h27m21s,57,218,32
2019-09-06_21h51m25s,283,263,32
2023-07-25_08h29m36s,148,381,32
2022-11-28_22h25m22s,92,80,32
2024-11-21_15h37m00s,276,282,18
2025-05-01_01h49m26s,902,280,20
2021-07-14_18h39m44s,95,103,14
2025-01-09_15h56m16s,27,49,32
2019-08-03_01h09m08s,119,367,32
2021-06-14_21h20m59s,161,95,32
2023-08-03_02h10m14s,41,72,32
2022-07-16_07h52m47s,135,284,32
2017-08-03_15h09m51s,113,375,32
2019-07-23_22h53m26s,56,62,14
2021-05-19_20h10m09s,139,131,32
2023-09-13_17h44m51s,253,414,9
2025-11-07_14h09m56s,318,322,32
2024-02-21_07h51m52s,152,230,32
2022-06-09_20h25m24s,154,146,32
2018-09-04_00h47m25s,128,114,28
2024-02-14_19h05m44s,31,34,32
2018-10-05_00h06m28s,106,124,32
2016-11-22_01h59m52s,45,73,32
2022-06-11_22h49m31s,81,248,32
2023-06-27_00h52m52s,129,95,32
2022-03-08_08h31m54s,185,202,32
2021-12-16_16h04m35s,72,53,32
2023-12-12_09h49m03s,194,168,32
2025-01-09_16h00m44s,31,39,32
2023-03-14_10h25m26s,250,250,32
2024-03-04_15h20m10s,64,26,32
2022-06-11_22h48m25s,255,100,32
2022-05-23_15h04m39s,10,10,32
2021-12-15_22h54m29s,185,94,11
2021-02-04_21h07m50s,140,134,30
2025-04-10_14h45m11s,55,96,32
2022-11-21_23h40m31s,15,170,32
2021-11-19_23h09m34s,37,40,32
2023-04-17_11h43m50s,92,331,32
2021-09-27_21h27m38s,191,215,32
2025-03-18_01h52m46s,80,80,32
2023-07-17_12h41m52s,80,80,32
2021-05-04_21h30m11s,72,40,32
2023-04-28_09h19m28s,100,322,32
2021-09-11_20h05m06s,233,118,32
2024-10-21_09h39m41s,101,311,32
2025-03-18_01h51m53s,80,80,32
2021-11-19_23h12m47s,38,40,32
2019-01-25_20h26m00s,51,72,32
2019-01-25_20h26m31s,51,72,32
2024-03-04_15h19m18s,65,23,32
2025-06-16_15h10m25s,5,425,11
2021-07-15_22h32m43s,105,107,32
2023-08-23_04h57m59s,1,678,8
2023-06-15_18h51m36s,127,70,32
2025-03-18_01h52m21s,80,80,32
2023-03-07_09h12m18s,125,264,32
2023-10-09_14h50m56s,125,264,32
2022-10-26_23h00m08s,20,136,32
2025-06-19_04h09m04s,523,444,32
2025-10-03_13h33m39s,286,570,32
2018-07-12_05h46m20s,143,118,32
2021-09-09_20h42m55s,220,112,18
2021-05-19_20h02m18s,56,115,32
2020-12-09_22h34m32s,54,80,32
2025-05-27_23h41m09s,139,130,12
2024-08-10_00h31m29s,179,83,32
2023-03-20_09h22m55s,176,218,32
2023-07-17_12h38m41s,80,80,32
2021-07-09_19h32m27s,135,118,32
2018-05-29_11h22m56s,50,50,12
2019-01-25_20h41m48s,34,31,32
2024-02-16_14h48m19s,81,229,18
2016-11-21_23h40m35s,65,74,32
2025-02-28_20h41m50s,271,138,12
2025-07-22_01h15m36s,112,42,8
2025-03-18_08h43m52s,247,326,15
2025-05-16_01h37m20s,302,1012,32
2021-06-01_14h32m18s,130,105,32
2025-05-16_01h47m33s,270,980,32
2024-03-07_16h42m05s,34,74,32
2019-01-25_20h25m15s,47,55,32
2023-06-15_18h52m35s,96,146,32
2019-05-15_15h37m54s,10,360,14
2025-04-29_02h16m13s,165,92,32
2022-01-31_18h56m56s,20,20,19
2022-11-21_23h30m51s,201,314,32
2017-03-10_22h42m16s,31,40,32
2020-10-16_08h43m25s,140,230,28
2018-09-04_00h48m58s,186,158,32
2017-03-01_11h00m22s,122,195,12
2019-04-29_17h07m02s,69,86,32
2023-08-22_08h47m51s,138,342,32
2023-12-12_10h24m56s,231,103,32
2018-05-20_22h50m27s,98,211,32
2025-05-27_23h39m03s,80,112,12
2023-06-27_00h53m06s,205,110,32
2023-04-24_22h30m21s,131,127,28
2025-03-18_01h55m01s,80,80,32
2023-08-03_01h52m51s,108,74,12
2021-12-15_22h57m19s,141,170,14
2017-03-01_11h15m16s,123,202,14
2017-03-01_11h03m05s,134,197,12
2022-06-09_20h29m27s,85,103,32
2023-09-13_15h42m09s,222,371,9
2018-07-14_04h46m09s,112,136,32
2024-01-05_03h27m54s,139,146,32
2024-03-07_16h10m53s,53,19,32
2024-08-10_00h30m31s,194,82,32
2018-05-29_11h25m02s,50,50,19
2023-06-15_19h21m18s,88,127,32
2024-06-12_23h37m30s,107,290,32
2023-07-17_12h42m16s,80,80,32
2018-09-08_01h00m45s,79,69,32
2025-05-02_20h58m18s,864,259,32
2023-05-09_10h13m01s,127,203,32
2023-04-03_06h27m43s,182,111,32
2026-01-14_10h56m35s,530,517,32
2025-06-19_04h13m04s,406,462,32
2025-05-27_23h38m40s,310,124,32
2022-06-09_20h30m14s,110,83,32
2023-07-13_17h18m39s,235,77,32
2023-02-28_21h23m10s,128,75,32
2019-01-25_20h27m55s,44,56,32
2021-12-06_17h33m55s,90,124,32
2022-04-14_11h08m04s,100,100,32
2022-05-31_10h25m56s,100,300,18
2024-08-10_00h31m19s,173,92,32
2023-02-28_21h23m45s,131,64,32
2022-12-02_10h02m26s,275,265,12
2022-10-26_22h59m18s,193,127,32
2024-03-07_16h35m57s,35,48,32
2025-03-07_17h34m37s,346,178,8
2022-03-08_20h56m36s,192,221,32
2021-09-11_20h26m19s,268,76,21
2025-03-07_17h08m32s,346,178,15
2025-05-27_23h41m28s,160,96,21
2021-04-26_21h10m19s,56,101,32
2022-06-11_22h21m56s,99,414,32
2024-03-07_16h35m25s,35,48,32
2025-02-28_02h07m16s,50,50,23
2021-09-09_19h54m53s,209,71,31
2025-10-08_16h02m49s,2,5,32
2022-11-15_01h43m15s,189,124,32
2023-04-24_22h16m10s,85,268,32
2024-11-15_21h02m07s,101,57,32
2018-06-13_20h59m48s,64,60,26
2021-08-25_22h52m52s,139,126,32
2022-04-16_08h18m19s,100,100,32
2023-12-12_23h14m36s,75,66,32
2021-11-30_18h12m11s,117,73,32
2022-11-28_22h23m30s,85,91,32
2025-05-15_19h54m57s,334,117,32
2022-07-23_22h57m09s,71,243,32
2023-06-27_00h53m26s,165,150,32
2022-05-16_15h01m39s,10,10,32
2019-06-18_09h40m25s,76,496,32
2023-12-12_09h48m47s,225,86,32
2022-06-09_20h31m42s,28,295,32
2022-04-16_08h17m59s,100,100,32
2023-07-12_18h37m13s,70,97,32
2018-10-17_22h21m06s,164,96,32
2019-07-23_23h51m54s,151,361,32
2025-04-10_17h56m52s,444,876,32
2024-03-07_16h10m02s,53,22,32
2022-06-11_22h29m46s,136,89,32
2020-07-07_22h56m20s,81,77,32
2023-05-12_11h37m52s,176,414,32
2023-07-17_11h40m07s,80,80,32
2025-07-30_22h49m36s,108,295,18
2025-02-20_09h46m59s,257,281,32
2019-01-25_20h39m03s,36,36,32
2023-09-07_08h16m31s,200,246,32
2021-09-11_19h53m29s,238,98,32
2024-12-11_19h54m10s,63,46,32
2021-08-25_22h44m46s,128,149,32
2025-10-28_16h06m51s,436,461,8
2023-07-17_11h56m24s,80,80,32
2023-12-12_09h58m05s,199,107,32
2025-01-21_09h06m12s,394,343,31
2024-10-31_15h04m27s,8,8,32
2021-07-15_22h33m05s,107,90,32
2019-06-12_03h56m57s,116,726,12
2021-03-24_09h46m54s,63,129,13
2021-09-14_18h48m31s,191,69,32
2023-07-13_17h19m23s,109,186,32
2023-12-12_22h44m08s,129,220,32
2021-04-14_18h06m51s,229,189,32
2021-06-30_20h07m33s,143,190,16
2025-10-08_16h02m18s,2,5,32
2024-12-07_01h08m00s,162,134,32
2021-09-09_21h09m21s,227,89,32
2022-10-31_22h11m34s,311,159,32
2021-12-16_16h05m09s,54,54,32
2025-11-26_08h47m39s,407,196,32
2021-09-11_20h00m35s,256,92,18
2023-04-24_22h21m23s,223,181,15
2019-09-12_00h37m23s,113,197,32
2020-12-30_18h53m26s,56,59,8
2022-06-25_19h48m26s,69,118,32
2022-10-27_00h36m31s,256,142,19
2023-03-01_09h29m02s,203,198,23
2021-11-19_23h38m38s,57,62,32
2022-10-25_23h16m27s,151,132,24
2021-11-30_18h08m54s,106,82,32
2021-12-02_00h34m13s,115,60,32
2020-12-30_18h47m21s,51,71,9
2024-03-04_15h19m54s,25,65,32
2022-06-09_20h26m30s,185,81,21
2021-11-09_15h54m35s,539,1411,32
2025-12-16_10h29m59s,377,281,32
2025-04-29_02h17m08s,199,115,32
2021-09-27_21h48m27s,196,191,32
2025-03-31_13h24m15s,243,275,32
2025-07-30_22h48m03s,101,93,8
2022-04-14_11h11m49s,100,100,32
2020-06-23_22h14m56s,83,100,32
2016-11-21_18h36m57s,50,61,32
2025-01-16_00h11m51s,774,576,32
2022-11-28_22h24m25s,92,79,32
2026-01-06_09h52m01s,150,135,32
2026-01-06_09h58m51s,150,135,32
2020-10-07_14h35m23s,50,30,13
2020-10-06_13h09m16s,50,30,32
2023-05-16_09h36m51s,277,257,32
2023-10-09_14h18m24s,277,257,32
2021-12-16_20h38m54s,55,66,32
2019-03-21_14h23m01s,80,107,32
2024-05-29_16h13m15s,18,20,15
2021-09-27_19h07m50s,232,189,12
2025-12-17_18h10m07s,97,221,32
2019-03-20_11h21m07s,82,130,32
2024-12-11_19h55m08s,52,39,32
2023-07-17_11h56m03s,80,80,32
2020-05-16_18h26m44s,235,166,32
2022-10-26_22h40m58s,95,58,32
2021-08-25_22h41m28s,141,149,32
2022-10-17_22h26m20s,272,182,29
2025-01-09_16h13m36s,34,36,32
2019-01-25_20h26m57s,39,42,32
2021-12-02_00h38m38s,144,100,32
2023-12-12_13h14m15s,64,66,9
2025-01-16_01h14m24s,619,382,17
2019-01-25_20h25m37s,47,57,32
2024-05-29_16h02m17s,17,20,32
2023-04-03_08h11m55s,178,117,18
2025-01-21_06h26m25s,100,325,32
2022-04-04_22h54m13s,222,204,32
2022-07-16_07h21m09s,150,149,12
2023-12-01_18h07m13s,161,73,32
2025-07-30_22h48m22s,138,86,25
2024-03-01_17h53m59s,464,516,15
2022-04-14_10h58m32s,100,100,32
2025-04-29_02h17m27s,213,88,32
2018-05-20_22h29m50s,82,229,13
2021-12-06_17h33m29s,130,116,32
2024-12-11_20h17m12s,21,21,32
2021-12-15_22h39m54s,149,97,12
2021-12-10_22h10m20s,153,103,32
2021-11-04_11h38m42s,65,139,32
2021-01-25_17h27m43s,50,30,32
2018-08-13_16h37m16s,50,50,32
2021-02-04_17h49m19s,175,197,32
2025-01-06_13h09m47s,200,145,14
2018-09-13_00h55m56s,92,61,32
2022-07-23_22h48m15s,128,218,32
2022-11-07_17h20m49s,166,222,28
2022-04-14_11h15m05s,100,100,32
2018-05-29_11h27m32s,50,50,17
2025-04-11_02h14m31s,1780,502,10
2025-03-18_11h10m38s,143,296,32
2022-06-25_20h02m41s,19,258,32
2019-04-30_00h37m23s,48,468,32
2018-09-08_00h58m48s,103,68,32
2018-10-10_16h22m48s,86,87,32
2023-06-15_18h52m05s,105,138,32
2024-12-11_19h45m16s,43,39,32
2023-06-21_21h25m40s,261,729,32
2023-04-03_08h30m26s,168,114,24
2018-06-13_12h18m22s,104,77,10
2021-12-15_23h36m19s,203,142,13
2019-01-25_20h31m38s,37,64,32
2017-03-10_22h40m13s,38,57,32
2022-06-09_20h30m53s,100,87,32
2021-12-01_18h52m36s,83,74,32
2022-10-25_23h18m52s,135,142,20
2022-10-26_22h18m24s,64,93,32
2021-06-15_19h28m35s,222,131,10
2021-07-21_16h25m37s,109,97,26
2021-06-18_07h24m41s,82,48,32
2025-01-06_12h13m38s,375,224,32
2021-04-26_22h00m02s,89,99,32
2022-10-17_22h28m22s,300,241,32
2024-03-07_16h16m52s,20,78,32
2020-07-07_23h15m33s,51,63,32
2022-01-31_18h58m27s,20,20,11
2018-05-29_11h23m20s,50,50,19
2023-04-24_22h17m16s,135,244,28
2025-10-28_16h05m56s,436,461,32
2020-06-23_21h07m16s,52,69,32
2021-12-02_00h37m39s,164,87,32
2024-03-07_16h41m18s,22,66,32
2018-10-09_17h46m34s,85,848,32
2021-07-21_16h26m45s,140,150,29
2020-09-01_10h04m59s,136,287,21
2023-07-13_17h06m09s,46,62,32
2021-06-15_17h34m28s,135,106,32
2020-12-30_18h59m00s,55,55,8
2018-05-29_11h25m30s,50,50,8
2022-06-11_22h35m32s,101,165,32
2023-07-17_11h40m11s,80,80,32
2021-09-08_19h40m08s,103,145,32
2024-12-11_19h53m33s,55,44,32
2023-04-24_22h37m46s,223,138,13
2025-04-19_02h14m47s,1745,434,9
2018-06-13_17h08m57s,91,82,13
2023-12-12_22h43m24s,202,106,32
2025-01-16_10h28m37s,106,76,32
2024-12-11_19h56m05s,26,23,32
2019-10-26_00h00m03s,120,139,32
2025-07-30_22h49m07s,277,68,19
2025-07-09_22h43m54s,177,154,22
2025-07-30_22h48m43s,161,76,32
2024-12-11_19h54m38s,63,46,32
2018-07-12_05h47m22s,103,277,32
2025-10-08_16h01m51s,2,5,32
2024-12-11_20h18m08s,36,30,32
2025-03-18_09h40m15s,186,314,32
2025-05-02_21h25m45s,398,238,32
2025-05-16_00h09m23s,553,131,32
2024-07-21_22h31m56s,358,469,32
2023-04-24_22h18m36s,260,96,9
2024-12-11_19h47m41s,41,26,32
2018-05-29_11h25m58s,50,50,22
2021-12-17_17h55m10s,113,102,32
2023-12-08_14h04m27s,35,35,32
2023-02-17_10h02m34s,85,107,32
2019-01-25_20h28m09s,34,70,32
2023-08-09_18h17m20s,114,315,12
2021-05-27_11h19m42s,490,618,32
2024-03-07_16h36m21s,35,32,32
2022-11-21_22h52m55s,150,148,32
2024-12-11_19h51m00s,30,32,32
2021-08-25_22h58m45s,139,126,17
2022-11-21_22h13m24s,151,37,32
2019-05-16_21h41m18s,106,129,28
2023-09-07_13h11m13s,78,198,32
2022-05-18_01h14m25s,232,58,8
2021-12-01_18h22m22s,303,91,32
2024-10-12_22h27m03s,39,58,32
2024-10-28_11h52m14s,39,58,32
2021-01-06_20h52m43s,1,101,32
2021-01-07_20h45m48s,1,101,32
2025-07-30_22h50m06s,156,298,19
2023-05-10_20h07m41s,195,217,32
2025-10-01_12h06m03s,123,167,32
2022-10-26_22h16m55s,90,49,32
2022-06-11_22h42m52s,99,101,32
2024-12-19_12h28m53s,62,49,32
2025-03-18_01h54m19s,80,80,32
2025-12-03_21h34m06s,428,218,9
2022-05-23_14h50m19s,18,20,32
2019-01-01_01h03m53s,123,81,12
2018-10-04_13h15m33s,128,228,13
2019-01-25_20h27m41s,63,83,32
2022-07-23_22h57m20s,159,89,8
2021-09-09_22h12m59s,79,119,32
2018-09-13_00h55m36s,96,73,32
2018-09-07_00h49m45s,100,111,32
2024-05-02_20h59m37s,251,214,32
2023-06-15_19h25m07s,58,80,32
2020-08-11_15h16m00s,102,125,32
2025-05-15_19h23m34s,1095,226,32
2023-09-13_00h55m16s,200,373,14
2018-09-07_00h52m21s,101,122,32
2025-05-17_00h50m17s,1098,396,15
2023-12-12_22h36m43s,116,148,32
2020-09-21_14h39m02s,653,491,32
2021-07-15_22h34m34s,179,209,32
2022-05-13_18h30m05s,31,369,8
2023-12-12_22h36m12s,129,84,32
2024-10-28_11h50m56s,38,54,32
2025-05-16_02h42m38s,248,269,32
2021-12-10_22h01m33s,255,198,24
2024-12-11_19h53m09s,47,49,32
2016-11-17_18h00m42s,59,60,32
2022-05-23_14h50m59s,20,20,32
2024-12-11_19h56m59s,16,18,32
2023-02-21_10h54m55s,133,171,32
2023-11-02_08h57m04s,877,2644,32
2020-07-07_23h15m15s,78,68,32
2019-01-25_20h30m05s,89,90,32
2024-03-07_16h42m28s,22,49,32
2025-10-22_14h50m10s,667,503,32
2025-03-27_16h41m08s,448,386,32
2025-05-17_01h00m33s,2068,477,17
2023-12-12_13h13m30s,62,65,9
2022-10-26_23h02m35s,272,171,32
2025-08-05_15h32m29s,587,614,32
2021-09-09_19h19m39s,235,323,32
2022-10-12_22h55m46s,216,118,13
2022-04-16_08h22m39s,100,100,32
2024-12-11_20h29m28s,27,25,32
2023-07-13_17h10m10s,67,55,32
2021-12-01_18h49m56s,85,88,32
2024-03-25_12h21m08s,111,253,32
2021-05-04_21h17m41s,20,35,32
2020-07-07_23h15m53s,70,54,32
2019-10-29_21h53m09s,184,133,32
2024-12-11_19h57m13s,12,10,32
2017-02-27_15h20m11s,124,199,14
2023-05-10_21h49m58s,195,261,32
2024-12-11_19h57m56s,13,13,32
2020-11-16_11h15m09s,113,85,30
2024-03-07_16h09m47s,73,21,32
2022-03-28_11h51m46s,100,100,32
2024-05-11_05h15m25s,97,143,15
2021-09-11_20h16m34s,226,122,18
2019-01-25_20h39m58s,30,74,32
2021-12-17_17h50m52s,112,110,32
2018-09-08_01h05m09s,161,105,32
2021-11-19_23h24m54s,42,47,32
2023-02-28_21h22m30s,109,70,32
2022-10-26_22h15m00s,47,99,32
2024-12-11_20h19m26s,9,12,32
2024-12-11_20h17m31s,17,19,32
2025-12-03_22h08m53s,483,242,13
2020-09-29_08h19m45s,140,230,32
2024-12-11_20h36m24s,12,12,32
2023-06-15_19h22m56s,82,91,32
2020-09-29_10h31m00s,50,30,32
2022-07-16_07h42m33s,133,54,32
2021-12-02_00h41m12s,173,76,32
2016-12-12_11h58m03s,39,41,32
2021-01-29_18h18m22s,15,40,9
2022-04-16_08h18m07s,100,100,32
2021-02-11_10h43m26s,171,218,32
2024-10-29_03h32m04s,171,218,32
2021-12-01_18h00m04s,127,583,32
2023-09-05_16h36m15s,280,329,32
2022-10-31_22h28m04s,203,289,25
2023-06-15_18h35m19s,84,64,32
2025-11-25_18h21m19s,429,493,19
2024-12-11_20h18m40s,30,31,32
2022-10-12_21h39m25s,161,179,20
2024-12-11_19h46m18s,17,11,32
2025-05-17_00h49m26s,423,269,17
2024-12-11_19h57m28s,21,26,32
2021-01-06_20h58m42s,1,101,32
2021-01-07_20h49m31s,1,101,32
2024-12-19_12h28m03s,100,106,21
2022-10-26_22h31m39s,17,149,32
2021-01-06_21h19m21s,1,456,32
2021-01-07_20h31m10s,1,456,32
2016-11-22_02h05m21s,62,100,32
2021-12-10_21h52m17s,217,216,32
2023-09-27_13h40m13s,320,368,10
2022-04-16_08h22m12s,100,100,32
2024-12-11_19h54m23s,13,12,32
2018-07-12_05h45m53s,98,315,15
2024-10-28_08h48m28s,247,286,32
2023-07-12_18h37m52s,89,127,32
2023-07-17_12h41m56s,80,80,32
2024-03-07_16h41m53s,37,36,32
2019-01-25_20h38m45s,18,30,32
2022-10-26_22h46m56s,123,145,28
2022-07-23_22h49m15s,119,145,32
2018-07-13_05h07m12s,36,637,28
2023-11-26_13h35m06s,204,182,32
2020-06-23_22h16m27s,102,57,32
2020-02-25_21h02m28s,84,81,17
2019-05-07_20h58m07s,106,139,16
2023-02-24_14h53m26s,62,227,32
2022-10-26_22h28m18s,96,61,32
2024-05-23_19h17m47s,218,227,32
2023-04-06_09h26m10s,125,311,32
2022-04-16_08h17m52s,100,100,32
2021-01-06_21h06m12s,1,101,32
2021-01-07_20h37m34s,1,101,32
2024-03-07_16h43m26s,60,25,32
2021-12-15_22h37m28s,126,79,16
2023-12-12_22h36m28s,168,81,32
2019-01-25_20h22m13s,27,44,27
2023-04-12_09h04m22s,63,143,32
2021-04-26_21h27m54s,113,82,32
2022-05-23_14h50m02s,20,20,32
2023-05-23_12h33m43s,738,289,32
2018-10-30_11h52m30s,80,80,32
2019-01-25_20h40m57s,27,30,32
2024-12-11_20h30m40s,17,18,32
2021-05-04_20h32m54s,49,62,32
2019-01-25_20h36m42s,62,118,32
2024-03-01_16h12m06s,68,198,32
2019-08-14_21h36m47s,108,157,27
2023-04-19_15h09m31s,31,51,32
2019-03-29_10h03m00s,76,109,32
2022-07-16_08h06m25s,176,28,9
2023-05-02_13h15m11s,79,117,32
2022-04-05_01h59m18s,210,142,32
2022-01-31_18h55m13s,20,20,32
2021-12-14_22h11m44s,145,69,13
2025-10-08_16h46m30s,137,210,32
2021-07-21_16h26m33s,109,140,29
2023-06-15_19h22m12s,93,102,32
2024-12-11_19h55m22s,12,13,32
2024-10-25_08h45m14s,276,205,32
2022-06-11_22h42m21s,240,110,17
2025-09-30_10h30m54s,131,204,32
2024-03-04_15h21m01s,54,32,32
2022-06-11_22h44m09s,102,124,32
2025-03-18_09h01m53s,227,320,32
2019-11-18_23h58m58s,266,194,32
2023-06-15_19h13m22s,80,149,32
2024-12-11_20h30m51s,23,24,32
2023-12-08_14h04m44s,35,35,32
2022-07-16_08h01m50s,228,238,14
2020-10-07_16h39m47s,50,30,21
2021-05-04_20h51m33s,91,31,32
2024-06-19_19h36m52s,60,45,24
2025-10-01_17h31m11s,117,173,32
2025-05-16_00h04m41s,214,562,32
2024-12-11_20h23m49s,36,43,32
2017-02-27_15h06m24s,120,195,11
2019-04-20_00h55m20s,102,146,18
2021-01-06_21h11m17s,1,101,32
2021-01-06_21h12m48s,1,101,32
2021-01-07_20h32m25s,1,101,32
2022-04-14_14h45m46s,100,100,32
2023-09-07_06h10m42s,197,163,32
2023-02-24_01h14m23s,140,188,12
2021-04-14_18h12m56s,239,143,32
2022-07-16_07h59m11s,109,237,32
2021-12-15_22h08m56s,160,92,17
2024-03-07_16h43m15s,55,35,32
2020-06-10_16h44m30s,150,150,32
2022-10-31_19h30m10s,242,268,27
2025-01-29_16h28m17s,93,81,32
2019-03-17_22h37m16s,174,112,32
2023-12-12_22h35m59s,163,81,32
2025-09-09_20h59m11s,295,244,23
2025-11-18_17h02m28s,429,493,32
2022-04-16_08h23m12s,100,100,32
2019-04-30_21h50m46s,50,468,32
2025-03-19_16h20m57s,148,162,32
2024-11-05_12h30m04s,94,66,32
2023-12-08_14h03m53s,45,45,32
2021-09-09_22h12m14s,100,108,32
2025-01-30_11h17m17s,578,1434,32
2019-01-01_01h10m48s,79,61,18
2025-09-24_18h47m06s,128,155,22
2019-04-03_14h48m48s,68,99,25
2019-01-25_20h38m30s,38,72,32
2024-07-18_08h55m06s,51,462,15
2025-05-06_21h54m12s,142,295,25
2025-09-15_08h52m53s,593,652,32
2024-12-11_20h20m53s,44,41,32
2021-09-09_22h13m47s,119,107,32
2021-12-10_20h57m39s,152,103,14
2021-12-01_18h08m03s,279,83,18
2021-01-06_21h04m36s,1,101,32
2021-01-07_20h36m34s,1,101,32
2024-12-11_20h12m08s,22,22,32
2019-01-25_20h26m43s,32,37,32
2018-10-05_00h52m32s,102,120,32
2025-05-15_19h04m07s,84,168,32
2022-04-14_14h44m15s,100,100,32
2022-05-23_14h49m45s,20,20,32
2025-10-08_16h02m41s,2,5,32
2025-05-15_20h03m41s,770,230,32
2016-11-21_23h41m02s,113,147,32
2020-08-14_08h53m17s,95,143,21
2021-07-21_16h26m56s,323,131,32
2023-02-21_15h15m12s,121,236,32
2025-11-12_07h54m28s,281,300,32
2020-07-07_22h48m44s,78,72,29
2022-12-19_19h41m24s,238,189,32
2022-06-25_20h09m44s,121,82,32
2024-03-04_15h20m41s,62,26,32
2024-03-07_16h17m11s,40,37,32
2023-07-13_17h14m22s,67,64,32
2019-08-02_19h56m41s,157,347,9
2021-04-26_21h15m13s,84,62,32
2023-04-24_22h14m11s,190,136,11
2025-11-12_21h24m48s,237,301,32
2023-06-27_00h51m59s,110,133,32
2023-07-13_17h13m38s,60,65,32
2022-06-11_22h31m21s,72,145,32
2022-04-16_08h21m49s,100,100,32
2025-05-15_20h46m59s,391,885,26
2019-03-17_22h44m20s,142,197,32
2025-11-14_10h19m14s,157,195,32
2022-03-14_18h29m23s,45,36,32
2024-12-19_10h20m30s,74,147,31
2022-05-07_01h01m45s,178,130,8
2024-12-11_20h22m52s,45,29,32
2019-05-16_17h44m58s,172,197,32
2023-06-27_00h54m27s,56,183,32
2023-06-27_00h53m58s,139,112,32
2019-10-26_00h15m42s,175,151,32
2018-05-29_11h27m02s,50,50,14
2021-12-30_03h00m53s,38,80,14
2021-12-30_03h22m53s,38,80,8
2022-07-16_07h31m07s,207,77,32
2018-05-29_11h22m28s,50,50,14
2022-03-14_17h57m51s,30,50,32
2023-07-13_17h18m59s,188,61,32
2025-11-15_09h09m33s,261,229,32
2022-03-28_11h48m50s,100,100,32
2018-05-20_22h19m15s,48,254,32
2022-06-11_22h45m05s,119,118,32
2018-09-16_21h10m17s,103,98,32
2021-07-21_16h26m14s,157,125,12
2022-10-27_00h42m58s,76,114,32
2020-06-10_16h39m53s,250,250,32
2023-06-27_00h52m18s,83,114,32
2023-09-06_15h29m14s,197,163,32
2019-05-16_22h06m42s,178,211,32
2021-09-11_20h43m22s,173,84,32
2025-12-01_09h03m54s,399,354,32
2022-07-16_07h37m03s,135,164,17
2021-01-06_21h14m14s,1,101,32
2021-01-07_20h33m32s,1,101,32
2022-07-16_07h29m19s,216,199,26
2018-05-29_11h23m47s,50,50,32
2023-07-13_17h14m49s,74,53,32
2022-10-26_22h29m18s,74,108,32
2024-12-11_20h27m45s,17,15,32
2024-02-15_20h37m13s,386,264,32
2021-02-01_09h02m00s,150,150,16
2024-12-11_19h57m42s,17,15,32
2022-11-07_17h31m26s,173,193,14
2022-01-31_18h54m49s,20,20,32
2020-01-06_11h21m42s,232,187,32
2021-10-28_00h20m29s,275,174,32
2025-12-03_21h53m34s,502,270,16
2019-08-16_16h59m54s,182,256,32
2021-01-06_20h44m23s,1,100,32
2021-01-07_20h54m53s,1,100,32
2024-12-11_20h31m15s,22,20,32
2026-01-15_18h08m17s,461,329,10
2024-12-11_20h14m18s,19,22,32
2025-12-16_13h48m58s,163,1101,32
2025-06-22_13h55m04s,148,183,20
2020-10-09_00h27m01s,379,359,8
2020-10-01_08h16m14s,140,230,32
2022-10-17_22h16m11s,263,309,32
2024-05-02_22h28m15s,260,208,32
2018-09-13_19h01m31s,102,164,32
2019-04-03_15h58m34s,76,107,25
2025-05-16_00h57m40s,1318,407,32
2024-11-05_10h06m17s,96,82,23
2024-12-11_20h14m52s,12,10,32
2025-05-16_01h19m28s,1206,738,23
2022-10-26_22h57m04s,75,206,32
2021-11-22_20h00m41s,347,96,14
2023-03-21_10h21m28s,118,345,32
2019-05-31_20h44m58s,173,125,32
2019-01-25_20h41m33s,42,90,32
2019-03-18_10h55m00s,80,130,32
2021-12-10_22h06m18s,140,99,32
2022-04-16_08h23m36s,100,100,32
2023-02-17_10h06m17s,91,109,32
2022-11-21_23h06m51s,207,213,32
2022-03-16_18h46m57s,175,54,14
2023-05-17_08h38m26s,310,221,22
2025-05-15_19h11m43s,201,590,32
2025-05-15_19h50m48s,710,243,32
2019-01-07_06h44m16s,144,203,32
2022-10-31_22h34m54s,295,138,32
2022-07-16_07h45m35s,147,26,29
2021-12-10_20h27m46s,174,114,12
2021-06-15_09h33m26s,256,234,32
2019-08-07_20h04m17s,104,168,23
2023-08-01_19h05m28s,62,123,10
2025-09-28_01h41m40s,698,695,16
2021-09-27_18h57m26s,217,196,22
2022-11-21_23h37m01s,163,150,32
2019-06-25_21h52m46s,268,185,32
2016-11-17_19h58m51s,41,45,32
2024-12-11_20h15m20s,44,31,32
2024-10-21_13h12m02s,60,430,26
2025-11-10_08h41m01s,531,511,32
2019-05-01_23h15m19s,72,70,31
2025-01-16_00h07m04s,502,852,8
2024-08-05_10h37m24s,22,18,11
2022-04-11_10h26m29s,100,100,32
2021-10-11_22h02m30s,145,139,32
2025-04-19_02h27m28s,591,352,18
2017-02-27_15h21m19s,118,200,16
2022-06-25_20h04m20s,67,89,28
2022-01-31_21h56m23s,121,49,11
2019-01-25_20h28m34s,30,88,32
2025-04-20_23h51m46s,634,365,32
2019-01-25_20h24m11s,59,76,32
2021-07-21_16h26m23s,124,183,19
2021-09-09_19h38m52s,124,125,32
2024-12-11_20h16m25s,15,18,32
2025-04-16_17h14m26s,283,242,31
2020-01-15_22h30m43s,122,99,24
2021-12-01_18h59m25s,120,260,31
2025-01-09_16h14m42s,31,38,32
2023-06-27_00h51m39s,105,130,32
2022-12-19_09h18m59s,186,289,32
2024-10-28_08h49m48s,263,205,32
2024-12-11_20h14m33s,19,19,32
2025-05-15_19h03m24s,79,157,32
2024-12-19_10h25m05s,69,125,32
2023-08-05_13h51m43s,2295,2499,32
2019-01-25_20h22m45s,26,38,32
2025-12-10_20h00m07s,206,145,10
2022-07-16_07h57m12s,285,157,18
2024-12-11_20h28m41s,23,22,32
2017-02-24_15h46m45s,125,197,32
2021-09-11_20h45m11s,127,69,32
2022-10-26_22h22m32s,130,76,32
2022-07-07_09h50m35s,40,64,32
2024-09-18_00h49m44s,436,394,12
2022-07-11_16h03m35s,315,605,15
2024-02-29_14h11m21s,68,112,12
2019-01-28_00h48m00s,113,99,32
2021-12-15_22h16m00s,248,188,13
2019-09-18_15h11m07s,218,354,32
2024-03-04_15h20m23s,39,38,32
2024-10-12_11h33m23s,167,331,27
2025-01-15_22h31m17s,475,740,18
2025-09-09_21h02m18s,315,292,26
2022-07-11_16h05m49s,405,564,32
2020-10-08_08h54m35s,140,230,26
2024-04-03_09h59m47s,82,156,32
2024-12-11_20h34m40s,39,34,32
2020-09-30_08h33m44s,140,230,22
2024-12-11_19h56m44s,15,14,32
2022-07-16_07h15m48s,238,82,32
2022-07-16_08h00m45s,206,151,32
2023-02-20_14h21m09s,77,179,32
2025-06-22_13h57m51s,139,188,20
2022-06-25_19h56m30s,79,297,32
2024-12-11_20h21m49s,61,36,32
2025-05-06_22h31m14s,899,282,25
2020-06-24_13h06m58s,150,150,32
2025-10-06_10h20m34s,113,191,9
2023-06-02_09h42m00s,306,213,9
2019-08-08_00h15m10s,175,275,32
2019-01-25_20h43m04s,35,85,32
2025-08-22_18h25m43s,444,473,12
2023-07-13_17h20m28s,62,83,32
2022-04-11_10h35m03s,100,100,32
2023-07-14_16h49m20s,190,388,32
2022-10-27_00h45m17s,110,84,32
2018-09-07_01h02m31s,166,175,32
2021-12-10_21h01m39s,157,110,14
2022-04-11_10h28m11s,100,100,32
2021-05-04_21h19m10s,21,47,32
2020-07-07_11h19m57s,150,900,32
2020-06-12_11h32m24s,150,150,32
2025-01-21_18h06m18s,544,406,32
2018-06-08_17h02m23s,50,50,17
2023-11-02_21h49m19s,346,298,32
2018-08-23_17h37m10s,80,50,15
2025-06-22_13h56m40s,148,192,23
2020-02-27_10h30m32s,271,211,32
2023-04-12_09h26m08s,105,317,32
2023-08-01_08h36m40s,131,346,32
2022-04-16_08h22m38s,100,100,32
2023-08-01_19h02m02s,62,106,31
2023-07-26_09h21m13s,141,474,32
2022-11-07_17h32m15s,20,178,21
2023-07-13_17h22m37s,119,88,32
2024-12-11_20h36m07s,36,37,32
2025-01-15_23h51m00s,414,727,17
2022-03-28_11h56m02s,100,100,28
2024-03-07_16h42m52s,55,35,32
2024-12-11_20h11m56s,16,16,32
2023-11-02_08h55m38s,880,2658,32
2023-05-17_14h00m17s,125,195,32
2024-03-07_16h43m07s,66,25,32
2023-07-13_17h16m07s,183,58,32
2021-07-01_13h53m57s,100,100,32
2025-10-28_20h40m05s,183,332,9
2022-10-17_15h53m36s,80,80,32
2018-06-17_13h30m50s,20,20,22
2025-04-18_21h01m22s,2022,345,28
2016-11-21_23h40m05s,106,124,32
2017-02-24_15h47m37s,128,198,32
2025-01-09_15h54m58s,43,50,32
2023-07-31_07h24m15s,160,207,32
2023-08-09_09h14m18s,160,207,32
2022-03-28_11h56m06s,100,100,28
2023-08-20_07h36m46s,159,206,32
2024-12-11_20h27m27s,57,49,31
2021-04-26_21h29m55s,80,34,32
2025-11-27_15h26m51s,186,163,32
2025-01-23_19h03m49s,30,31,22
2022-06-25_20h06m35s,98,72,32
2024-10-07_22h03m24s,436,394,13
2024-12-11_20h29m41s,11,13,32
2025-09-24_18h50m00s,118,85,23
2024-12-11_20h31m03s,20,24,32
2023-02-24_17h47m14s,170,208,12
2025-09-24_18h51m29s,96,58,14
2023-02-24_01h34m00s,156,216,13
2025-12-17_08h29m01s,353,323,32
2021-09-11_20h39m45s,182,83,25
2023-05-10_21h07m23s,153,433,32
2023-10-09_14h29m18s,153,433,32
2025-05-16_01h26m40s,100,165,32
2022-10-17_15h51m26s,80,80,32
2023-09-12_02h11m49s,182,332,14
2023-11-01_11h33m19s,135,133,17
2018-09-14_18h15m42s,186,134,32
2022-08-30_18h23m39s,212,126,29
2023-07-13_17h19m44s,93,74,32
2024-03-07_16h44m10s,45,21,32
2024-12-11_20h23m35s,49,33,13
2022-05-23_14h51m14s,20,20,32
2023-02-27_08h56m17s,65,234,13
2024-11-05_10h05m10s,91,66,32
2026-01-15_03h43m43s,209,334,8
2019-01-25_20h37m00s,51,74,32
2022-10-18_15h33m11s,80,80,32
2020-06-09_15h44m32s,150,150,32
2019-03-20_12h04m16s,81,130,15
2023-04-18_15h33m49s,1,8541,21
2023-04-19_03h51m13s,1,8541,21
2020-06-03_14h00m15s,150,150,32
2022-10-17_22h29m04s,265,232,17
2020-06-04_12h18m53s,150,150,32
2019-01-25_20h23m33s,31,39,32
2024-12-11_20h26m31s,37,26,32
2025-09-24_18h50m33s,93,91,13
2019-06-18_09h35m15s,100,661,32
2019-04-30_21h51m42s,61,177,32
2019-05-02_22h57m40s,61,177,32
2022-10-18_15h34m37s,80,80,32
2022-03-09_19h12m43s,366,283,32
2025-05-16_08h27m53s,88,178,32
2025-09-24_18h49m00s,125,110,27
2021-09-27_19h13m28s,122,105,16
2024-12-11_20h25m32s,64,54,21
2018-09-16_21h16m30s,164,181,32
2019-01-25_20h41m15s,72,96,32
2021-06-18_07h25m16s,75,49,24
2019-01-25_20h42m33s,61,75,32
2022-10-31_21h29m06s,186,131,32
2023-02-24_08h56m57s,116,213,32
2020-06-23_15h01m43s,150,150,32
2021-09-09_22h14m45s,106,121,32
2024-12-11_20h30m16s,22,27,32
2024-12-11_20h29m03s,15,16,32
2023-09-07_13h18m50s,188,243,32
2016-11-21_18h40m08s,23,35,32
2022-06-09_20h32m28s,37,314,32
2020-06-24_13h07m45s,250,250,32
2019-01-25_20h28m24s,37,56,32
2022-10-18_15h32m39s,80,80,32
2026-01-06_11h52m46s,80,80,32
2024-12-11_20h15m32s,10,13,27
2024-12-19_12h28m30s,66,81,32
2024-12-11_20h28m53s,17,15,32
2024-12-11_20h16m12s,20,21,32
2023-08-25_16h10m50s,236,192,15
2025-11-25_13h26m32s,393,295,32
2024-10-31_15h04m05s,7,10,32
2018-07-12_05h43m15s,291,136,26
2025-01-15_23h54m25s,550,824,32
2022-05-18_01h15m37s,80,229,8
2022-10-17_15h50m46s,80,80,32
2018-08-17_15h59m07s,50,50,25
2023-09-07_11h22m29s,210,230,32
2023-05-08_13h39m16s,151,192,32
2022-04-14_15h07m57s,100,100,29
2022-10-29_05h44m48s,153,236,32
2020-06-23_21h25m37s,61,79,11
2021-07-21_16h26m03s,124,266,11
2024-12-11_20h26m16s,36,28,21
2022-10-17_15h52m54s,80,80,32
2024-12-11_20h30m28s,16,16,19
2017-07-26_18h25m14s,138,437,32
2024-12-11_20h22m40s,35,44,23
2022-06-11_22h46m07s,119,100,32
2025-03-25_06h19m42s,74,88,10
2023-05-10_20h03m32s,386,219,17
2023-10-09_14h28m20s,386,219,17
2024-08-23_15h23m31s,66,78,9
2021-12-10_20h53m07s,106,89,26
2016-11-22_02h01m00s,40,63,32
2022-05-23_14h50m42s,20,20,32
2018-06-17_14h01m10s,25,25,32
2025-05-16_02h36m20s,325,196,32
2019-03-26_12h54m24s,51,401,32
2025-11-14_13h44m04s,336,350,32
2020-10-07_08h44m10s,140,230,29
2017-05-30_06h56m05s,97,348,32
2022-09-17_20h36m06s,97,348,32
2021-01-25_13h09m42s,50,30,18
2022-06-25_19h49m59s,65,118,32
2018-05-24_11h23m11s,50,50,32
2025-12-10_09h32m14s,278,642,32
2025-09-24_18h51m35s,78,100,21
2021-04-26_21h50m46s,69,35,32
2023-09-12_17h08m06s,202,383,11
2025-01-16_22h48m10s,317,354,26
2022-10-17_15h59m07s,80,80,32
2020-06-18_09h57m09s,150,150,32
2022-07-16_07h24m32s,234,196,32
2019-05-01_23h06m34s,69,72,32
2025-04-21_01h19m38s,460,549,13
2020-09-24_09h18m37s,140,230,32
2021-01-06_20h50m02s,1,101,32
2021-01-07_20h43m57s,1,101,32
2017-03-10_22h40m53s,30,40,32
2021-06-18_07h26m04s,97,43,32
2024-12-19_10h29m23s,151,217,32
2020-06-03_14h08m51s,250,250,32
2022-05-16_11h22m05s,117,276,9
2022-07-16_08h03m42s,210,191,32
2024-12-11_20h34m19s,15,18,29
2016-09-28_21h03m29s,70,100,32
2022-11-03_21h15m04s,80,80,32
2026-01-06_10h05m02s,80,80,32
2026-01-06_10h33m22s,80,80,32
2026-01-06_11h35m34s,80,80,32
2026-01-06_12h09m12s,80,80,32
2022-07-16_07h54m08s,109,224,29
2018-05-29_11h25m14s,50,50,32
2025-04-20_23h35m05s,1720,470,8
2022-07-16_07h35m23s,255,78,15
2024-03-04_15h19m36s,45,35,32
2022-10-17_16h00m47s,80,80,32
2021-09-09_19h22m15s,147,148,21
2020-06-19_14h28m34s,250,250,32
2021-12-10_21h42m23s,150,85,14
2021-02-04_08h11m41s,150,150,32
2016-11-21_23h33m45s,48,67,32
2021-05-03_11h38m22s,149,197,32
2024-12-11_20h21m19s,22,22,32
2025-10-14_02h36m51s,125,164,32
2018-05-29_11h24m22s,50,50,16
2021-11-30_17h43m09s,168,125,31
2024-07-29_22h12m48s,30,35,32
2019-01-25_20h22m27s,32,39,32
2020-06-26_14h37m59s,150,150,25
2024-07-29_22h13m04s,24,36,32
2025-01-09_16h00m02s,31,39,32
2022-06-25_19h56m54s,86,302,32
2019-01-25_20h31m26s,63,81,32
2019-01-25_20h43m19s,43,70,32
2021-12-10_20h41m09s,102,46,12
2025-03-28_17h47m10s,338,725,16
2025-09-09_15h25m10s,341,370,32
2020-05-15_01h59m41s,235,166,32
2022-10-21_10h10m16s,80,80,32
2025-05-26_08h35m04s,302,328,32
2020-06-11_10h59m01s,250,250,32
2023-12-12_22h43m48s,124,214,32
2021-12-16_15h58m50s,43,80,32
2022-04-16_08h23m31s,100,100,32
2022-10-17_15h51m15s,80,80,32
2020-10-19_09h37m39s,40,40,17
2025-10-13_14h32m15s,314,414,19
2020-06-13_16h57m53s,150,150,32
2023-07-05_10h22m28s,30,66,32
2020-06-23_15h04m56s,250,250,32
2025-04-20_23h16m00s,130,289,32
2024-07-29_21h53m47s,13,16,23
2025-10-08_16h03m04s,2,5,32
2022-04-11_10h31m36s,100,100,28
2022-10-17_15h51m43s,80,80,32
2020-10-19_08h32m13s,140,230,16
2024-12-11_20h31m58s,13,12,25
2019-01-25_20h24m33s,45,45,32
2020-06-23_21h30m35s,106,74,12
2023-07-13_17h05m08s,68,54,32
2020-07-17_15h44m54s,150,150,32
2018-12-19_01h26m52s,46,60,30
2020-02-25_21h01m42s,219,196,10
2024-12-11_20h32m12s,21,19,32
2024-02-29_13h56m24s,68,111,13
2022-10-17_15h58m17s,80,80,22
2025-09-24_18h48m23s,124,127,13
2022-10-17_15h52m19s,80,80,32
2024-12-11_20h31m29s,11,13,32
2022-11-21_22h54m09s,107,169,32
2024-03-07_16h10m16s,28,28,32
2024-08-26_10h25m15s,143,202,22
2022-10-17_15h50m33s,80,80,32
2024-12-11_20h31m42s,44,31,24
2018-06-08_08h57m39s,60,60,32
2022-10-17_22h30m28s,276,174,23
2020-06-29_09h25m03s,250,250,32
2020-06-19_14h25m04s,150,150,32
2018-06-29_23h55m20s,140,150,32
2023-09-11_22h42m13s,253,444,10
2022-10-17_15h58m41s,80,80,32
2017-07-24_19h42m31s,103,376,22
2022-10-21_10h11m25s,80,80,32
2020-07-03_14h04m22s,150,150,32
2020-06-17_23h20m50s,250,250,19
2019-06-19_11h01m04s,351,100,32
2026-01-08_16h12m34s,22,130,32
2020-06-17_16h28m29s,150,150,32
2023-09-12_23h10m19s,214,398,11
2025-10-08_17h22m12s,1,10,32
2022-06-25_20h08m30s,124,77,32
2021-09-11_20h29m46s,225,109,17
2025-05-06_23h16m22s,1256,270,11
2023-02-22_20h34m02s,139,210,18
2018-06-13_14h32m29s,90,90,8
2022-04-11_10h24m59s,100,100,32
2022-12-22_11h50m30s,337,830,9
2020-06-26_12h21m52s,250,250,32
2022-11-21_23h17m14s,242,179,32
2021-06-18_07h25m44s,90,38,32
2019-05-07_20h30m33s,68,130,21
2025-04-21_21h11m27s,811,668,24
2020-06-04_12h18m19s,250,250,32
2023-07-13_17h15m16s,59,162,32
2017-02-24_13h41m16s,123,196,17
2024-12-11_20h22m03s,46,28,23
2018-05-29_11h23m11s,50,50,32
2022-10-17_15h58m48s,80,80,32
2025-11-11_03h51m32s,518,468,13
2022-10-18_15h33m01s,80,80,27
2023-07-28_17h21m49s,171,171,32
2024-03-07_16h35m44s,35,32,32
2023-05-31_19h01m23s,148,161,23
2023-09-12_01h11m29s,199,359,10
2024-12-11_20h30m05s,19,17,32
2026-01-08_16h13m03s,65,333,32
2018-08-21_11h23m25s,50,50,32
2023-05-03_09h35m25s,123,192,32
2021-11-30_17h50m30s,189,125,21
2020-07-17_15h42m34s,250,250,23
2023-02-17_10h17m06s,105,92,32
2024-03-04_10h19m16s,80,115,23
2020-06-05_13h36m40s,250,250,32
2022-10-17_15h53m30s,80,80,32
2025-10-13_11h56m19s,135,202,32
2023-04-14_03h40m59s,92,136,8
2018-06-17_15h28m06s,25,25,31
2021-09-09_19h29m14s,131,144,32
2022-10-17_15h58m05s,80,80,32
2022-04-03_20h36m28s,105,229,24
2019-08-14_21h39m26s,87,131,31
2022-04-16_08h23m55s,100,100,31
2021-01-06_20h55m46s,1,101,32
2021-01-07_20h47m27s,1,101,32
2023-02-24_00h49m18s,140,214,32
2024-06-05_13h28m26s,140,214,32
2024-06-07_15h15m46s,140,214,32
2024-07-15_10h22m30s,34,39,27
2016-09-28_21h01m00s,40,49,32
2024-02-29_14h35m49s,80,115,9
2024-03-19_17h08m03s,80,115,9
2016-11-22_02h00m18s,132,129,32
2020-07-03_13h31m36s,250,250,32
2020-06-18_10h04m30s,250,250,32
2022-10-17_15h58m32s,80,80,32
2025-10-08_16h44m06s,111,281,32
2022-07-16_07h41m50s,159,279,32
2022-07-16_07h14m38s,82,164,32
2016-11-21_23h39m29s,122,155,32
2025-11-11_02h20m26s,474,303,12
2025-09-24_18h48m42s,133,125,13
2020-07-01_11h31m40s,250,250,32
2021-04-06_22h38m10s,84,120,32
2022-07-16_07h38m57s,113,257,32
2024-12-11_20h41m04s,66,62,32
2024-12-11_20h32m24s,24,21,32
2017-03-11_19h45m55s,10,10,13
2026-01-16_21h07m48s,454,336,9
2023-02-17_10h17m17s,111,103,32
2025-11-11_02h24m32s,491,291,11
2020-07-02_13h38m50s,150,150,17
2017-03-28_16h18m53s,50,50,15
2022-10-18_15h32m45s,80,80,32
2024-08-26_10h42m40s,136,198,27
2025-01-15_15h46m18s,36,43,32
2019-08-07_19h44m29s,115,165,15
2024-07-29_22h15m17s,20,24,32
2024-10-14_18h04m22s,120,343,32
2020-07-02_09h39m51s,150,150,32
2024-10-15_09h14m56s,107,310,32
2024-12-11_20h29m14s,13,14,32
2025-09-22_22h11m22s,105,299,32
2025-09-09_17h12m27s,342,353,23
2021-06-28_03h09m59s,97,57,15
2020-07-15_11h48m44s,250,250,32
2022-10-17_15h58m25s,80,80,32
2019-01-25_20h29m24s,65,108,32
2018-05-29_11h21m59s,50,50,21
2025-11-21_10h10m34s,357,228,9
2019-04-30_21h53m27s,60,326,32
2022-10-17_15h52m35s,80,80,32
2024-07-29_22h13m19s,20,32,32
2022-10-17_15h53m01s,80,80,32
2024-03-07_16h43m49s,67,30,32
2019-01-25_20h40m46s,41,71,32
2018-10-06_01h10m58s,102,125,16
2021-11-04_16h55m26s,232,488,15
2017-03-10_22h42m56s,29,45,32
2021-06-18_07h27m03s,92,36,16
2017-02-24_14h07m42s,120,199,12
2019-01-25_20h30m43s,60,65,32
2025-01-21_17h08m45s,660,431,21
2022-10-18_15h32m56s,80,80,32
2021-01-23_21h42m40s,103,95,32
2016-11-22_02h05m48s,56,112,32
2025-01-06_12h04m32s,275,172,32
2021-12-10_20h33m03s,121,59,11
2018-06-19_17h55m51s,60,60,12
2020-12-09_22h30m47s,82,68,27
2024-05-29_16h40m54s,23,63,13
2024-06-26_03h56m41s,12,11,12
2022-10-17_15h58m57s,80,80,32
2022-07-16_07h22m12s,161,176,32
2021-07-01_13h56m49s,100,100,32
2022-10-18_15h32m51s,80,80,32
2022-10-17_15h51m37s,80,80,28
2019-07-19_20h47m37s,42,180,32
2021-01-06_20h48m12s,1,100,32
2021-01-07_20h39m48s,1,100,32
2020-06-22_11h20m19s,250,250,10
2021-01-06_21h01m01s,1,101,32
2021-01-07_20h51m30s,1,101,32
2025-01-23_19h31m21s,136,154,32
2024-07-29_22h04m26s,34,43,32
2025-05-26_08h36m33s,477,481,32
2024-12-19_10h24m37s,47,47,22
2023-08-10_08h24m51s,145,352,32
2025-10-08_17h22m21s,1,10,32
2019-04-29_17h12m19s,81,86,17
2021-11-04_16h59m15s,226,497,10
2019-04-26_11h19m22s,69,72,12
2020-10-08_17h42m05s,379,359,20
2020-10-08_19h59m11s,379,359,15
2019-07-29_23h28m17s,166,195,23
2018-06-13_16h07m27s,82,103,27
2021-08-02_19h16m42s,75,75,32
2023-09-11_18h53m27s,1867,4274,22
2024-08-26_10h34m01s,127,196,25
2025-01-29_16h29m40s,98,75,32
2022-07-16_07h49m38s,203,146,32
2021-09-27_19h36m01s,170,179,8
2023-06-27_22h59m29s,73,95,32
2023-03-01_13h24m33s,500,500,32
2024-07-29_22h13m57s,28,36,32
2021-11-22_19h41m06s,25,25,25
2021-01-06_21h03m34s,1,101,32
2021-01-07_20h53m04s,1,101,32
2018-09-13_19h01m05s,77,144,32
2018-05-29_16h52m17s,50,50,32
2020-07-20_16h03m42s,250,250,32
2022-10-17_16h00m41s,80,80,32
2025-10-08_16h39m59s,113,263,29
2020-07-20_15h57m58s,150,150,26
2022-03-28_11h56m07s,100,100,32
2025-01-23_19h09m42s,53,71,22
2020-05-19_21h56m17s,136,434,32
2022-02-17_14h13m03s,80,80,32
2024-07-29_22h13m32s,42,46,32
2025-06-24_16h02m08s,204,309,22
2024-03-11_10h53m57s,80,115,14
2024-03-11_16h53m05s,80,115,14
2021-06-16_18h28m24s,191,155,9
2018-09-16_21h17m40s,174,152,32
2016-11-17_20h02m10s,28,37,32
2022-10-21_10h12m09s,80,80,32
2024-07-29_21h54m02s,18,21,25
2023-06-09_11h28m27s,200,200,32
2024-12-11_20h29m53s,14,17,32
2026-01-04_19h48m30s,225,1094,32
2022-10-26_22h45m52s,69,103,32
2024-12-11_20h07m40s,12,17,32
2022-10-26_21h25m34s,162,180,32
2025-01-23_18h36m17s,27,31,22
2023-11-27_04h07m54s,304,188,32
2023-08-23_14h19m57s,47,216,32
2022-10-17_15h51m07s,80,80,32
2025-01-23_18h19m24s,14,11,32
2024-07-29_22h16m03s,41,39,32
2023-11-27_04h08m07s,232,204,20
2025-01-23_19h03m16s,24,23,27
2019-01-25_20h42m15s,45,52,32
2024-05-26_23h00m23s,202,346,13
2024-12-11_20h40m21s,46,56,30
2020-07-15_11h42m50s,250,250,32
2023-06-27_22h58m01s,106,73,32
2019-04-20_01h02m45s,42,114,32
2022-03-28_11h56m04s,150,150,13
2022-06-25_19h51m09s,121,77,24
2020-07-15_11h42m12s,150,150,15
2020-06-12_11h31m43s,250,250,32
2018-09-20_04h57m51s,115,87,32
2024-07-29_21h55m34s,49,49,23
2022-10-17_15h53m45s,80,80,27
2023-06-30_07h50m29s,150,150,15
2018-09-24_04h59m03s,126,118,32
2024-04-30_09h42m06s,84,161,32
2023-01-19_20h45m02s,301,401,32
2022-10-17_15h51m20s,80,80,32
2025-11-27_09h43m59s,385,350,32
2025-01-23_18h22m01s,33,28,32
2019-08-20_17h16m04s,129,328,8
2021-11-05_21h01m35s,180,392,9
2021-08-03_16h26m03s,75,75,32
2024-07-29_22h13m45s,49,41,32
2018-05-30_13h29m30s,91,89,9
2024-12-11_20h32m53s,20,23,32
2016-11-17_19h57m56s,35,52,32
2025-01-23_18h24m08s,29,29,32
2023-07-05_10h22m57s,61,46,32
2024-07-29_22h05m15s,24,32,26
2016-11-22_02h03m27s,100,118,32
2022-11-03_21h13m09s,80,80,32
2023-10-09_14h20m15s,109,270,11
2022-10-17_15h52m28s,80,80,32
2024-12-11_20h41m17s,51,49,32
2022-10-17_16h00m33s,80,80,28
2023-07-31_07h32m57s,171,171,32
2025-12-04_11h03m58s,860,746,16
2025-10-08_16h38m45s,132,303,32
2023-02-24_00h47m55s,140,195,16
2024-03-07_16h41m00s,72,36,32
2024-07-29_22h16m47s,33,45,32
2022-10-17_16h00m26s,80,80,21
2020-07-15_11h43m33s,150,150,10
2020-07-17_15h45m26s,250,250,32
2019-08-07_19h58m31s,176,269,16
2025-01-23_18h21m04s,14,14,32
2025-10-08_16h45m32s,107,291,32
2024-07-29_22h16m33s,18,21,26
2016-11-22_02h03m58s,61,106,32
2020-06-17_23h12m32s,250,250,25
2024-07-29_22h04m10s,24,52,29
2022-10-18_15h34m47s,80,80,32
2024-01-26_21h50m38s,198,234,8
2024-12-11_20h39m57s,53,50,26
2022-10-17_15h59m39s,80,80,32
2023-04-24_22h12m23s,128,191,13
2022-10-17_15h53m07s,80,80,32
2024-11-07_01h51m05s,279,182,32
2024-07-29_22h14m50s,24,40,32
2022-04-11_10h41m48s,100,100,21
2023-09-28_11h39m20s,922,2645,32
2022-10-18_15h33m06s,80,80,32
2022-10-17_15h59m46s,80,80,32
2024-10-10_15h16m01s,50,447,32
2016-11-22_02h03m42s,59,86,32
2025-09-24_06h54m16s,647,491,9
2023-07-05_10h23m23s,55,53,32
2017-03-29_18h46m32s,50,50,9
2025-03-19_16h15m47s,141,160,21
2022-10-17_15h52m44s,80,80,32
2022-10-17_15h51m54s,80,80,32
2022-10-17_16h00m53s,80,80,21
2025-12-04_10h36m48s,931,574,26
2023-02-22_13h30m46s,45,219,32
2024-07-29_22h04m59s,34,28,14
2022-04-11_10h23m28s,100,100,32
2019-04-23_22h26m21s,109,78,9
2018-09-08_01h09m34s,205,142,32
2024-07-29_22h15m49s,37,49,32
2022-10-17_16h00m13s,80,80,32
2024-07-29_22h16m20s,42,36,32
2019-06-18_09h46m27s,111,1651,32
2024-12-11_20h37m48s,30,40,31
2020-09-19_00h26m26s,163,190,12
2023-10-24_17h13m08s,365,318,32
2020-06-26_12h26m08s,250,250,32
2018-07-12_10h33m11s,100,100,32
2024-12-11_20h40m08s,43,46,28
2022-10-31_22h02m23s,241,287,15
2022-04-11_10h43m23s,100,100,32
2019-08-20_16h59m21s,80,211,21
2025-01-23_19h02m22s,37,23,14
2016-11-22_02h01m20s,51,60,32
2018-05-30_13h29m17s,97,72,26
2021-08-03_10h14m14s,75,75,32
2024-05-21_09h58m18s,648,569,22
2022-10-18_15h34m26s,80,80,32
2023-11-27_04h08m21s,145,84,13
2024-07-29_21h54m19s,40,56,21
2023-06-15_19h47m33s,875,2640,32
2023-09-28_11h33m43s,875,2640,32
2023-06-16_07h54m01s,956,2671,32
2025-01-23_18h24m39s,20,19,32
2025-01-23_19h14m05s,49,53,23
2024-07-29_22h03m25s,19,34,11
2022-10-17_15h59m26s,80,80,32
2023-02-23_22h46m15s,125,195,26
2022-10-18_15h34m42s,80,80,32
2025-09-24_11h21m32s,263,328,32
2025-05-20_08h17m30s,239,224,11
2019-04-22_20h23m01s,139,203,22
2025-10-28_21h23m49s,135,289,22
2019-05-01_23h19m11s,66,86,24
2024-07-29_21h57m38s,27,47,21
2023-09-10_07h41m35s,40,50,16
2023-09-28_11h44m16s,948,2629,26
2023-10-24_08h57m00s,136,120,32
2023-02-17_10h17m31s,105,115,32
2022-10-17_15h53m16s,80,80,29
2019-06-19_11h00m35s,351,221,32
2024-07-29_22h03m58s,43,41,24
2024-07-29_21h50m25s,40,47,13
2022-10-18_15h34m16s,80,80,32
2016-11-21_23h34m43s,46,91,12
2024-11-04_15h00m28s,40,50,22
2024-11-04_16h08m58s,27,35,11
2024-07-29_22h05m27s,23,37,32
2024-12-02_10h22m51s,702,2474,32
2025-10-08_17h22m03s,1,10,32
2022-10-18_15h34m31s,80,80,32
2025-01-23_18h23m16s,29,26,32
2024-12-11_20h37m10s,39,41,32
2023-11-27_04h08m17s,318,187,17
2024-01-16_21h50m01s,218,219,32
2023-04-11_09h18m25s,130,49,32
2024-07-29_21h52m31s,29,43,32
2019-06-19_11h02m15s,351,100,32
2025-01-17_16h06m52s,255,368,27
2023-06-07_09h55m21s,200,200,32
2025-11-11_09h11m22s,379,372,32
2025-11-13_08h18m08s,379,372,32
2024-12-02_10h24m02s,1262,3722,32
2024-07-29_21h57m49s,30,42,22
2024-07-29_21h55m17s,23,20,32
2023-09-07_11h00m06s,495,736,32
2023-02-24_00h37m17s,133,198,21
2023-06-09_10h38m10s,502,314,14
2020-06-09_15h48m42s,250,250,32
2016-11-17_17h58m41s,56,75,32
2023-09-20_09h58m07s,20,20,10
2024-12-11_20h46m04s,45,39,26
2024-12-11_20h37m35s,38,58,28
2024-07-29_22h15m35s,38,41,32
2023-11-27_04h08m13s,205,82,31
2023-06-01_19h16m41s,1739,5298,32
2022-10-17_15h59m58s,80,80,32
2024-07-29_22h03m06s,23,31,32
2017-04-14_08h30m43s,80,100,14
2022-10-26_21h26m51s,112,195,29
2022-10-26_21h30m03s,189,163,32
2024-12-11_20h40m35s,55,64,27
2022-10-17_16h00m06s,80,80,32
2017-03-29_20h23m06s,50,50,9
2019-06-18_10h25m45s,1167,750,32
2025-10-08_16h35m52s,140,279,25
2019-06-13_20h00m49s,151,991,32
2023-09-28_11h13m13s,861,2651,32
2024-07-29_21h52m53s,33,39,12
2022-10-21_10h11m54s,80,80,32
2024-07-29_22h03m42s,23,33,12
2025-01-23_19h15m11s,75,90,13
2025-01-23_19h24m00s,75,90,13
2024-07-29_22h04m39s,23,15,17
2024-10-26_04h01m43s,322,522,9
2025-01-23_19h28m19s,26,39,13
2020-06-30_09h06m36s,250,250,31
2024-12-11_20h39m31s,23,29,32
2022-04-07_02h40m42s,52,143,20
2021-07-14_15h52m11s,215,447,26
2018-05-29_11h27m48s,50,50,21
2025-06-24_16h31m14s,259,371,32
2019-06-18_11h10m10s,100,475,32
2019-05-10_19h06m41s,257,209,32
2023-05-25_13h31m40s,748,651,32
2023-09-28_11h23m51s,1032,2708,32
2019-03-06_23h29m19s,152,201,32
2025-10-08_17h21m43s,1,10,32
2019-08-20_17h06m58s,128,326,14
2024-12-11_20h38m39s,33,31,31
2025-05-16_08h26m59s,659,211,32
2025-01-23_19h10m06s,24,38,11
2024-01-16_21h28m13s,224,205,32
2025-10-08_17h22m29s,1,10,32
2020-07-02_09h43m33s,250,250,32
2022-05-30_19h16m00s,300,500,24
2025-05-16_08h24m35s,182,104,32
2024-11-07_01h47m04s,276,164,32
2019-08-31_00h28m11s,165,257,19
2020-08-25_00h12m08s,178,270,8
2025-01-23_18h25m33s,16,22,32
2025-01-23_19h32m33s,101,125,22
2022-10-17_15h59m14s,80,80,32
2022-07-08_21h54m24s,120,100,15
2018-05-23_15h10m59s,5,1,32
2019-08-31_22h28m52s,252,177,13
2016-11-22_02h04m32s,75,111,32
2023-11-27_04h08m34s,204,192,32
2025-01-23_18h35m37s,29,26,16
2021-05-25_19h34m34s,146,177,10
2021-05-26_16h03m21s,146,177,10
2021-07-14_16h28m01s,215,447,32
2024-12-11_20h38m23s,45,42,28
2022-10-21_10h11m42s,80,80,32
2023-06-16_10h46m46s,98,284,31
2023-02-17_10h09m24s,107,96,32
2024-07-29_21h54m48s,31,35,22
2025-01-23_19h09m01s,32,32,15
2016-11-17_20h13m28s,61,75,32
2024-07-29_22h15m03s,22,43,32
2022-10-21_10h10m51s,80,80,27
2016-11-21_23h35m13s,48,64,32
2019-06-25_22h19m11s,134,153,10
2025-05-20_08h13m04s,232,194,17
2022-10-21_10h11m31s,80,80,32
2025-01-23_18h38m07s,22,24,15
2023-07-04_10h26m22s,308,234,20
2023-02-23_22h43m42s,131,176,32
2023-01-05_10h55m02s,842,272,15
2022-10-21_10h11m46s,80,80,32
2021-11-04_17h12m10s,195,361,8
2024-12-11_20h37m59s,42,35,32
2025-01-23_19h33m20s,39,43,13
2019-09-05_21h34m25s,368,294,19
2024-07-12_04h03m29s,36,34,23
2023-06-21_18h27m40s,452,987,8
2022-10-21_10h11m36s,80,80,32
2025-01-23_19h08m00s,73,51,21
2018-06-12_11h21m38s,97,72,13
2018-06-22_18h12m28s,60,50,25
2023-06-18_14h51m30s,94,275,32
2023-11-26_15h23m06s,207,194,32
2022-01-31_09h55m03s,350,310,10
2023-01-19_20h59m24s,334,224,32
2024-12-11_20h38m52s,51,60,27
2025-01-23_18h36m54s,33,16,13
2019-05-07_20h47m43s,74,139,9
2022-10-18_15h34m21s,80,80,32
2023-06-07_13h28m32s,355,254,18
2019-05-01_23h14m18s,71,93,22
2025-01-23_18h37m15s,27,27,13
2023-02-17_10h08m13s,92,104,32
2016-11-22_02h04m12s,52,91,32
2025-08-19_09h50m00s,60,344,32
2024-07-02_13h47m39s,521,417,32
2025-06-26_09h26m30s,119,379,27
2024-06-25_08h14m48s,99,108,13
2018-06-19_12h22m30s,67,116,12
2025-01-23_18h49m06s,33,25,31
2022-10-21_10h10m46s,80,80,29
2022-05-31_10h26m09s,100,300,11
2025-03-18_08h39m08s,334,241,32
2024-12-11_20h38m11s,27,40,20
2024-09-19_21h03m34s,307,341,26
2016-11-21_23h38m53s,42,83,32
2024-10-21_13h14m26s,50,284,31
2023-06-18_14h51m51s,98,272,24
2025-08-19_15h40m08s,210,171,15
2022-01-25_08h09m47s,300,500,24
2025-10-08_17h21m54s,1,10,32
2022-05-30_20h18m04s,200,200,32
2022-10-21_10h12m03s,80,80,32
2022-10-21_10h10m29s,80,80,26
2018-10-10_16h26m23s,74,74,32
2025-06-26_10h27m59s,171,318,32
2024-07-09_11h56m00s,273,193,20
2021-12-03_23h38m06s,23,53,16
2018-10-10_16h26m45s,73,74,32
2024-12-02_12h22m27s,1576,6465,32
2023-06-16_11h48m35s,104,276,31
2020-06-22_11h30m55s,250,250,8
2023-11-27_04h09m11s,148,141,32
2024-12-11_20h45m04s,56,37,28
2017-04-13_19h21m14s,40,50,31
2025-04-22_08h34m53s,209,339,11
2018-05-29_11h27m19s,50,50,32
2022-10-21_10h10m21s,80,80,32
2025-09-22_22h20m01s,105,299,11
2025-01-23_18h55m06s,22,22,17
2024-12-11_20h44m27s,25,31,13
2019-04-23_21h23m36s,52,150,8
2022-10-21_10h10m25s,80,80,32
2025-08-19_08h57m51s,187,171,9
2025-06-24_14h51m14s,163,385,32
2019-09-05_22h06m39s,189,278,16
2019-06-18_10h29m22s,575,200,32
2018-06-12_13h38m16s,91,89,13
2019-04-26_01h16m02s,180,230,11
2019-06-06_22h03m51s,163,249,8
2019-06-07_00h10m17s,163,249,15
2019-08-31_00h34m52s,75,156,17
2023-11-27_04h08m38s,251,88,32
2018-08-15_06h00m28s,54,248,21
2025-01-23_18h29m12s,21,20,24
2022-01-07_13h40m11s,106,176,14
2024-06-25_08h17m12s,129,97,13
2019-05-10_00h32m36s,130,164,21
2025-04-14_09h34m27s,317,267,27
2016-11-22_02h01m48s,52,92,32
2022-05-31_10h26m26s,100,300,15
2016-11-22_02h05m33s,50,63,13
2024-08-26_11h19m36s,150,188,9
2018-06-19_10h27m28s,82,103,10
2026-01-13_22h13m08s,68,95,32
2021-02-08_09h01m04s,150,150,11
2025-01-23_18h39m20s,31,24,24
2026-01-13_22h03m25s,81,81,14
2023-06-15_12h53m10s,105,277,23
2025-01-23_18h28m50s,28,28,31
2025-12-01_18h30m26s,361,304,11
2019-06-13_20h45m05s,190,1240,32
2024-06-12_15h50m34s,259,473,10
2025-01-23_18h54m35s,28,23,14
2025-04-14_09h06m15s,260,210,19
2025-04-29_01h19m33s,496,310,32
2023-06-15_12h31m18s,97,285,32
2021-05-17_15h30m15s,6,5,11
2024-12-11_20h44m42s,31,28,13
2026-01-13_22h32m27s,51,48,16
2023-11-27_04h08m51s,232,195,32
2025-04-14_09h00m43s,197,256,16
2025-03-14_13h30m04s,131,102,9
2025-03-17_09h52m42s,131,102,9
2025-11-25_00h48m46s,168,321,10
2024-12-19_12h07m25s,66,81,25
2025-03-31_10h49m02s,172,191,23
2023-08-04_08h24m23s,151,215,32
2016-11-18_15h12m44s,76,81,32
2025-10-10_18h29m47s,128,204,16
2025-01-23_18h56m12s,39,62,32
2024-12-11_20h42m53s,22,20,8
2023-01-18_15h42m25s,189,197,32
2025-01-23_18h38m59s,22,38,12
2024-12-11_20h45m29s,24,28,27
2021-07-27_10h34m15s,253,250,9
2025-03-18_11h46m16s,367,456,32
2025-01-23_18h26m39s,24,39,32
2024-09-10_21h28m37s,488,631,8
2018-06-19_14h51m48s,89,90,9
2024-12-02_12h28m30s,2047,6763,23
2022-10-21_10h10m40s,80,80,32
2024-08-26_11h42m41s,138,189,8
2025-01-23_18h39m45s,31,29,13
2025-01-23_18h28m31s,18,21,23
2016-11-22_02h02m45s,40,71,32
2023-11-27_04h09m03s,154,101,32
2024-08-26_10h57m51s,140,195,9
2018-06-19_17h56m29s,50,50,11
2025-12-01_18h02m51s,430,267,21
2025-01-23_18h43m21s,33,27,15
2020-05-13_22h55m16s,195,169,14
2023-11-27_04h08m31s,142,87,23
2016-11-17_20h05m40s,99,104,32
2023-07-22_09h50m03s,178,363,32
2025-01-23_18h52m53s,24,19,8
2024-12-11_20h39m43s,16,18,26
2024-12-11_20h40m48s,12,14,16
2024-06-26_03h47m05s,15,31,18
2024-05-29_14h58m42s,66,152,32
2022-10-21_10h10m34s,80,80,31
2025-04-15_08h37m04s,91,120,30
2021-02-24_13h06m24s,150,150,11
2023-11-27_04h08m27s,287,162,27
2025-01-23_18h30m54s,16,18,13
2021-05-27_16h07m38s,1511,1119,8
2025-01-23_18h40m31s,20,23,14
2024-12-11_20h46m16s,34,36,14
2025-01-23_18h32m05s,20,17,11
2019-04-25_21h04m50s,121,158,15
2023-11-27_04h08m55s,131,108,32
2023-11-26_15h23m09s,185,102,16
2023-01-18_15h40m36s,408,341,15
2019-08-20_16h53m44s,68,206,8
2021-08-02_15h45m02s,75,75,32
2024-03-21_17h13m08s,183,188,8
2016-11-22_02h02m59s,37,48,25
2023-11-27_04h08m45s,89,101,32
2023-11-27_04h09m18s,142,128,32
2025-01-23_18h54m11s,26,28,16
2020-05-13_22h52m57s,165,208,17
2024-06-25_11h38m02s,15,31,17
2025-01-23_18h38m33s,21,26,15
2025-01-23_18h55m55s,16,21,32
2024-07-12_07h18m29s,32,45,10
2025-01-23_18h41m11s,33,29,13
2021-12-02_15h44m19s,20,20,32
2021-06-08_13h08m53s,250,300,32
2024-12-11_20h44m53s,19,16,13
2021-02-08_09h01m29s,150,150,32
2025-01-23_18h56m44s,18,23,9
2025-01-23_18h29m39s,23,22,11
2023-01-13_15h22m08s,394,269,21
2019-04-25_21h09m57s,130,131,9
2024-12-11_20h45m16s,31,32,13
2023-11-27_04h08m59s,253,206,32
2023-01-18_15h41m08s,273,394,23
2019-04-25_21h12m15s,149,209,8
2023-11-27_04h09m07s,291,204,32
2023-03-17_13h54m41s,1729,3433,32
2024-12-11_20h37m21s,20,19,8
2022-03-04_11h20m44s,261,129,12
2018-06-19_16h35m33s,90,90,10
2025-01-23_18h57m09s,31,30,8
2024-12-11_20h45m53s,24,27,12
2025-01-23_18h57m55s,24,29,10
2021-08-09_17h33m00s,101,122,8
2024-12-11_20h46m28s,20,21,12
2023-11-27_04h09m15s,209,196,27
2023-11-27_04h08m41s,251,181,32
2022-03-04_10h05m05s,191,191,13
2022-03-04_11h34m22s,182,178,14
2021-05-25_19h34m53s,133,101,8
2021-05-26_16h03m36s,133,101,8
2025-02-17_08h54m37s,113,92,32
2023-08-01_08h47m46s,144,163,24
2023-02-23_22h35m34s,135,199,18
2024-12-11_20h42m36s,30,27,12
2022-11-01_04h10m25s,12,17,10
2018-07-25_09h06m12s,104,89,11
2018-05-30_18h51m08s,25,25,13
2025-02-17_08h53m39s,104,108,32
2024-06-25_11h22m17s,15,31,9
2023-02-23_22h40m19s,154,193,17
2023-08-09_06h11m51s,187,171,32
2021-05-25_19h35m19s,183,147,8
2021-05-26_16h04m00s,183,147,8
2024-07-29_22h20m31s,23,40,9
2024-09-26_23h57m31s,182,176,22
2022-03-04_09h19m57s,169,213,16
2025-02-17_08h52m41s,102,113,32
2024-12-11_20h42m21s,19,16,8
2025-02-17_08h56m23s,102,86,32
2024-07-29_22h19m26s,37,39,14
2024-09-27_00h08m08s,221,225,8
2023-02-23_22h23m18s,113,172,32
2023-02-23_22h32m58s,125,192,27
2024-09-27_00h20m26s,221,225,15
2022-04-07_05h30m15s,206,64,32
2025-12-10_17h24m12s,106,140,9
2022-11-14_05h15m11s,512,512,17
2023-03-20_07h35m39s,189,242,9
2023-06-02_05h14m56s,512,512,13
2022-08-30_00h14m07s,140,68,22
2023-07-16_11h31m39s,21,81,32
2022-08-29_22h13m30s,114,48,32
2022-08-30_18h05m31s,148,65,32
2022-08-29_23h12m52s,185,64,23
2024-06-12_15h42m44s,262,455,18
2021-09-14_19h08m05s,213,56,32
2021-09-14_18h57m03s,203,59,32
2022-08-25_23h56m13s,107,57,32
2022-08-24_19h47m17s,183,56,14
2022-08-26_00h06m52s,102,50,14
2023-07-04_09h18m44s,60,105,22
2023-08-29_12h24m36s,275,429,11
2025-04-14_10h18m43s,259,232,13
2022-08-30_00h07m11s,130,52,31
2025-04-22_13h48m23s,325,202,11
2024-10-03_12h49m35s,184,123,16
2025-10-30_19h46m51s,310,194,13
2025-10-24_17h07m48s,339,243,8
2022-08-29_21h38m19s,135,66,32
2022-08-29_22h01m38s,135,66,32
2022-08-30_00h27m19s,220,129,11
2022-08-30_17h14m16s,242,156,21
2025-03-22_08h05m10s,108,153,22
2025-10-30_20h03m38s,320,145,10
2023-06-02_05h13m52s,512,512,14
2022-08-29_22h21m50s,104,56,10
2022-08-29_23h26m38s,188,60,9
2024-02-27_17h29m40s,458,1011,15
2024-12-11_15h41m27s,175,320,17
2025-11-15_01h06m03s,48,70,14
2018-08-15_06h10m47s,58,203,13
